Type,Treated,Treated,Treated,Treated,Treated,Treated,Treated,Treated,Treated,Untreated,Untreated,Untreated,Untreated,Untreated,Untreated,Untreated,Untreated,Untreated,No_Ag,No_Ag,No_Ag,No_Ag,No_Ag,No_Ag,No_Ag,No_Ag,No_Ag,,
200.908,2455.14,3259,3234.5,2523.21,2468.36,2313.21,2469.07,2265.86,2578.43,3283.14,3041.14,3152.86,3065.36,2750.43,2796.43,3057.07,3125.57,3199.29,411,404.571,415.429,636.143,634.143,607.929,499.429,531.5,551.071,,
202.721,2455.14,3259,3234.5,2523.21,2468.36,2313.21,2469.07,2265.86,2578.43,3283.14,3041.14,3152.86,3065.36,2750.43,2796.43,3057.07,3125.57,3199.29,411,404.571,415.429,636.143,634.143,607.929,499.429,531.5,551.071,,
204.535,2484.79,3246.79,3226.43,2516.43,2469.79,2299.36,2464.14,2251.86,2554,3287.57,3048.93,3161.86,3043,2724,2790.71,3027,3132.14,3185.71,417.357,412.786,419.857,656,635,627.429,511.214,537.5,552.429,,
206.347,2445.57,3222,3224.64,2514.93,2447.5,2278.57,2448.71,2242.21,2542.14,3249.79,3013.5,3140.57,3036.86,2729.93,2766.79,3016.36,3113.21,3141.79,412.286,414.571,419.071,649.071,631.214,614.5,504.429,527.786,549.929,,
208.161,2453.71,3221.5,3191.64,2476.93,2424.79,2281.71,2427.64,2222.71,2539,3246.43,3006.79,3147.86,3036.5,2687.79,2757.64,2994.71,3106.36,3157.36,410.929,416.5,420.071,641,631.857,605,497,524.286,548.429,,
209.972,2437.93,3202.86,3180.93,2483.93,2412.07,2253.86,2426.57,2227.93,2541.21,3232.29,2970.29,3145.36,3018.07,2694.79,2726.21,2983.71,3085,3125.71,414.571,416,416.714,637.857,619.643,606.571,497.786,526.929,544.5,,
211.785,2420.36,3183.07,3152.79,2472.64,2404.64,2236.86,2416.36,2214.36,2522.79,3206.5,2966.86,3135.57,2978.64,2672.07,2737.43,2971.5,3076,3105.93,414.071,406.214,414.429,633.5,623.571,607.286,499.5,515.643,549.143,,
213.598,2418.86,3153.07,3142.71,2451.64,2409.07,2230.64,2406.93,2202.21,2488.71,3211.36,2954.57,3111.29,2978.71,2671.07,2731.64,2961,3073.43,3113,415.357,409.5,412.429,637.429,613.929,610.571,498.286,515.643,543.286,,
215.408,2403.07,3131.29,3135.86,2430.86,2357.36,2226.43,2388.64,2183.43,2499.43,3182.5,2922.79,3112.14,2964.79,2657.79,2727.79,2941.43,3044.71,3082.57,412.929,402,409.714,630.929,617.286,608.429,491.286,520.286,538.571,,
217.22,2396.43,3131.71,3132.93,2425.57,2368.07,2204.79,2380.14,2191.93,2463,3163.07,2917.93,3062.79,2958.64,2638.29,2703.07,2944,3036.29,3093.07,407.214,408.714,414.714,628.214,620.357,605.857,497,521.857,543.286,,
219.029,2380.07,3130.21,3104,2429.43,2372.21,2205,2383.86,2161,2479.36,3150.93,2917.57,3075.21,2952.29,2630.86,2700.86,2926.71,3022.64,3076.5,403.643,409.429,413.714,634.786,608,603.357,500.714,526.357,536.786,,
220.841,2372.57,3115.64,3079.86,2414.14,2364,2204.57,2360,2164.57,2464.29,3140.14,2896.79,3055.71,2940.21,2630.5,2664.71,2912.86,3019.29,3046.36,411.429,407.429,411.929,634.214,615.857,609.643,497.214,517.286,540.429,,
222.65,2348.07,3087.79,3102.36,2418.36,2355.29,2210.14,2361.43,2153.64,2468.86,3121.5,2900.29,3062.43,2944.36,2617.79,2659.79,2899.07,2994.07,3047.36,411.286,418.143,411,623.786,615.857,607.357,504.429,523.143,536.929,,
224.46,2359.64,3087.93,3074.07,2403.79,2354.36,2195.79,2358.36,2153.64,2465.29,3120.93,2888,3075.64,2930.14,2628.86,2670.29,2903.21,2988.79,3026.29,406.143,406.143,414,629.786,602.929,600.429,495.786,522.571,538.929,,
226.268,2369.21,3098.5,3086.07,2404.86,2355.5,2192,2340.86,2148.71,2460.57,3116.43,2856.5,3055.93,2926.21,2608.71,2661.43,2879.29,2978.14,3028.43,406.143,399.929,406.857,633.214,608.643,607.286,491.571,520.214,539.357,,
228.076,2347.21,3092.21,3073.64,2379.64,2340.14,2184.43,2359.86,2149.43,2453.71,3093.36,2885.93,3055.64,2928.86,2609.79,2668,2892.43,2966.71,3024.57,404.786,410.786,407.786,631.071,608.857,600.786,502.357,517.071,535.786,,
229.885,2347.71,3086.29,3085.71,2395.93,2336.86,2181.57,2340.57,2132.07,2440.21,3122.14,2881.36,3048.57,2916.86,2598.93,2643.43,2867.64,2982.29,3022.5,408.286,405.786,413.5,620.5,614.071,603.786,496.071,517.714,541.286,,
231.693,2348.57,3074.64,3072.21,2363.79,2324,2184.36,2343.29,2137.14,2446.36,3089.36,2874.43,3051.93,2903.93,2577.57,2643.57,2875.21,2969.93,3016.5,403.929,400.929,408.143,631.286,608.143,606.071,494.429,524.071,533.786,,
233.501,2342.64,3058.14,3057.86,2357.07,2317.14,2183.5,2322.86,2137.21,2438.79,3073.43,2846.57,3055.79,2898.36,2595.14,2635.93,2852.64,2955.14,2998.86,403.643,401.857,413.071,633.429,615.714,601.929,493.5,512.214,538.071,,
235.308,2313.71,3081.43,3062.64,2357.71,2310.14,2165.36,2308.79,2129.14,2432.21,3061.29,2830.64,3019.57,2881.86,2588.43,2629.71,2834.79,2951.57,2966.36,406.071,399.571,407.929,626.5,607.714,601.643,492.429,514.929,529.786,,
237.116,2336.71,3063.07,3027.43,2358.07,2314.86,2161.29,2316.36,2116.71,2415.93,3036.93,2836.29,3007.64,2873.64,2567.43,2617.5,2821.86,2939.5,2958.57,408.571,400.714,407.714,627.786,602.714,597.357,498.5,520.286,539.429,,
238.921,2336.71,3064.5,3053.14,2360.93,2293.93,2142.5,2322.64,2113.07,2410.71,3029.71,2808.29,3010.43,2882.79,2552.36,2599.43,2810.07,2904.43,2941.57,404.5,403.714,403.5,625.786,604.286,599.5,483.571,516,534.643,,
240.729,2311.14,3054.86,3034.14,2343,2287.07,2146.79,2310.14,2093,2430.21,3003.36,2806.64,3014.14,2848.86,2538.79,2600.21,2808,2886.43,2940.86,402.143,402.071,408.571,618.214,605.357,584.929,494.857,507.071,540.571,,
242.534,2286.93,3029.64,3027.86,2334.14,2289.29,2150.21,2295.71,2097.07,2399.93,3014,2783.29,2995.5,2838.43,2516.71,2547.64,2796.64,2882.21,2922.36,400.714,395.571,401.429,611.429,611.429,595.786,482.929,515.643,535.857,,
244.338,2299.71,3037.07,3022.21,2342.86,2287.79,2139.43,2287.93,2084.43,2409.71,3003.5,2765.64,2989.07,2818.29,2505.57,2563.5,2773.86,2856.07,2913,395.143,403,405.357,613.786,603.786,588.357,487.786,511.929,534.643,,
246.145,2279.71,3038.86,3015.93,2322.71,2270.43,2113.5,2298.21,2088.36,2397.21,2983,2756.71,2962.57,2828.43,2514.79,2544.79,2765.43,2837.43,2891.36,401.214,404,398.643,617.143,597.571,583.429,487.286,514.5,533.5,,
247.949,2274.57,3022.93,2999.5,2314.79,2275.07,2102.07,2293.93,2073.93,2381.64,2975.79,2729.21,2968.36,2816.14,2506.5,2525.21,2775.14,2834.36,2904.57,400.643,395.071,399.929,616.643,597.429,598.143,494.571,517.571,527.286,,
249.754,2256.21,3008.64,2988.14,2306,2259.29,2111.93,2277.57,2069,2377.21,2938.57,2732.64,2960.36,2800.21,2481.5,2528.36,2748.79,2831.21,2888.21,401.571,397.786,400,614.357,601.5,583.214,479.286,508.143,526.571,,
251.557,2241.71,3009.57,2981.71,2275.86,2232.93,2084.5,2237.29,2036.43,2362.29,2930.43,2712.07,2925.36,2788.14,2473.57,2525,2736.64,2808.36,2848.57,393.929,391.714,399.071,611.857,592.143,582.643,483.714,508.429,525.786,,
253.36,2213.14,2978.5,2953.64,2270.36,2221.71,2075.21,2240.21,2042,2342.86,2920.36,2697.21,2925.14,2757.86,2462.57,2500.5,2717.07,2776.07,2850.43,390.786,394.643,394.143,607.357,588.214,584.929,480.286,504.714,519.857,,
255.165,2204.93,2968.57,2940.07,2261.64,2219.21,2078.29,2237.43,2031,2339.93,2906.71,2687.57,2901.57,2753.57,2457.36,2477.36,2690.07,2786.93,2817.57,396.5,393.071,395.214,607.929,591.071,583,476.071,504.143,525.5,,
256.967,2197.29,2962,2944.14,2245.71,2222.21,2061.29,2229.64,2025.86,2333.86,2891.36,2664.29,2887.43,2738.86,2417.71,2466.14,2688.36,2770.86,2822,398.143,391.643,395.571,603.071,583.857,580.214,486,506.071,526,,
258.771,2198.64,2953.5,2927.79,2253.07,2210.21,2075.93,2234.36,2014.64,2324.64,2881.93,2646.21,2877.93,2727.14,2434.93,2456.36,2681.86,2764.93,2796,387.643,388.143,393.357,604.071,579.929,580.286,480.786,502.214,519.429,,
260.572,2188.07,2941.64,2930.14,2255.07,2190.86,2041.29,2225.14,2007.36,2330.57,2860.57,2653,2866.57,2707.64,2410.79,2443.14,2662.86,2738.71,2775.86,389.071,392,389.714,599.929,590.714,581.214,485.357,506.786,521.143,,
262.373,2189.5,2934.21,2918.57,2252.64,2184.5,2035.29,2219.21,1996.64,2318.21,2853.14,2635.64,2853.86,2711.43,2397.36,2451.43,2658.07,2733,2774.36,391.143,395.429,395.714,602.714,588.286,576.5,483.071,496.643,514.214,,
264.176,2162,2934.21,2914.5,2214.29,2188.07,2040.07,2207.07,2002.43,2304.29,2859.71,2618.79,2844.86,2687.57,2420.36,2452.71,2641,2723.86,2769.79,392.786,394.429,392.143,602.929,589.571,579.286,479.214,500,520.071,,
265.977,2152.36,2943.21,2903.21,2208.07,2178.71,2025.57,2205.71,1992,2305.86,2825.36,2624.5,2847,2708.57,2393.07,2429.36,2639.43,2737,2761.64,390.143,391.071,388.5,604.714,582.214,575.929,485.071,503.071,514.214,,
267.777,2155.86,2912.64,2917.36,2199.43,2184.79,2018.14,2195.5,1998.36,2298.64,2843.93,2609.43,2834.5,2699.14,2390.64,2429.57,2645.79,2722.43,2769.64,387.286,387.286,388.357,607.429,589.143,584,479.143,503.071,521.786,,
269.578,2148.57,2915.36,2894.36,2199.64,2147.5,2002.57,2183.93,1980.57,2289.36,2840.07,2597.07,2815.86,2685.07,2387.07,2426.5,2633.57,2720.29,2755.5,392.929,390.429,390.071,604.643,588.5,582.571,479.071,494,515.5,,
271.378,2118.93,2902.07,2889.64,2162.07,2146.21,1993.36,2192.36,1981.29,2275.14,2838.64,2616.64,2823.71,2662.43,2389.21,2448.64,2621.43,2716.43,2754,392.857,394.071,394.143,604.286,591.929,580.071,480.071,496.071,520.214,,
273.177,2136.14,2887,2887.07,2165.57,2124.71,1990.57,2172.21,1968.29,2282.71,2842.14,2590.64,2816.36,2676.07,2376.36,2425.29,2624,2707.57,2745.36,394.429,391.714,396.071,605.357,589.429,583.286,475.357,505.5,527.357,,
274.975,2116.43,2893.36,2884.93,2155.43,2135.36,1980.57,2170.07,1967.5,2276.93,2822.5,2574.36,2786.71,2691.14,2377.5,2421.79,2619.21,2706.64,2742.43,392.714,390.714,394.286,611.071,587.643,582.571,483.714,502.5,524.643,,
276.776,2111.43,2893.5,2877.5,2181.43,2131.36,1977.43,2188.07,1968.86,2280.29,2799.29,2584,2801.86,2668.71,2394.29,2414.5,2604.07,2709.79,2749.86,394.071,392.714,393.5,605.429,583,584,483.214,509,526.429,,
278.574,2123.86,2894.29,2908.14,2170.5,2140.43,1980.21,2179.71,1957.36,2281.5,2811.93,2569.21,2797.86,2663.64,2384.57,2401.14,2612.14,2674.14,2733.36,394.857,396,390,610.571,590.357,581.286,481.286,508.714,524.071,,
280.371,2109.14,2904.5,2892.5,2173.14,2115.36,1972.57,2178.64,1968,2275.21,2811.64,2583.14,2800.64,2682.14,2375.36,2415.29,2615.71,2691.57,2720.43,398.571,389.786,397.071,609.571,597.643,584.857,484.214,503.786,521.929,,
282.17,2101.71,2902.14,2885.5,2165.07,2116.71,1970.93,2184.43,1953.93,2264,2800.93,2580.29,2795.43,2662.14,2361.93,2406,2613.36,2690.79,2725.43,397.929,394.357,399.714,602.286,581.429,583.429,483.929,510.857,520.214,,
283.967,2098.71,2895.5,2864.79,2155.79,2123.5,1948.57,2179.64,1950.07,2264.5,2816.79,2558.57,2795.21,2653.5,2366.43,2393.57,2614.71,2674.29,2729.5,390.643,391.5,391.857,605.571,594.571,581.786,487.571,506.786,533.857,,
285.764,2088.29,2875.29,2871.29,2153.86,2106.5,1957.29,2168.36,1953.79,2266.29,2811.43,2558.86,2775.93,2635.36,2371.07,2380.14,2612.07,2669.36,2734.5,391.143,394.286,398.357,606,590.143,576.786,480.071,511.571,525.643,,
287.56,2100.79,2896.43,2887.5,2149.79,2122.57,1952.79,2181.43,1947,2263.64,2791.71,2572.93,2768.21,2658.86,2364.21,2391.5,2595.29,2664.21,2734.71,397.143,391,394.286,606.071,592.786,583.5,487.071,506.5,520.357,,
289.358,2096.57,2905.71,2871.93,2155.79,2106.86,1937.43,2166.64,1948.79,2241.79,2794.43,2555.64,2776.07,2666.29,2382.36,2386.71,2616.64,2690.79,2732.43,390.143,392.786,398.357,611.429,597.714,596.071,480.786,505.214,522.214,,
291.154,2096.43,2889.21,2859.36,2143.64,2094.43,1928.36,2146.57,1943.21,2244.36,2796.07,2552.43,2745.79,2647.07,2343.93,2394.07,2589.64,2653.21,2709.64,387.571,395.929,389.357,611.857,589.929,590.786,486.286,504.286,527.857,,
292.949,2063.36,2882.71,2848,2142.71,2085,1922.57,2162.93,1922.43,2249.07,2784.86,2532.36,2745.64,2640.79,2357.86,2387.71,2591.64,2652.5,2716.93,394.214,395.286,395.714,611.071,587.5,585.643,480.286,500.286,523.143,,
294.743,2081.07,2888.93,2854.71,2151.79,2082.5,1931.43,2160.36,1933.79,2260,2780.93,2534,2745.43,2629.14,2364,2380.29,2575.79,2637.93,2717.07,398.286,390.214,391.929,609.214,596,582.071,482.357,506.714,523.857,,
296.54,2066.36,2879.43,2869.07,2136,2082.64,1928,2154,1933.71,2241.79,2764,2509.79,2738.79,2632.71,2347.93,2377.21,2603.07,2637.43,2694.57,393.857,390.857,391.429,607.643,589.571,580.571,475.143,504.357,521.143,,
298.334,2049.93,2891.14,2860.93,2144.79,2075.57,1921.14,2162.36,1922.29,2233.57,2765.86,2528,2728.43,2628.79,2325.21,2383.43,2580.93,2628.79,2688.07,391.929,384.357,390,601.143,588.786,584.143,486,507.643,520.571,,
300.128,2072.57,2893.21,2855.79,2135.07,2079.43,1917.5,2163,1938.5,2246.43,2766.71,2523.71,2728.14,2634,2339.64,2365.57,2572.29,2628.36,2681.36,390.929,392.286,392.143,611.571,582.714,577.929,480.357,514.143,529.429,,
301.921,2071.71,2876,2856.29,2131.14,2074.79,1914.57,2165.57,1920.86,2226.14,2757,2527.64,2718.71,2622.79,2338.21,2361.07,2555.71,2644.64,2684.36,391,384.286,384.286,614,584.929,585.714,490.143,497.5,527.857,,
303.714,2060.29,2866.14,2847.14,2119.07,2082.93,1911.93,2160.71,1912.5,2232,2752.14,2506.21,2726.21,2612.57,2345.93,2373.36,2560.79,2638.29,2672.14,388.929,391.714,381.857,611.357,587.357,580.571,491.857,509.857,526.5,,
305.509,2050.93,2870.71,2857.36,2117.29,2072.79,1901.29,2165.71,1929.71,2229.79,2747.07,2510.93,2710.86,2618.93,2340.93,2352.57,2571,2625.64,2663.36,392.214,383.929,386.429,610.857,582.357,582.929,483,502.857,519.929,,
307.301,2046,2884.21,2851,2118.21,2063.5,1894.86,2144.5,1922.93,2209,2756.5,2504.57,2713.5,2614.86,2324.07,2364.21,2564.71,2621,2683.79,389.714,392,398.786,614.5,581.857,583.857,480.214,503.357,523.214,,
309.093,2040.93,2871.86,2841,2119.43,2073.21,1886.29,2131.93,1903,2210.93,2771.79,2508.43,2709.57,2608.79,2319.07,2359.79,2553.36,2616.57,2656.79,385.929,388.714,391.714,603.714,586.857,584.643,490,502.643,518.143,,
310.885,2045,2875.93,2826.14,2088.79,2058.07,1888.21,2141.07,1915.57,2216.07,2741.07,2505.64,2712.93,2611.21,2313.86,2365.71,2561.86,2624.79,2661.71,391.214,388.286,394.429,610.286,584.214,576.214,474,502.429,523.357,,
312.676,2031.14,2871.93,2811.07,2118.07,2047.57,1879.93,2131.64,1918.21,2224.64,2748.93,2498.64,2728.29,2614.21,2323.57,2378.79,2562.79,2626,2667.79,388.286,386,388.571,602.571,594.786,579.143,487.571,511.857,525.214,,
314.469,2023.57,2867.29,2827.71,2111.57,2058,1890,2129.86,1913.43,2214,2747.43,2478.07,2681.14,2598.57,2307.43,2349.36,2550.21,2615.93,2657.36,392.429,382.357,393.714,606.857,585.429,576.643,478.714,505.071,518.5,,
316.26,2022.93,2862.93,2823.86,2094.5,2057.5,1874.21,2151.64,1916.36,2218,2742.57,2505.36,2712.43,2609.43,2314.36,2355.64,2553.71,2600.86,2662.43,395.143,391.286,396.143,602,586.571,577.214,477.071,507.714,524.572,,
318.05,2044.64,2875.64,2830.71,2114.29,2052.43,1884.21,2125.43,1900.43,2222.93,2730,2493,2717.29,2616.86,2316.93,2361.71,2545.29,2620.29,2662.29,394.714,390.429,395.929,603.714,586.5,578.929,491.286,506.286,533.5,,
319.84,2035.07,2861.86,2847.07,2098.86,2065.86,1896,2148.64,1919.14,2219.21,2725.5,2496.21,2696.5,2597.43,2317,2363.21,2550,2612.07,2676.29,390.357,383.714,395,609.143,590.929,580.071,488.786,509.5,526.5,,
321.63,2021.93,2863.21,2821.71,2117.43,2063.07,1896.43,2130.86,1907.43,2226.79,2751.79,2500.14,2710.93,2599,2293.79,2368.14,2549.21,2603.29,2652,395.929,393.429,388.143,603.286,589.929,583.071,487.214,506.286,529.643,,
323.419,2031.79,2863.79,2839,2097.07,2058.14,1883.14,2152.57,1917.5,2222.36,2743.79,2493.5,2703.36,2614.86,2324,2364.64,2549.57,2602.93,2652.64,386.643,381.429,382.214,603,591.429,577,485.286,504.786,528.929,,
325.208,2038,2873.86,2831.71,2098.93,2056.5,1883.71,2139.29,1903.71,2220.43,2733.43,2479.14,2701.29,2606.07,2315.93,2359,2545.57,2635.64,2674.71,385.429,388.429,385.286,610.357,591.5,571.429,480.143,510.286,522.286,,
326.997,2027.64,2859.79,2828.21,2094.14,2061.79,1874.29,2131.71,1911.43,2226.64,2750.36,2490.71,2698.36,2608.86,2312.71,2355.79,2546.79,2615.07,2647.07,388.714,382.643,391.143,611.857,588.5,573.571,480.857,506,519.643,,
328.787,2026.79,2873.07,2837.86,2098.21,2048.57,1868.29,2126.71,1905,2217.21,2723.21,2479.29,2689.43,2615.86,2310.29,2357.43,2522.14,2604.36,2658.93,390,391.857,383.643,611.786,585.929,574.643,487.786,516.143,523.643,,
330.575,2021.21,2857.07,2832.93,2099.21,2041.57,1874.21,2129.14,1902.5,2228.79,2724.5,2461.5,2689.5,2599.86,2307.14,2334.29,2532.21,2608.21,2654.07,391.5,382.357,393.214,602.571,597.357,578.143,486.786,505.571,524.143,,
332.362,2005.07,2862.64,2820.43,2104,2055.57,1880.71,2138.14,1896.43,2219.64,2714.36,2478.5,2687.79,2594.5,2300.07,2340.14,2536.21,2597.43,2636.5,390.929,382.286,388.357,603,589.071,574.143,481,501.357,521.643,,
334.149,2023.57,2874.71,2837.14,2102.36,2050.07,1876.07,2115.64,1895.79,2207.29,2716.14,2472.14,2682.71,2594.36,2324.21,2364.71,2535.93,2600.21,2628.79,393.643,383.286,393.643,614.286,593.857,580.714,492.929,506.643,532.643,,
335.936,2013,2877.5,2817.14,2095.79,2052,1861.79,2119.21,1900.71,2221.5,2718.79,2459.57,2698.64,2590.57,2303.86,2348,2509.64,2584.57,2622.07,387.786,384.571,393.714,608.429,603.929,585.857,486.143,499.857,523.5,,
337.723,2014.64,2879.5,2833.86,2082.29,2057,1865,2134.14,1895.71,2216.21,2713.57,2474.57,2685,2586.14,2306.07,2344.07,2525.21,2600.93,2627.14,396.143,391.143,391.429,609.714,591.429,581.643,485.357,508.643,528.429,,
339.509,2027.79,2867.07,2831.29,2088.57,2053.71,1867,2143.79,1901.93,2216.43,2721.64,2466.5,2703.57,2603.57,2305.43,2337.86,2521,2578.71,2639.57,394.929,392.929,385.857,609.286,591.786,586.786,485.357,505.857,520.643,,
341.294,2019.79,2882.21,2821,2090.43,2032.64,1860.79,2141.57,1903.43,2218.29,2728.29,2463.57,2694.57,2605.93,2306,2317.57,2513.14,2592.29,2624.36,396.929,390.429,392.857,607.214,594.643,586.429,485.143,509.571,531.286,,
343.08,2024.36,2881.07,2843.29,2092.79,2053.14,1874.71,2140.79,1900.86,2221.36,2722.86,2480.71,2698.64,2609,2318.43,2332.86,2544.64,2591.36,2646.29,396.5,391.429,391.714,608.429,593.071,590.071,484.929,499.643,530.214,,
344.865,2028.36,2890.79,2834.29,2092.43,2036.79,1866.21,2133.21,1898.57,2234.86,2719.29,2471.07,2700.43,2626.21,2319.36,2368.64,2544.36,2582.21,2634.64,394.429,387.571,393.357,615.143,594.714,581.286,494.929,511.429,525.714,,
346.65,2019.36,2896,2863.5,2088.64,2046.21,1877.79,2151.64,1916.64,2238.57,2709.21,2460.93,2718.43,2604.93,2337.86,2343.14,2528.36,2593.29,2651.79,391.143,391.071,392.143,619.857,596.786,586.857,494.286,515.5,534.214,,
348.434,2005.86,2880.64,2861.14,2099.64,2048.14,1864.21,2142.29,1913.5,2220.5,2722.71,2459.57,2707.86,2608.21,2332.43,2353.57,2531.14,2604.71,2634.36,387.571,393,396.286,612.643,595.714,587.643,492.571,510.714,530.714,,
350.218,2031.29,2901.57,2851.29,2095.64,2046.43,1868.79,2145.71,1919.14,2239.64,2729.43,2475.93,2702.71,2611.93,2322.21,2344.14,2544.07,2605.43,2647.43,398.714,397.071,399.5,621.857,600.857,590.929,490.714,509.857,529.214,,
352.002,2021,2898,2852.57,2100.07,2054.36,1875.21,2155.14,1922.64,2227.21,2723.79,2481.86,2704,2601.86,2323.86,2344.57,2542.07,2597.29,2647.79,396.5,392.857,399.429,620.5,599.714,586.571,498,515.214,534.357,,
353.785,2034.64,2898.93,2863.93,2092.07,2048.5,1877.43,2147.79,1909.36,2226.79,2725.93,2478.64,2704.14,2627.07,2329.57,2371.07,2533.64,2608,2652.64,394.571,386.714,400.286,615.571,593.857,586.643,495.714,511.929,540.857,,
355.568,2030.07,2893.86,2843.79,2084.79,2067,1888.21,2152.93,1912.57,2243.29,2726.57,2479.86,2714.43,2613.43,2317.36,2364.07,2543.14,2593.21,2643.5,399.643,394.571,396.286,614.357,593.143,593.5,490.714,508.714,537.714,,
357.351,2031.07,2908.64,2867,2107.21,2062.21,1876.71,2147.57,1924.43,2258.5,2721.29,2502.86,2714.64,2615.21,2324,2351.21,2546.43,2593.57,2633.14,397.714,394.143,396.857,619.786,595.5,593.429,495.429,522.214,534.5,,
359.133,2042.64,2896.5,2885.21,2111.86,2072.21,1878.64,2153.64,1922.86,2251.57,2743.64,2488.79,2722.5,2621.71,2317.07,2353.93,2530.29,2606.57,2648.29,404.5,400.286,397.571,619.857,601.072,587.857,500.571,519.143,536.143,,
360.915,2032.36,2914.86,2865.14,2110.57,2067.57,1880.86,2163.5,1923.29,2262.07,2759.07,2494.14,2729.71,2638.07,2327.93,2369.79,2542.86,2603,2652.43,397,403,397.286,615.857,598.571,596.357,497.857,519.929,538.714,,
362.697,2043.21,2908.93,2871.5,2122.57,2062.29,1871.64,2172.64,1922.5,2247.79,2729.64,2491.86,2738.79,2621.79,2352.86,2358.29,2532.36,2622.14,2664.71,396.929,392.929,396.429,623.929,604.357,592.357,497.357,516.286,541,,
364.478,2062,2923.86,2885.86,2130.14,2065.14,1883.29,2167.86,1915.71,2255.29,2731.43,2475.86,2745.5,2624.57,2338.43,2376.29,2552.86,2620.36,2656.57,395.071,397.857,394.214,625,610.643,594.857,500.071,519.286,539.643,,
366.259,2053.93,2926.29,2886.79,2113.57,2056,1888.29,2174.71,1933.36,2236.21,2722.07,2488,2741,2647,2334.5,2372.64,2550.79,2607.57,2665.5,392.929,394.214,396.429,625.5,608,606.429,492.643,520.214,543.286,,
368.04,2046.29,2922.14,2885.36,2113.14,2055.14,1876.71,2165.14,1925.79,2241.86,2740.21,2484.36,2736,2628.57,2330.57,2374,2559.64,2633.64,2648,396.071,398.929,401,621.786,606.643,593.786,495.857,523,542,,
369.82,2021.79,2921.71,2890.5,2108.29,2057.71,1895.21,2159.57,1928.21,2254.21,2736.21,2472.86,2754,2639.79,2330.79,2374.86,2545,2601.07,2660,400.214,396.429,404.429,627.786,605.5,598.857,500.643,521.857,533.857,,
371.6,2026,2920.79,2897.93,2102.14,2063.07,1901.71,2169.79,1951.36,2263.93,2748.57,2474.64,2746.07,2617.43,2320.14,2359.07,2553.57,2596.57,2650.14,405.143,400,394.786,622,606.714,599.786,503,520.143,540.571,,
373.379,2039.57,2940.21,2893.21,2124.14,2073.07,1888.71,2170.36,1937.36,2265.29,2746.5,2480.14,2736.21,2628.57,2337.43,2368.86,2527.71,2605.57,2658.29,399.857,400.571,395.571,629.143,616.857,602.5,500.286,524.429,541.786,,
375.159,2044.64,2927.71,2892.57,2118,2073.14,1892,2167.57,1924.71,2269,2745.93,2474.36,2730.64,2628.5,2329.64,2364.21,2528,2600.21,2656.43,401.5,397,400.286,623.143,603.214,594.571,504.857,523.286,542.143,,
376.938,2056.64,2943.14,2905.07,2122.64,2082.36,1891,2173.86,1937.93,2263.64,2728.43,2468.43,2759.64,2629.14,2344,2375.79,2554.36,2600.43,2652,400.643,396,404.571,621.5,604,602.929,503.143,523,544.357,,
378.716,2053.21,2936.14,2911,2121.79,2072.93,1879.86,2185.93,1926.71,2267.43,2748.14,2469.07,2744.43,2636.29,2322.21,2361.29,2545.29,2595.71,2637.36,397,396.714,400.786,625,598.714,595.429,503.929,523.357,539,,
380.494,2059.5,2928.57,2900.07,2120.21,2064.36,1879.86,2185,1939.21,2267.5,2724.43,2481.29,2760.86,2638.86,2342.64,2374.71,2544.07,2596.43,2643.14,398.643,396.714,400.286,629.929,610.5,600.357,509.286,521.571,541.214,,
382.272,2048.79,2942.64,2903.07,2125.93,2070.07,1886.14,2176.36,1944.43,2256.93,2717.07,2470.57,2761.07,2632,2324.43,2381.71,2536.57,2597.29,2652.64,397.286,399.286,399.143,623.786,605.643,602.143,499.357,520,544.5,,
384.05,2063.14,2958.43,2895.93,2118.79,2074.71,1898.93,2174.57,1941.79,2259.14,2726.93,2487.07,2750.93,2647.57,2349.64,2380.64,2548.29,2606.71,2662.86,402.714,400.071,395.786,628.5,609.429,610.143,497.429,519.643,540.071,,
385.827,2052,2953,2908.5,2129.29,2075.71,1887.93,2182,1934.93,2280.43,2732.71,2476.36,2743.5,2646.64,2359.29,2378.43,2562.57,2604.21,2645.14,407.786,391.214,408,627.571,615.786,594.643,497.143,527.214,539.143,,
387.604,2063.07,2951,2906.07,2117.5,2077.43,1891.93,2182.14,1939,2279.5,2744.21,2495.14,2753.43,2645.64,2344.07,2386.57,2552.71,2609.14,2643.86,404.429,398.786,402.071,629.214,614.357,599,509.857,522.786,540.143,,
389.378,2059.64,2952,2920.64,2117.5,2073.93,1887.21,2182,1948.14,2291.5,2744.57,2484.57,2771.07,2630.36,2370.5,2374.14,2570.86,2622.93,2675.43,401.929,396.714,403.286,632.286,611.143,603.429,504.571,530.357,541.5,,
391.154,2066.14,2947.21,2928.93,2132.21,2072.57,1897.21,2174.86,1946.93,2279.64,2742.79,2497.43,2769.36,2640.07,2349.57,2381.07,2564.5,2605.14,2646.07,400.071,403.214,402.643,633.571,603.571,607.286,506.571,520.571,547.786,,
392.93,2054.86,2976.07,2924.29,2139.64,2090.71,1896,2185.93,1943.71,2288.64,2753.79,2506,2783.07,2650.93,2339.07,2393.93,2568.5,2614,2660.21,404.643,402,403.143,627.643,618.214,604.929,512.929,524.643,548.5,,
394.705,2051.36,2965.93,2905.5,2132.07,2080,1887.86,2188.14,1952.14,2305.36,2761.71,2494.79,2765.07,2645.93,2349,2383.07,2560.21,2618.36,2647.71,401.429,397.429,400.5,623.286,608.143,599.357,504,526.786,537.143,,
396.48,2066.5,2992,2932.93,2125.57,2090.64,1895.64,2187.5,1939.29,2298.21,2750.14,2504,2785.07,2631.36,2367.07,2391.86,2553.43,2614.29,2661.07,401.214,399.286,404.071,631.714,618.071,608.071,517.143,521.571,547.929,,
398.255,2089.07,2967.79,2934,2145,2095.07,1912.71,2205.14,1958.43,2295.86,2754.07,2495.5,2770.14,2650.29,2372.57,2400.5,2567.71,2622,2680,406.071,398.429,400.714,630,613.214,606.857,513,527.857,548.214,,
400.03,2071.29,2993.79,2926.5,2153.86,2091.86,1895.71,2185.57,1947.93,2290.14,2754.07,2493.71,2777.71,2653,2378.07,2399.79,2579.5,2630.36,2674.64,402.643,398.286,403.714,635.714,618.429,604.214,504.786,528.143,545.214,,
401.802,2071.86,2982.21,2943.93,2146,2084,1899.86,2208.86,1948.79,2291.93,2769,2515.21,2783.64,2650,2354.14,2399.5,2572.29,2622.36,2667.93,404.429,399.5,404.643,637.286,616.429,615.071,511.286,521.286,543.714,,
403.575,2066.57,2989.93,2947.43,2139.5,2105.14,1907.29,2210.43,1956.36,2306.29,2770.64,2507,2780.36,2679.14,2360.5,2394.43,2558.29,2633.86,2679.79,402.5,395.643,407.929,638.357,613.857,609.286,511.786,526.643,557.214,,
405.349,2077.36,3013.71,2953.57,2139.21,2095.29,1891.57,2204.43,1960.93,2290.93,2781,2508.71,2794.43,2665.21,2378.21,2379.07,2579.5,2657.64,2698.5,402.643,403,404,629.929,616.929,606.786,510.357,529.929,547.429,,
407.122,2071.29,2994.36,2948.29,2144.21,2088.93,1906.64,2199,1959.5,2289.36,2763.5,2512.64,2797.07,2682,2373.86,2392.71,2586.79,2629.86,2680.14,407.929,399.929,406.143,646.214,616.071,613.214,510.714,531.286,557.714,,
408.895,2073.64,2988.79,2942.21,2146.43,2093.5,1903.71,2223.57,1973,2321.93,2780.86,2514.57,2811.71,2658.14,2367.93,2407.71,2566.21,2627.57,2707.21,402.357,404,411.714,639.643,624.071,613.786,520.5,535.857,562.786,,
410.667,2097.71,2987.86,2955.57,2159.36,2100,1907.29,2211.5,1965.43,2306,2776.21,2531.93,2795.36,2668.79,2372.79,2424.5,2592.79,2636,2697,408.5,405.357,405.357,630.5,613.714,613.357,516.143,534.071,555.357,,
412.437,2083.79,2998.93,2965.93,2165.86,2106.93,1910.36,2216.21,1971,2315.57,2766.21,2522.43,2807.57,2671.21,2378.64,2418.36,2575.07,2630.86,2699.21,405.643,407.929,404.929,633.786,617.5,610,523.071,532.643,557.714,,
414.209,2089.5,3013.57,2957.21,2155.21,2114.64,1916.86,2226.64,1958.36,2318.43,2774.57,2524.07,2812.43,2682,2380.36,2420,2586.5,2646,2684.29,409.143,406.071,406.786,642.357,620.143,610.429,516.143,539.786,549.071,,
415.98,2082.79,3010.71,2980.71,2167.93,2107.71,1908.64,2219.21,1976.57,2320.43,2795.29,2524.36,2811.57,2681.93,2382.36,2422.64,2581.43,2640.5,2687.71,407.786,401.5,402.571,643.429,620.286,613.714,520.143,532.429,554.429,,
417.751,2108.29,3022.79,2974.93,2162.71,2115.07,1920.93,2221.93,1982.29,2321.93,2779.71,2530.29,2815.57,2698.07,2385.43,2420.5,2588.21,2651.5,2684.64,409.929,412.786,410,637.643,623.214,607.786,518.5,532.714,550.929,,
419.52,2093.43,3003.71,2953.43,2164.86,2127.07,1908.5,2248.29,1966.07,2312.93,2794,2530.36,2830.71,2669,2381.5,2425.29,2587.71,2653,2698.79,404.714,400.929,407.571,640.429,624.857,609.214,522,535.214,548.071,,
421.29,2096.43,3020.07,2953.14,2170.71,2126.93,1922.29,2236.29,1985.14,2316.86,2795.36,2522,2820.79,2689.79,2387.5,2424,2579.43,2667.29,2698.29,412.571,401.714,408.571,647,628.714,613.929,514,545.714,552.286,,
423.06,2099.14,3018.93,2969.5,2153.29,2115,1922.86,2232.07,1974.21,2301.21,2784.86,2530.64,2808.43,2708.43,2399.93,2424.21,2599.64,2663.07,2704.21,408.714,402.429,405.643,640.429,629.929,605.643,513.786,536.143,552.357,,
424.83,2099,3023.43,2961.71,2169.5,2109.79,1933.14,2237.5,1974.93,2332.29,2804.71,2518.71,2803.93,2704.93,2406.36,2439.71,2609.14,2673.5,2699.14,410.643,408.929,407.714,649.571,627.5,620.286,521.643,537.429,551.643,,
426.599,2090.43,2992.07,2963.07,2156.14,2125.14,1933.29,2242.07,1986.21,2330.14,2776.07,2548.21,2814.93,2689.5,2400.86,2433.5,2612.79,2653.71,2700.79,410.071,415.214,408,647.857,629.786,620.214,524.143,530.857,561.071,,
428.366,2102.57,3031.29,2985.86,2173.14,2118.14,1927.64,2235.71,1971.21,2338,2783.43,2543.29,2832.5,2691.43,2394.21,2446.64,2593.43,2645.64,2699.71,413.357,412,411.857,641.571,632.929,613,518.786,548.5,553.643,,
430.134,2110.79,3036.79,2986.57,2173.64,2127.64,1942,2239.71,1989.57,2339,2805.64,2549.86,2838.57,2697.29,2416.79,2430.79,2609.43,2679.07,2710.43,411.143,405.286,410.357,657.143,622.429,625.071,527,541.929,568.286,,
431.903,2107,3049.71,2999.21,2191.57,2133.36,1939.14,2234.29,1991.43,2325.93,2793.86,2535.71,2830.57,2704.5,2399.64,2455.93,2594.43,2659.71,2705.29,411.643,412.357,411.214,656.429,624.714,621.714,530.929,546.643,565.714,,
433.669,2088.29,3058.29,3007.29,2189.71,2127.43,1938.21,2257.5,2000.43,2345.5,2799.14,2548.29,2856.36,2694.36,2415.21,2453.79,2594.57,2667.36,2718.86,416,407.071,417.571,653.571,624.643,618.429,523.286,536.714,560,,
435.436,2113.5,3029.93,3001.57,2182.43,2125.14,1926.5,2259.5,1993.57,2345.71,2784,2554.57,2861.29,2713.79,2399.64,2440.07,2605.43,2680.14,2713.93,414.857,402,411.857,645.286,626.714,617.929,523.357,542.143,559.357,,
437.203,2107.71,3044.21,2992,2166.57,2136.64,1947.71,2239.64,1992.79,2341.07,2794.93,2515.14,2864.14,2698.43,2407.86,2415.93,2595.07,2671.29,2718.14,417.786,407.429,409.857,646.857,632.929,617.357,514,536.143,555.143,,
438.97,2114.21,3057.86,3001.71,2175.93,2123.64,1933.93,2258.93,1995.07,2339.14,2797.57,2538.07,2857.93,2708.86,2404.07,2449.07,2590.57,2663.64,2712.64,415.714,404.786,409,641.786,630.714,617.571,521.929,537.643,565.357,,
440.735,2110.14,3032.93,2995.86,2180.21,2123.14,1932.71,2227.36,2008.07,2360.21,2805.93,2547.93,2865.29,2728.21,2423.86,2450,2608.71,2650.86,2714.36,424.357,413.214,412.643,660.857,633.143,627.929,517.357,545.286,567.286,,
442.501,2108.71,3040.79,3012.64,2174.79,2115.29,1937.64,2247.21,1991.43,2352.43,2799.71,2546.86,2854.14,2726.14,2406,2436.93,2596.93,2658.14,2707.43,418.071,410.857,415,646.357,632.357,617.143,533.857,548.786,561.857,,
444.267,2120.64,3033.43,2993,2180.43,2133,1918.86,2249.43,2004.07,2342.21,2791.21,2551.14,2862.29,2714.07,2428,2454.14,2610.57,2674.14,2710.71,415,406.071,415.714,649.929,630.929,619.857,526.714,542.286,567,,
446.03,2120.5,3036.43,2989.86,2173.71,2134.21,1936,2242.29,1987,2359.07,2787.07,2517.71,2832.43,2720,2399.93,2461.29,2597.29,2655.86,2713.71,414.929,406.5,412.357,657.571,637.714,615.143,524.214,541.143,567.929,,
447.796,2097.5,3049.29,3014.14,2173.57,2143.36,1939.5,2266,2002.36,2350.71,2798.71,2516.29,2849.36,2713.93,2405.71,2452.5,2604,2669.57,2701.64,414.286,418.071,417,649.214,630.214,627.929,526.857,546.857,563.929,,
449.561,2116.93,3046.5,2997.43,2179.93,2135.93,1926.14,2276.5,1990.79,2363.57,2779,2515.14,2833.14,2704.86,2398.29,2440.29,2602,2637.36,2700.5,416.143,407.357,419.429,657.286,635.857,615.214,532.643,543.071,567.786,,
451.323,2107.93,3046.79,3007.57,2174.86,2150.21,1942.86,2249.57,1990.21,2355.21,2805.21,2555.36,2834.64,2709.14,2397.57,2456.29,2604.93,2647.64,2688.29,411.929,414.214,415.357,651.214,628.643,617.714,532.5,548.5,564.929,,
453.087,2097.71,3065.21,3004.5,2183,2118.43,1934.64,2261,2003.79,2354.64,2789.21,2535.14,2847.79,2712,2406.21,2438.43,2607.93,2643.79,2704.07,409,410.857,415.643,643.643,630.071,619.929,524.429,547.857,568.571,,
454.851,2119.93,3063.36,3011.64,2176.14,2146.71,1938.21,2250.43,2007.43,2335.71,2798.57,2548,2860.29,2710.07,2427.93,2424.86,2593.14,2652,2712.93,412.5,405.214,412.571,651.571,627.429,620.5,529,540.857,572.786,,
456.613,2128.29,3052.43,2999.71,2178.07,2126.29,1930.07,2256.21,2000.07,2352.43,2799.71,2543.43,2864.79,2685.43,2393,2445.86,2578.57,2658.43,2703.14,411.786,412.929,415.714,655.357,631.429,623.571,526.5,541.286,565.714,,
458.376,2118.86,3065.93,3009.71,2180.93,2151,1950,2258.86,1999.64,2344.14,2788,2537.14,2875.64,2712.14,2410.93,2451,2620.86,2665.29,2704.21,418.786,414.5,414.357,661.071,637,629.214,524.857,537.5,568.143,,
460.137,2113.36,3062.79,3011,2181.14,2145.29,1933.57,2263.64,1994.57,2340.93,2785.71,2537.93,2867.43,2721.57,2398.21,2448.86,2601.07,2657.64,2687.93,410.643,403.429,417.357,657.143,635.429,630.714,524.714,552.143,565.286,,
461.899,2121.5,3069.57,3007.36,2178.43,2127.5,1920.57,2266.21,2012.79,2357.57,2785.71,2533.36,2870.79,2710.71,2396.5,2444,2603.07,2656.14,2723.29,415.357,411.857,411.429,652.929,638.643,634.357,526.071,547.714,564,,
463.661,2112.57,3043.79,2999.64,2172.64,2139.43,1930.5,2258.5,1996,2359.64,2784.07,2524.5,2852.29,2719.21,2395.71,2435,2613.07,2670.21,2721.71,417.929,412.357,413.786,652.571,634.214,625.286,528,552.357,563.929,,
465.421,2108,3042.71,3021,2177.79,2138.43,1932.5,2260.43,1990.71,2348.07,2801.14,2521.57,2859.71,2715.36,2401.5,2459.07,2586.93,2650.21,2699.21,410.571,414,412.5,655.214,626.643,623.071,528.214,550.571,567.5,,
467.183,2112.64,3064.29,3016.07,2177.29,2125.57,1945.36,2258.36,1993,2343.79,2783.14,2527.93,2860.29,2713.36,2399.57,2426.36,2572.57,2655.21,2699,413.929,416.071,411.286,656.071,635.643,625.429,527.857,543.643,568.786,,
468.942,2114.57,3071.64,2998.64,2175.86,2153.29,1929.29,2273.64,2012.79,2360.43,2780.71,2521.07,2860.14,2689.14,2397.71,2430.29,2603.43,2665.29,2705.21,415.714,413.714,414.071,654.5,631.786,623.429,523.357,548.357,568.143,,
470.702,2122.21,3073.36,3017.71,2182.5,2128.64,1939.71,2260,1991.43,2351.36,2793.71,2519,2871.57,2705.86,2397.5,2440.86,2593,2655.14,2688.64,421,409.643,416.786,656.429,636.714,614.786,532.857,545,571.286,,
472.463,2141.07,3059.79,3033.36,2182.14,2155.71,1937.79,2263.86,2003.93,2358.07,2786.43,2516.21,2872.64,2706,2400.79,2435.5,2586.93,2653.07,2698.71,412.214,413.786,407.786,644.571,636.857,619.857,521.5,544.214,558.786,,
474.221,2136.5,3066.93,3021.29,2184.5,2137.21,1943.21,2272.43,2010.64,2370.43,2790.71,2518.07,2865.29,2712.79,2404.36,2432.14,2591.57,2669.79,2701.07,415.929,409.429,421.5,654.643,632.643,624.643,530.214,544,567.071,,
475.981,2121.36,3072.29,3020.86,2170.5,2138.07,1941.43,2265.57,1999,2369.71,2796.29,2515.43,2861,2703.36,2409.36,2443.14,2585.5,2651.93,2684.14,410.214,404.143,418.714,655.286,633.786,626.786,521.429,537.071,556.857,,
477.738,2135.14,3078.36,3037.93,2180.43,2135.14,1939.57,2265.71,2019.21,2358.57,2805.79,2528,2865.29,2705.86,2396.07,2429.36,2607.93,2669.29,2708.57,414.357,410.143,409.5,653.286,632.786,620.714,530.143,548.429,557.714,,
479.497,2129.93,3064.29,3032,2186.79,2142.43,1940.5,2265.57,1994.21,2376.79,2795.36,2523.43,2870.21,2693.36,2405,2447.21,2595.57,2672.64,2720.64,411.143,410.643,416.357,649.571,633.357,619.5,523.286,536.571,567.857,,
481.254,2120.57,3071.21,3026.29,2190.5,2136.5,1933.86,2256.86,2008.86,2379.36,2788.64,2543.5,2847.14,2720.71,2403.43,2430.36,2588.14,2645.21,2696.79,416.357,408.429,413.214,650.643,631,624.5,520.857,541.071,560.857,,
483.013,2130.29,3084.57,3039.14,2191.43,2130.86,1955.07,2257.07,1995.5,2358.29,2794.64,2528.29,2855.36,2692.71,2401.57,2430,2588.86,2647,2698.29,414.714,404.786,413.714,653.786,636.214,620.857,522.214,539.357,564.929,,
484.769,2125.86,3084.93,3013.14,2188.86,2142.86,1946.64,2260,2009.64,2368.14,2792.79,2528.21,2870.29,2695,2406.86,2433.43,2612,2649.29,2699.79,415.571,408.5,413.714,648.5,633.929,627.5,516,552.643,556.071,,
486.526,2118,3059.14,3020.21,2187.36,2156.14,1928.71,2257.07,2009.93,2356.93,2764.07,2535,2870.07,2689.29,2394.86,2438.79,2590.86,2662.43,2708.43,420.071,413.429,404.786,645.929,615.571,617.929,526.429,534.143,561,,
488.282,2155.36,3085.79,3035.64,2200.29,2150.29,1942.64,2278.86,2015.71,2366.29,2780.29,2516.29,2892.43,2704.64,2384.93,2431.43,2610.86,2660.57,2695.71,414.571,410.071,415.071,646.143,626.286,615.786,521.286,541,561.857,,
490.039,2130.93,3092.86,3036.21,2191.14,2133.5,1952.36,2277.14,2019.14,2373.71,2791.43,2529.36,2888.71,2696.43,2399.43,2412.64,2606.14,2668.07,2714.43,412.286,411,410.714,643.786,621,614.786,526.571,540.643,556,,
491.794,2142.5,3074.14,3029.5,2178.93,2161.07,1951.57,2277.71,2016.43,2360.21,2795.71,2533.86,2890.5,2682.29,2381.64,2414.86,2605.64,2650.71,2700.21,410.5,410.5,412.214,643.5,628.429,609.429,512.429,533.857,558.429,,
493.55,2131.64,3084.57,3029.64,2196.5,2149.43,1933.36,2279.07,2017.29,2370.71,2778.57,2533,2891.79,2687.07,2393.93,2414.79,2602.71,2658.5,2718.86,411.286,407.286,407.643,651.143,623.357,619.857,519.214,536.714,555.857,,
495.304,2136.93,3082,3032.21,2193.86,2150.79,1946.29,2269.57,2003.5,2370.29,2776.79,2524.5,2888.29,2691.71,2388.43,2402.36,2610.43,2664.5,2715.5,406.643,406.214,406.786,648.786,634.929,621.214,516,541.857,550.5,,
497.06,2125.64,3080.93,3019.36,2188.21,2151.36,1947.93,2286.57,2009.43,2371.21,2773.86,2530.36,2868.86,2683.79,2398.07,2421.57,2617.93,2669.64,2712.07,412.571,403.714,407.643,652.357,625,610.571,512.929,526.143,549.929,,
498.813,2143.07,3074.86,3034.07,2196.86,2158.93,1943.07,2272.14,2013.21,2372.43,2766.71,2521.07,2898.14,2690.21,2364.86,2428.64,2606.07,2662.29,2699.86,413.286,402.643,412.929,646.857,628.214,610.5,514.571,526.929,546,,
500.568,2140.5,3079.21,3029.57,2181.79,2148.36,1954.86,2276.29,2021.86,2370.71,2782.36,2516.86,2881.57,2701.21,2380.57,2412.71,2618.43,2687.43,2730.71,412,405.5,404.429,641.143,627.643,609.929,520.286,530.857,545,,
502.321,2138.64,3075,3027.86,2189.86,2164.5,1965.71,2281.57,2013.21,2376.86,2794.29,2529.86,2900.79,2687.36,2389.57,2398.36,2612.86,2662.07,2722.07,402.929,407.929,408.857,646.714,623.286,610.429,511,521.786,551.929,,
504.075,2151.86,3085.07,3045.79,2203.71,2153.64,1961,2276.36,2020.57,2384.43,2785.5,2544.43,2897.86,2690.57,2374.64,2411.29,2617.07,2686.29,2713.71,408.5,408.714,410.714,634.643,621.643,607.857,501.929,526.286,543.714,,
505.827,2153.07,3068.5,3049,2206.86,2162.43,1955.71,2268.21,2028.86,2367.07,2810,2529.57,2887.07,2678.93,2367.57,2390.71,2633.43,2681.36,2740.21,407.286,400.857,409.357,630.071,612.786,604.143,513.071,524.643,545.357,,
507.581,2160.86,3107,3027.64,2234.71,2182.5,1968.21,2280.71,2024.86,2380.07,2784.71,2525.5,2891.21,2664.43,2366.43,2392.29,2618.79,2679.36,2721.64,404.071,405.357,404.071,628.857,620.5,605.286,499,521.857,548.143,,
509.333,2149.14,3110.79,3048.07,2206.86,2180.21,1987.43,2293,2040.5,2381.57,2797.57,2533.57,2883.79,2641.64,2358.5,2369.43,2622.36,2667.64,2720.29,407.071,402.429,406.929,630.5,620.571,597.429,503.786,525.214,539.571,,
511.084,2154,3112.5,3055.79,2201.21,2177,1969.07,2269.21,2013.29,2391,2774.64,2528.14,2878.64,2640.07,2362.14,2378.64,2612.64,2683.71,2735.07,404.5,398.643,407,627.286,611.286,596,501.643,516.929,534.643,,
512.836,2151.71,3101.93,3060.29,2229.64,2163.14,1972.64,2281.14,2035.21,2395,2760.57,2514,2876.07,2642.86,2345.57,2369.86,2606.71,2683.36,2707.07,403.643,399.071,405.429,629.286,603,596.714,493.571,513.357,533.143,,
514.587,2138.43,3100.64,3041.07,2189.86,2140.79,1956,2273.93,2006.14,2367.79,2767.57,2502.43,2866.5,2640,2309.57,2353.71,2612.93,2669.64,2716.21,396.857,392.357,396.643,624.714,608.571,594.214,491.929,515.286,531.429,,
516.339,2151.14,3073.79,3032.79,2206.57,2151.79,1962.14,2273.71,2006.14,2369.36,2763.86,2492.07,2900.93,2641.14,2300,2363.43,2597,2660.93,2710.43,405.571,398,392.714,621,606,588.429,486.786,509.643,528.643,,
518.088,2145.5,3074.21,3022.5,2197.21,2147.57,1940.36,2254.5,1998.79,2368,2732,2491.36,2859.36,2598.57,2321.36,2326,2593.5,2658.5,2695.5,403.214,387.5,404.786,620.214,602.714,591.786,480.5,505.071,529.214,,
519.838,2122.14,3086.29,3035,2179.21,2135.07,1948.57,2261.14,1993.64,2355.79,2738.29,2472.21,2858.43,2596.79,2298.86,2323.29,2582.07,2644.36,2702.71,399.571,396.571,397.571,619.643,590.286,582,480.286,502,517.571,,
521.589,2116.14,3086.29,3036,2184.93,2156.57,1950.57,2256.21,1997.29,2372.43,2729.14,2487.07,2872.14,2589.64,2279.07,2308.71,2584.64,2653.43,2699.14,396.714,387.143,397.929,616,597.357,586.357,474,503.214,520.714,,
523.337,2126.29,3071.43,3034.71,2192.36,2146.79,1941.79,2259.64,1989.21,2373.64,2727.71,2478.71,2861.07,2584.43,2257.93,2319.36,2593.43,2636.86,2701.5,396,392.786,394.857,620.429,592.714,583.357,474.857,504.429,514.143,,
525.088,2118.93,3077.07,3026.64,2193.5,2164.21,1951.36,2248.86,1994,2360.07,2730.43,2482.57,2856.21,2579,2276.21,2302.21,2587,2640.5,2678.71,392.429,396,391.5,610.786,585.429,573.071,474.429,492.643,518.857,,
526.836,2132.57,3091.57,3039.07,2185.36,2140.43,1944.5,2250.79,2000.29,2366.71,2732.14,2471,2861.29,2559.64,2259.21,2291.79,2577.93,2646.07,2684.64,400.786,387.929,390.643,606.857,585.857,580.929,475.071,501.071,514.071,,
528.583,2158.93,3079.86,3043.21,2190.64,2152.21,1965.71,2266.57,2002.36,2353.86,2729.86,2463.14,2852.86,2553.36,2247.57,2311.29,2583.21,2641.71,2678.14,390.571,391.714,389.643,607.071,582.143,582.429,477.214,488.357,508.071,,
530.333,2130.86,3087.29,3041.64,2192.93,2153.21,1941.79,2263.07,2000.21,2372.07,2709.43,2469.43,2862.64,2566.14,2266.36,2288.21,2600.93,2638.36,2704,392.786,388.071,393.286,604,594.643,577.143,475.929,489.357,507.643,,
532.08,2145.29,3084.57,3033.43,2189.14,2138.21,1959.71,2264,2008.93,2356.86,2707.86,2450.57,2864.43,2553.79,2263.86,2289.64,2566.71,2635.14,2688.43,388.714,390.071,392.143,605.786,578.143,574.929,470.143,488.857,509.571,,
533.827,2119.93,3083,3034.36,2186.57,2162.07,1951.86,2249.86,1990.64,2339.71,2705.14,2466.5,2870.14,2535.29,2251.86,2284.43,2577.21,2632.86,2695.86,394.643,387.214,389.071,603.286,574.929,569.214,466.571,491.5,503.143,,
535.575,2133.79,3086.14,3027.5,2184,2144.29,1929.43,2250.93,1994.93,2353.71,2694.5,2442.64,2855.21,2549.57,2244.57,2273.86,2584.14,2638.57,2695.21,392.786,383.643,393,606.786,575.786,579,463.929,483.286,508.786,,
537.321,2130.79,3076.64,3035,2185.5,2147,1941.71,2248.57,1982.29,2348.07,2700.64,2447.36,2861.5,2529.07,2228.07,2270,2578.93,2650.43,2664.93,387.5,384.857,383.857,598.214,579,571,464.5,479.714,502,,
539.067,2125.5,3091.14,3031.71,2185,2150.29,1933.93,2246.14,1977,2352.36,2689.07,2448.07,2858.79,2547.64,2222.71,2256.29,2587.29,2631.43,2675.14,383.429,377.286,390.143,605.5,573.572,569.214,460.429,478.786,506.214,,
540.814,2128.14,3078.5,3014.5,2180.71,2142.07,1949.86,2247.93,1989.86,2368.93,2686.5,2443.57,2857.21,2527.36,2228.86,2246.86,2561.79,2631.43,2678.64,385.143,391.143,385.714,592.143,586.5,560,466.643,478.214,495.357,,
542.559,2136.36,3064.57,3027.79,2177.36,2152.5,1957.07,2251.14,1990.07,2365.71,2677.71,2427.21,2851.71,2520.79,2208.64,2251.43,2596.43,2625.21,2679.21,391.357,382.286,389.357,598.286,570.429,569.429,458.286,479.643,503.571,,
544.304,2133.5,3099.36,3030.86,2177.5,2152.5,1949.86,2258.07,1988.29,2371.71,2697.71,2443.86,2851.64,2497.93,2212.14,2247.43,2582,2636.29,2687.29,383.857,384.929,390.857,591.286,571.5,562.071,462.143,480.786,496.714,,
546.048,2125.29,3091.43,3041.43,2202.79,2155.07,1950.5,2251.79,1985,2369.79,2685.86,2454.64,2875.64,2513.5,2200.5,2245.14,2562.43,2655.93,2688.93,387.143,384.786,390.429,587.643,563.714,555.357,451.286,465.5,497.357,,
547.794,2126.64,3081,3057.64,2191.21,2154.43,1952.57,2243.29,2000.64,2370.93,2684.71,2440.43,2883.71,2502.71,2201.86,2231.5,2592.43,2651.21,2676.5,379.857,381.357,385.714,580.143,570.571,563.286,454.5,472.714,488.357,,
549.538,2156.07,3098.71,3060.43,2196.86,2167.5,1970.5,2266.64,1992.64,2375.36,2698.64,2443.71,2874.93,2489,2182.57,2227.43,2592.71,2634.86,2688.07,382.571,374.286,380,583.714,576.714,562.143,456.286,469.286,490.357,,
551.281,2126.79,3095.14,3055.14,2201.79,2146.71,1952.21,2255.93,2000.57,2376.5,2677.36,2439.43,2875.43,2491.5,2200.57,2235.43,2585.64,2632.93,2699,379.857,381.786,381,580.5,567.214,559.714,445.571,468.286,491.714,,
553.026,2118.79,3095.64,3043.14,2196.29,2143.07,1954.21,2253.5,1989.5,2364,2692.79,2430.07,2873.5,2494.64,2184.86,2210.5,2587,2648.21,2681.57,385.5,377,380.286,585.357,563.857,559.5,450.643,463.857,481.571,,
554.769,2137.36,3092.14,3038.93,2189.57,2149.5,1955.5,2240.14,1980.36,2359.93,2684.57,2444,2875.14,2490.57,2171.14,2211.29,2583.79,2652.43,2686.57,381.214,374.857,385.071,581.071,559.857,557.571,444.214,456.857,477,,
556.511,2145.5,3094.5,3048.29,2185,2151.64,1943.14,2241.71,1990.07,2369.21,2681.57,2434,2854.93,2470.93,2170.43,2206.71,2589.14,2619.36,2692.36,384.143,379.5,378.357,577.929,568.357,556.5,440.5,461.929,483.5,,
558.253,2128.14,3090.5,3043.57,2202,2154.14,1968.14,2239.14,1993.79,2380.07,2662.43,2424.5,2884.29,2475.21,2179.5,2210.5,2573.79,2641.79,2684.07,376.071,364.286,378.071,578.429,562.857,551.929,443.571,470.286,488.286,,
559.997,2135.29,3076.79,3037.07,2203.64,2154.36,1966.86,2273.57,1995.07,2380.07,2679,2436.71,2870.43,2495.43,2182.21,2216.36,2583.07,2632.14,2684.79,380.857,368.429,380.714,586.429,554.429,548.429,439.571,463.286,479.929,,
561.738,2125.5,3105.64,3043.71,2198.79,2177,1954.07,2262.07,1979.14,2369.07,2688.14,2432.29,2851.93,2468.36,2171.14,2202.5,2587.71,2643.36,2684.71,380.429,375.429,371.786,577.429,562.286,551.5,444.143,458.5,476.786,,
563.479,2148.36,3094.79,3054.29,2206,2156.71,1948.86,2261.57,1995.79,2376.64,2662.5,2433.57,2864.64,2448.79,2168.21,2182.57,2591.64,2633.43,2672,373.929,370.643,374.714,575.286,551.786,545.071,442.643,457.571,479.571,,
565.22,2148.57,3105.14,3077.79,2209.86,2160.21,1949.14,2259,2003.29,2368.43,2668.64,2443.93,2868.07,2452.07,2162.29,2192.14,2584.29,2645.71,2697.5,380.571,367.786,378.357,575.643,549.714,536.571,436.429,462.786,475.143,,
566.96,2147.93,3127.79,3069.79,2206.71,2177.14,1950.5,2252.36,1994.5,2363,2672.57,2425.71,2873.71,2467.21,2170.79,2206.71,2593.43,2657.5,2698,380.214,366.357,373.143,575.714,553.357,540.071,428.857,456,474.429,,
568.702,2146.71,3125.14,3073.64,2210.71,2159.86,1953.14,2269.21,2003.07,2388.43,2688.21,2425.5,2896.86,2453.79,2151.21,2198.71,2601.71,2647.86,2683.14,380.357,372.571,379.143,569,558.929,542,428.714,452,479.5,,
570.442,2141.21,3128.93,3067.21,2209.36,2172.14,1965.21,2257.21,1998.79,2400.86,2683.43,2438.36,2899.57,2444.57,2155.14,2201,2589.71,2651.71,2681.43,375.357,363.357,375.643,566.357,554.714,544,431.143,450.429,474.429,,
572.181,2137.93,3133.71,3070.29,2211.79,2182.43,1958.14,2271.64,2007.29,2374.29,2677.86,2431.43,2899.71,2458.36,2157.71,2177.43,2613.36,2676,2699.43,371.357,374.286,372.857,572.143,553.071,537.214,429.714,444.929,468.286,,
573.92,2162.64,3128.93,3055.86,2212.43,2174.86,1964.21,2261.36,1991.14,2388,2676.79,2421.43,2878,2449.21,2160.64,2161.36,2616.86,2652.86,2709.79,376.5,366.714,377.214,573.714,548.714,547.929,433.5,444.643,473.143,,
575.659,2135.43,3125.36,3085.86,2213.93,2182.36,1955.93,2266.5,1974.64,2375.79,2679.29,2429.71,2885.21,2449.71,2153.57,2166.29,2599.21,2652.86,2699.79,378.786,371.071,373.286,565.5,547.357,536.357,423.143,444.857,462.071,,
577.397,2136.71,3127,3059.57,2216.5,2179.36,1959.43,2277.79,2000.86,2382.93,2662.14,2412.14,2872.71,2442.14,2145.71,2172.71,2600,2655.5,2703.57,376.429,373.071,369,569,543.571,539.143,420.714,442.214,462.357,,
579.137,2153,3134,3063.43,2233.79,2182.21,1981.29,2269.71,1982.64,2379.64,2678.43,2423.71,2884.86,2431.21,2142.79,2173.36,2601.5,2657.29,2696.57,371.929,368.143,379,567.214,545.786,532.429,435.214,446.714,462.429,,
580.875,2154.21,3130.21,3078.71,2209.64,2179,1967.14,2285.29,1994.29,2390.07,2676.14,2428.93,2890.29,2437.57,2134.5,2172.36,2598,2652.43,2701.43,371.857,371.714,371.214,552.929,544.643,536.357,421.429,444.571,463.5,,
582.612,2144.21,3136.29,3071.64,2227.57,2181.43,1968.64,2266.79,2001.79,2389.21,2663.14,2419.14,2906.93,2433.71,2125.14,2175.5,2597,2651.07,2694.29,375.071,366.286,374,553.786,543.857,531,416.571,445.643,457.714,,
584.349,2152.36,3138.64,3090.57,2232.21,2175,1983.43,2275.36,2014,2393.71,2682.14,2429.57,2892.79,2441.71,2130.64,2165.29,2622,2667.57,2700.64,381.786,364.929,371.357,563.929,531.786,533.857,420.214,444.286,462.857,,
586.086,2170.86,3143.21,3082.64,2230.86,2200.71,1985.5,2274.93,2012.07,2399.29,2676,2425.93,2899.14,2432,2149.14,2157.86,2617.36,2675.21,2707.86,375.643,371.214,371.857,564.143,540.929,526.786,423.286,442.929,459.857,,
587.822,2154.5,3142.79,3080.64,2234.5,2176.71,1987.21,2274.07,1994.43,2383.43,2672.57,2444.29,2911.07,2430.57,2119.57,2154.07,2601.71,2671.79,2708.5,367.071,365.071,367.643,562.857,543,536,424.643,436.643,459.571,,
589.558,2158.86,3146.93,3090.86,2235.29,2189.93,1975.93,2274.86,2019.86,2392.21,2676.64,2420.57,2896.43,2427.14,2125.43,2143.93,2619.36,2676.07,2716.5,371.786,364.429,372.857,559,541.071,526.214,417.571,434.5,465.643,,
591.296,2172.36,3151.93,3101.29,2240.36,2187.93,1977.07,2282.21,1989.29,2401.5,2679.14,2436.07,2904,2418.86,2106.43,2149.21,2617.07,2689.5,2723.64,371.714,365.357,372.357,561.643,534.143,524.643,417.643,433.286,450.357,,
593.031,2153.14,3147.36,3088,2219.36,2176.64,1990.5,2272.64,2001.36,2390,2683.93,2445,2911.57,2408.36,2117.86,2152.14,2621,2673.57,2711.93,371.071,367.5,372.5,556.786,534.214,521.5,418.143,435.714,462.214,,
594.766,2162.64,3150.36,3094.71,2226.29,2192.79,1978.79,2278.21,1999.86,2397.93,2653.21,2436.07,2891.07,2426.36,2133.43,2153.07,2625.93,2658.79,2722.43,372.214,364.571,371.571,560.571,535.071,537.143,416.214,436,454.357,,
596.501,2166.5,3136.14,3098.36,2228.79,2206.21,2001.21,2281.21,1999.64,2392.86,2675.29,2434.36,2910.5,2422.5,2108.07,2141.36,2633.93,2685.07,2719.21,377.571,367.571,368.643,563.214,541,533.571,411.143,432.5,456.429,,
598.235,2168.5,3151.64,3104.71,2224.5,2195.5,2001.86,2282,2008.57,2418.93,2661.21,2423.86,2902.79,2417.93,2122.57,2150.57,2611.5,2659.43,2714.64,372.357,362.429,368.857,557.286,536.786,531.571,416.429,435.286,463.786,,
599.969,2185.21,3147.93,3100.5,2243.71,2211.29,1999.29,2288.57,2010.07,2409.93,2667.57,2432.21,2917.57,2411.86,2129.79,2145.64,2615.93,2685.43,2731.07,372.786,359,372.5,561.786,527.357,530.643,415.143,429.714,450,,
601.703,2174.29,3153.71,3108.64,2242.57,2205.86,1990.29,2280.57,2004.57,2403.71,2667.79,2417.07,2904.07,2408.5,2124.86,2127.79,2602.57,2679.71,2702.93,370.571,363.357,367.071,549.857,537,527.214,405.357,426.5,451.786,,
603.437,2176.71,3147.29,3117.43,2228.5,2196.93,1978.93,2279.5,2013.57,2405.21,2669,2418.79,2922.14,2395.86,2116.07,2147.57,2601.57,2679.79,2705.64,371.214,359.071,364.143,561.857,529.286,519.357,412.429,423,451.5,,
605.17,2177.79,3129.79,3106.5,2216.86,2187.21,2005.21,2275.07,2023.07,2418.79,2644.86,2418,2905.07,2416.57,2108.29,2129.29,2608.71,2670.07,2704.21,366.071,363.071,367.214,556.429,531.857,513.5,407.929,433.714,445.929,,
606.902,2158.86,3149.43,3124.5,2234.57,2204.64,1990.5,2282.57,2030.57,2403.14,2670.43,2403.57,2901.79,2403.14,2089.21,2128.71,2622.14,2661,2721.21,371.357,362.286,365.143,551.357,536.429,520.286,406.357,424.571,446.929,,
608.635,2175.64,3143.79,3103.71,2220.93,2199.57,1975.79,2273.21,2008.57,2399.29,2636.21,2427.43,2907.29,2400.07,2105,2124.5,2601.14,2672.36,2710.86,369.357,362.143,367.714,549.714,530.143,524.929,400.286,429.286,441.286,,
610.367,2173.5,3161,3113.71,2225.29,2193.5,1990.43,2269.29,2003.29,2397.43,2655.93,2410.21,2908.57,2412.64,2080.21,2127.21,2610.21,2672.29,2715.5,369.857,362.357,366.857,551.143,531.786,523.143,410.071,424.071,451.429,,
612.099,2172.64,3150.57,3090.93,2236.07,2211.5,1970.43,2276.21,2011.86,2416.79,2658.57,2394.93,2902.43,2388.64,2094,2121.5,2604.93,2678.21,2700.64,370.214,366.786,367.929,550.643,525.5,524.143,405.714,427.643,447.071,,
613.83,2154.36,3149,3093.14,2237.79,2189.93,1987.21,2272.86,2011.71,2412.5,2644.29,2423.79,2923.14,2383.29,2080.21,2101.5,2609.93,2674.64,2706.21,366.929,365.643,363.071,544,526.643,515.643,405.571,418.357,450,,
615.561,2173.43,3145.86,3091.93,2229.93,2212.29,1989.86,2268.36,2001.64,2398.57,2638.86,2395.71,2900,2379.57,2091.36,2111.07,2597.64,2671.29,2704,366.143,363.714,363.071,550.929,528.5,521.571,404.714,428.071,443.429,,
617.292,2183.57,3145.29,3093.86,2244.93,2197.71,1982.29,2290.07,2004.64,2410,2655,2414.57,2893.57,2382.79,2085.57,2108.14,2616.71,2660.21,2704.5,367.214,362,361.071,552.571,529,520.929,405.214,426.643,441.143,,
619.022,2180.57,3152,3090.14,2221.5,2207.43,1985.86,2279.5,1997.86,2400.5,2661.79,2410.07,2893.21,2381.57,2090.36,2120.64,2602.71,2674.14,2702.79,371,363.214,364.929,542.214,525.286,523.5,407.786,431.357,451.357,,
620.752,2168.57,3149.5,3100.71,2232.71,2218.64,1987.93,2288,2021.07,2412.57,2650.5,2410.29,2908.14,2395.86,2071.93,2109.86,2598.14,2674.71,2702.43,364.071,364.857,372.071,546.929,532.643,521.786,408.929,427.357,451.357,,
622.482,2169,3155.86,3102.14,2244.29,2206.71,1993,2295.43,2010.93,2412.29,2664.79,2404.64,2910.93,2382.57,2070.29,2111.43,2612.86,2675,2729.64,371.071,357.286,369.857,554,529.214,518.571,408.571,425.214,444.5,,
624.211,2173.71,3153.71,3116.29,2239.71,2200.79,1981.64,2281.21,2009.14,2406.43,2659,2414,2919.07,2381.5,2064.79,2103.5,2605.79,2670.86,2727,372,360.429,376.143,558.5,539,520.714,408.571,427.5,442.929,,
625.94,2189.14,3150.57,3113.79,2238.21,2187,1996.21,2284.57,2007.21,2413,2657.29,2420.86,2909.79,2368.43,2079.5,2100.57,2613.43,2655.14,2709.29,366.714,359.786,363.286,548.929,521.857,517.143,406.071,420.571,440.429,,
627.669,2191.5,3160.36,3104.21,2249,2211,1996.79,2267.14,2027.93,2433.14,2648.71,2415.21,2926.07,2382.43,2072.71,2121.07,2607.07,2672.43,2724,367.5,363.143,367.143,551.286,525.643,523,401.214,423.929,443.929,,
629.398,2176.93,3180.29,3131,2238.57,2208.86,1999.5,2275.57,2029.93,2401.93,2646.21,2402.64,2925.14,2380.64,2086.43,2097.36,2606,2680.5,2706.79,364.071,364.5,368.786,544,528.857,519.429,405.571,424.571,438.214,,
631.126,2185.36,3169.93,3122.14,2233.14,2202.57,1992.29,2287,2010.71,2412.71,2662.71,2403.36,2911.07,2381.29,2069.71,2110.07,2629.5,2672.14,2721.14,375.714,364.714,365.786,554.429,523.071,524.071,407.071,418,440.214,,
632.854,2173.14,3173.07,3110,2239,2212.07,1992.71,2267.71,2018,2404.36,2648.14,2413.14,2916.71,2395.43,2088.29,2104.86,2614.43,2683.86,2703.93,365.571,360.929,360.071,549.214,527.214,518.714,403.714,423.643,438.214,,
634.581,2180.64,3149.86,3113.07,2254.07,2215,2001.79,2281.21,2007,2418,2644.21,2405.86,2922.07,2385.57,2071.93,2111.43,2612.36,2661.71,2710.36,369,365.5,359.429,546.929,530.429,519.071,401.857,422.929,448.929,,
636.308,2185.86,3177.93,3120.14,2248.21,2206,1989.86,2279.29,2012.36,2427.71,2640.29,2400.21,2938.64,2386.14,2079.43,2105.86,2609.29,2667.29,2692.86,369.571,362.214,366.571,549.214,526.214,510.5,401.714,415.857,437.857,,
638.035,2179.29,3157.64,3121.71,2243.43,2211.86,2003.36,2283.14,2017.43,2402.29,2640.57,2387.57,2945.71,2374.14,2070.64,2092.64,2596.86,2664.21,2702.43,368.5,362.429,361.714,544.857,525.143,513.071,402.643,422.571,438.357,,
639.761,2186.64,3173.21,3130.43,2245.21,2214.79,1998.79,2278.64,2013.36,2413.57,2641.64,2405.21,2932.29,2370.64,2061.36,2102.64,2609.14,2669.79,2699.93,365.357,356.714,359.643,548.357,522.5,515.857,399.714,420.071,440.071,,
641.487,2177.5,3188.21,3140.79,2266.93,2214.5,1999.21,2290.14,2021.93,2417.14,2637.79,2395.14,2926.93,2375.79,2074.57,2094.29,2605.64,2681.86,2703.71,367.143,363.571,362.143,544.143,517.143,519.5,399.071,421.714,432.571,,
643.213,2189.36,3171.21,3114.14,2250.36,2225.93,2006.93,2294.93,2035,2431.64,2638.07,2408.5,2925.64,2342.93,2053.64,2100.79,2609,2668.43,2714.79,366.071,360.5,357.643,546.643,520.857,511.071,395.286,413.571,445.071,,
644.937,2197.86,3187.57,3129.36,2252.07,2227.14,2002,2300,2027.43,2436.36,2661.14,2417.36,2932.07,2363.93,2044.21,2088.5,2614.57,2685.21,2720.79,360.786,363,360.571,545.5,526.714,513.5,392.5,413.643,436.429,,
646.662,2201,3174.43,3145.79,2271.43,2213.79,1998.93,2283.93,2019,2427.43,2653.43,2401.57,2948.64,2359.14,2074.43,2081.86,2612.5,2680.5,2719.36,366.643,356.786,361.357,539.786,522.929,513.071,394.143,408.143,436.429,,
648.387,2186.07,3196.43,3130.93,2267.5,2224.93,2006.57,2294.43,2026,2438.64,2649.64,2410.64,2933.43,2359,2053.79,2082.57,2630.79,2684.21,2738.07,369.714,351.571,360.643,533.643,522.071,512.357,390.429,411.143,436.929,,
650.111,2190.14,3172.29,3127.71,2264.21,2214.43,2011.07,2289.21,2018.14,2423.29,2641.79,2401.79,2937.07,2353.29,2044.07,2071.86,2626.07,2693.79,2718.07,363.214,360.357,360.643,546.571,513.857,510.143,387.786,416.429,434.714,,
651.835,2197.43,3172.57,3135.86,2269.21,2228.43,2007.71,2296.86,2016.5,2425.43,2645.64,2386.07,2944.21,2352.29,2054.57,2073.07,2630.5,2685.21,2726.79,359.5,358.286,360.929,542.357,513.643,505.857,390.929,415.857,429.143,,
653.559,2204,3191.93,3135.64,2252,2217.5,2001.21,2298.57,2014.29,2434,2630.29,2405,2922.21,2338,2048.64,2084.14,2625.64,2670.93,2723.21,362.286,361.071,360.071,542.5,519.429,511.786,384.857,412.786,432.071,,
655.283,2192.21,3168.86,3121.14,2239.79,2225,2012.71,2292.79,2019.14,2419.93,2631.29,2395.86,2934.86,2352.29,2035.71,2068.29,2621.21,2687.21,2718.71,367.357,359.071,361.929,541.143,508.714,511.714,386.143,412.571,427.643,,
657.004,2186.43,3183.43,3125.14,2255.14,2232.93,2000.64,2295.57,2028.07,2432.79,2635.5,2420.57,2930.21,2335.43,2056.14,2072.21,2621.93,2691.14,2737.14,362.714,354.5,364.214,540.357,521.5,511,386,409.143,428.143,,
658.727,2204.86,3194.21,3132.14,2251.21,2214.71,2016.36,2286.93,2020.14,2428.93,2634.5,2406.79,2942,2331.79,2029.71,2085,2630.29,2690.21,2723.86,361.571,358.857,362.929,538.143,512.929,503.857,388.357,411.286,429.143,,
660.449,2196.93,3178.79,3153.93,2259.64,2248.07,2021.21,2313.36,2023.64,2443.14,2626.79,2404.79,2923.21,2342.43,2027.14,2070.14,2614.93,2666.21,2709.86,372.143,356.429,361.571,532.071,517,508.571,390,409.714,427.714,,
662.172,2201.07,3215.79,3145,2263.14,2225.36,2018.36,2297.57,2021.43,2434.36,2630.71,2399.5,2932.14,2330.57,2038.14,2066.36,2617.07,2663.14,2726.79,360.286,362.214,348.929,538.5,510.357,505.714,390,399.857,420.643,,
663.893,2198.71,3189.64,3152.79,2259.79,2243.21,2005.21,2295.07,2031.71,2435.21,2628.5,2412.71,2956.57,2338.5,2025.21,2068.86,2633.29,2666.64,2704.29,365.786,352.786,358.857,531.643,514.357,515.5,382.5,408.143,430.214,,
665.615,2197.5,3199.43,3122.5,2255.86,2233.5,2002.79,2286.57,2030.21,2438.86,2639.71,2388.57,2942.71,2325.57,2026.79,2059.64,2648.79,2689.71,2696.64,364.143,359.643,358.857,539.071,511.143,505.143,383.786,404.714,422.286,,
667.334,2195.14,3180,3161.71,2257.29,2231.71,2011.07,2289.36,2032.71,2453.14,2622,2387.57,2944.36,2341.64,2022.5,2061.43,2634.07,2670.86,2717.79,359,351.786,356.5,536.5,513.571,499,390.071,407.357,429.357,,
669.055,2200.21,3183.29,3140.71,2258.5,2225.79,2002.07,2297.07,2029,2427.86,2626.71,2397.79,2939.21,2323.86,2015.43,2062.79,2612.64,2690,2728.29,364.071,356.643,353.714,537.214,517.286,500.929,381.643,400.286,424.429,,
670.776,2194.14,3199.71,3148.29,2267,2229.79,2020.64,2290.43,2023.36,2423.07,2642.14,2395.21,2941.57,2345.86,2022.14,2063.79,2636.43,2687.64,2743.79,361.857,361.214,362.857,539.643,516,509.714,386.857,412.929,432.214,,
672.496,2202.36,3186.86,3127.21,2254.14,2234.93,2008.29,2295.93,2009.71,2428.79,2625.79,2375.21,2929.71,2332.36,2028.79,2055.5,2611.93,2678.36,2705.29,365.929,358,359.214,533.929,512.786,495.714,390.643,413.143,431.071,,
674.214,2193.79,3197.93,3135.57,2269.21,2213.14,1999.5,2293.07,2020.71,2449.29,2617.36,2384.86,2941.5,2321.57,2031.14,2046.43,2620.71,2676.5,2712.71,361.786,354.786,365.714,534.786,507.5,497.071,396.429,405.929,428.714,,
675.933,2204.29,3186.86,3140.64,2276.21,2216.71,2004.71,2294.64,2036.86,2433.43,2617.57,2383.5,2958.79,2333,2028.14,2048.5,2616.21,2685.14,2706.43,367.571,357.143,363.071,528.643,510,504.571,390.357,401.357,433.429,,
677.653,2203.29,3201.21,3135.57,2281.29,2223.71,2009.14,2314.07,2039.07,2452.5,2613.43,2381,2943.07,2319.79,2031.36,2066.71,2610.86,2667.86,2719.07,369.714,357.214,358.071,530.929,516.571,512.214,390.357,404.5,425.429,,
679.372,2207.07,3195.5,3147.36,2257.71,2250.86,2005.07,2320.71,2023.5,2438.14,2645.71,2402.29,2952.86,2338.21,2001.57,2049.14,2609.86,2674.43,2705.29,363.571,353.571,358.714,528.286,507,507.857,377.071,409.143,428.071,,
681.088,2216.36,3210.93,3149.79,2278.93,2228.86,2020.14,2309.86,2035.79,2451.57,2617.64,2381.5,2941.29,2336.5,2028.29,2060.14,2602.21,2674.5,2719.36,365.286,357.786,355,529.286,513.143,502.286,394.5,405.143,427.5,,
682.806,2225.21,3197.07,3161.93,2269.5,2226.36,2003.29,2303.57,2030.07,2448.5,2601.43,2395.21,2957.64,2322.93,2025.36,2041.93,2632.64,2677.21,2719.57,366.214,353.5,357.071,535.5,522.714,500.429,385.571,403.786,428.357,,
684.524,2200.36,3210.14,3151.29,2263.07,2242.14,2023.36,2304.93,2020.14,2434.36,2624.29,2379.29,2950.43,2339.14,2026.07,2058.64,2629.79,2683.86,2721.86,359,354.071,366.571,531.786,514.429,499.5,384.643,414.357,425.857,,
686.242,2198.64,3191.79,3164.57,2256.93,2232.71,2002,2309.07,2037.36,2441.29,2619.57,2373.71,2957.29,2339.71,2030.21,2065.36,2621.86,2671.64,2725,361.214,357.071,357.714,538.5,511,509.214,389.286,405.571,432.071,,
687.957,2213.5,3198.71,3158.64,2260,2234.29,2011.79,2306.43,2035.43,2447.36,2619.43,2383,2942.29,2333.07,2038.43,2060.5,2628.86,2664.07,2710.5,367.5,361.714,360.357,538.214,517.143,508.143,382.786,409.214,423.214,,
689.674,2203.79,3213.43,3141.57,2258.14,2239.29,2021.71,2298.71,2024.14,2456.86,2618.29,2373.86,2955.57,2338.93,2022.64,2065.36,2620,2697.57,2699.86,368.786,359.5,360.929,539.071,517.5,501.643,388.643,408.643,421.357,,
691.391,2194.21,3211.29,3149.36,2272,2229.57,2020.5,2304.29,2022.29,2447.36,2603.29,2379.36,2938.57,2334.21,2036.43,2061.36,2625.29,2682.14,2713.14,363.429,357.286,359.857,536.714,518.071,496.857,392.714,404.429,430.5,,
693.105,2210.21,3203.29,3153.79,2265.29,2226.79,2014.29,2313.43,2032.93,2449.86,2619.64,2384,2944.57,2333.14,2026.14,2054.29,2616.29,2676.93,2717.14,372.071,356.929,366.357,533.857,514.857,502.214,389.786,408.714,428.857,,
694.821,2202.71,3189.43,3140,2254.14,2242.29,2018.21,2295.21,2037.57,2442.21,2626.64,2379.5,2943.21,2349.14,2024.64,2052.07,2621.71,2670.86,2710.79,362,350.786,357.714,535.857,521.071,500.643,383.857,399.429,430.214,,
696.537,2204.29,3201.64,3150.07,2275.64,2248.64,2019.43,2317.07,2040.43,2449.93,2625.86,2377.43,2961.21,2340.43,2031.43,2059.86,2627.79,2685.43,2719,367.5,361.929,361.286,539,519.214,501,380.929,411.786,431.357,,
698.252,2215.5,3210.21,3159.5,2284.21,2237.43,2025.57,2307.36,2037.36,2452.93,2636,2394.36,2937,2333.07,2021.64,2052.57,2628.57,2673.14,2727.79,362.714,356.5,356.357,531.357,510.786,508.214,390.643,404.643,421,,
699.965,2217.79,3222,3163.79,2282,2242.79,2014.07,2309.14,2035.93,2447.93,2631.43,2388.07,2964.86,2338.57,2018.57,2073.36,2630,2677.29,2744.21,360.786,357.643,362.071,537.571,514.357,504.143,386.786,408.929,429.5,,
701.68,2225.71,3229.71,3172.71,2264.07,2250.07,2024.43,2320.64,2041.79,2461.64,2636.21,2382.93,2959.5,2332.07,2035.07,2059.14,2623.5,2683.21,2724.71,363.929,357.929,359.5,536.357,521.5,506.214,386.429,407.571,430.071,,
703.392,2228,3222.14,3164.93,2281.43,2246.86,2022.71,2320.43,2037.36,2459.14,2615.21,2382.93,2942.64,2329,2009.86,2062.5,2619.86,2687.79,2717.71,368.429,362.286,361.071,539.357,517.357,503.786,379.5,401.929,431.786,,
705.107,2223.43,3216.43,3155.14,2279.36,2234.57,2019,2314.21,2031.71,2453.07,2612.36,2382.36,2954.07,2329,2016.43,2051.36,2632.64,2656.14,2721,369.286,356.071,364.286,544.214,512.857,512.714,380.357,408.214,430.214,,
706.82,2227.71,3219.71,3162.5,2277.29,2225.36,2029,2308,2037.93,2450.21,2618.43,2407.57,2960,2337.21,2016.64,2062.86,2617.5,2687.86,2718.57,365.071,363.786,361.357,540.357,516.429,519.5,386.429,400.5,425.214,,
708.532,2233.43,3212.57,3169.57,2265.29,2242.64,2021.36,2307.93,2037.79,2470.79,2624.93,2382.43,2957.14,2324.14,2022.86,2058.43,2625.43,2673.21,2717.5,364.5,354.429,361.071,538.071,514.357,511,391.571,409.071,426.5,,
710.245,2224.14,3210.43,3165.43,2271.57,2244.43,2021,2310.79,2038.93,2453.07,2629.86,2391.07,2981.93,2338.93,2024.79,2056,2644.14,2670.64,2724.29,361.214,362.143,365.714,539.286,518.643,509.429,388.857,411.214,428,,
711.958,2218.36,3214.57,3171.29,2271.64,2240.93,2010.93,2306.57,2040.64,2459.86,2631.36,2373.29,2960.57,2328.5,2012.36,2055.71,2626.57,2688.29,2712.71,363.357,360.286,364.714,542.071,517.857,508.786,382.929,402.071,427.714,,
713.668,2227.57,3213.64,3159.93,2282.07,2246.86,2019.43,2308.64,2028.36,2444.36,2616.71,2383.36,2969.5,2324.79,2031.57,2071.14,2634.21,2674,2723.86,367.214,359.571,359.429,528.857,510.714,505.357,386.214,404,427.714,,
715.38,2227.57,3215.86,3163.36,2293.79,2244.86,2031.36,2313.14,2037.07,2462.5,2637.36,2390.14,2979.07,2337.29,2033.5,2066.5,2622.5,2677.93,2726.86,367.857,353.429,362.286,536.143,513.929,502.5,392.286,403.429,427.643,,
717.09,2234.14,3219.14,3173.64,2277.64,2249.5,2026.36,2343.93,2038.64,2469.71,2631,2398.14,2963.43,2331.79,2016,2047.93,2633.07,2690.79,2726.14,369.214,360.143,368.786,537.5,518.714,504.429,395.214,409.857,431.929,,
718.801,2235.71,3225.71,3179.29,2296.5,2262.64,2025.36,2329.79,2051.29,2463.29,2628.36,2397.79,2975.5,2338.43,2033.07,2063.57,2626.57,2673.14,2731.71,360.571,357.214,360.214,544,522.714,514.5,390,404.929,435,,
720.512,2223,3223,3167.86,2277.93,2252.29,2033.86,2339.21,2043.21,2471.29,2646.79,2384.86,2995,2329.86,2024.43,2060.29,2627.64,2697.86,2749.57,366.571,360.286,367.286,544.5,524.214,519.786,387.214,406.143,434.714,,
722.221,2245.36,3231.71,3187.43,2283.64,2256.14,2048.21,2320.21,2051.14,2475.57,2648.93,2382.64,2964.5,2344.07,2022.29,2076.14,2627.93,2690.5,2733.5,362.286,359.929,363.071,538.143,518.714,508.429,391,402.5,430.5,,
723.932,2234.71,3225.93,3178.79,2292.29,2259.5,2033.43,2319.43,2039.5,2473.21,2643,2399.14,2978.36,2321.43,2029.71,2071.29,2636.79,2692.43,2748.29,367.786,366.214,362.214,544.643,521.357,503.071,392.357,404.071,422.429,,
725.64,2236.71,3249.5,3188.5,2309.5,2256.93,2038.57,2342.14,2054.36,2471.07,2639.64,2387.43,2982.57,2342.93,2034.5,2061.86,2643.57,2697.36,2735.71,370.286,368.357,368.071,538.571,521.214,506.143,389.643,406.714,425.786,,
727.35,2228.93,3209.43,3181.14,2288.79,2252.64,2035.07,2322.93,2043.5,2482,2650.86,2391.71,2966.71,2342.57,2027,2079.21,2629.43,2696.14,2745.07,369.214,356.857,362.357,545.214,521.714,513.071,386.5,409.429,433.214,,
729.057,2241,3221.93,3198.86,2312.36,2275.93,2042.64,2333.07,2034.57,2467.79,2639.71,2397.07,2970.43,2334.21,2037.71,2082.93,2638.71,2714.79,2754.36,370.143,365.357,358.929,548.214,520.071,513.571,390,410.214,434.071,,
730.767,2237.43,3230.43,3198.71,2283.36,2267.43,2037,2333.21,2049.07,2476.64,2625,2388.86,2978.86,2355.64,2032.29,2074.57,2629.07,2701.86,2748.57,372.429,362.143,366.714,541.643,515.643,513.5,394,412.857,421.714,,
732.473,2247.14,3244.43,3166.07,2301.36,2271.36,2042.21,2326.93,2071,2487.64,2643.07,2406.71,3000.64,2348.79,2037.07,2073.79,2650.36,2692.5,2734.21,370.286,365.214,366.143,537,518.214,516.214,394.786,404.571,432.143,,
734.182,2218.07,3235.36,3171.07,2290.07,2254.07,2053.79,2333.64,2060.29,2490.64,2628.21,2402.79,2985.86,2338.79,2017.21,2071.71,2640.14,2698.07,2733.43,371.286,354.786,362.357,541.929,510.714,506.643,396.643,410.357,431.786,,
735.888,2256,3245.36,3196.14,2306.21,2276.64,2047.79,2329.79,2057.5,2467.21,2653.14,2408.43,2979.57,2339.14,2037.93,2064.64,2627.5,2705.07,2740.21,368.714,361.286,369.143,546.571,525.643,509.5,393.286,409.214,430.929,,
737.596,2255.5,3240.43,3190.07,2306.64,2249.36,2035.14,2334.57,2055,2479.29,2639.36,2394.57,3007.93,2340.14,2038.5,2064.5,2636.21,2702.5,2729.64,371.786,365,361.857,549.571,523,514.357,387.714,412.429,421.857,,
739.304,2247.79,3240.21,3193.64,2285.71,2253.14,2044,2346.93,2049.29,2479.21,2644.71,2395.29,2995.86,2333.07,2049.86,2072.07,2645.57,2702.71,2736.43,369.357,368,364.571,543.286,515.857,512.429,391.357,406.071,429.214,,
741.009,2254.36,3249.14,3219.21,2298.07,2272.5,2040.5,2329.43,2054.79,2487.57,2643.29,2409.07,2973.93,2345.79,2039.36,2069.57,2623.71,2696.71,2721.86,369.857,362.286,366.214,544.429,523.071,512.5,386.786,413.429,427.929,,
742.714,2264.86,3235.29,3181.14,2319.29,2259.57,2050.07,2335.71,2059.14,2484.5,2635.64,2420,2982.86,2354.79,2042.79,2070.14,2641.36,2712.5,2739.57,373,358.857,372,539.643,525,508.143,388.714,407,426.429,,
744.421,2252.64,3240.86,3190.43,2300.86,2271.93,2042.71,2343.57,2055.64,2484.43,2631.79,2398.71,2980.64,2337.57,2035.79,2064.21,2634.93,2699.71,2738.57,368.571,362.571,365.214,532.071,522.786,517.214,395.786,415.929,435.429,,
746.125,2248.36,3224.21,3193.71,2282.57,2263.57,2035.36,2324.64,2050.86,2477.21,2634.71,2399.86,2990.5,2341.86,2039.07,2067.14,2643.64,2688.36,2745.29,370.357,366.286,368.929,545.072,528.5,514.429,389.857,416.571,436.714,,
747.831,2251.71,3222.07,3172.07,2298.43,2264.79,2038,2339.86,2058.29,2478.29,2635,2398.86,2990.86,2332.29,2041.93,2085,2623.79,2700.21,2732.29,381.429,369.786,373.714,545.571,518.714,516.929,389.714,412.143,439.714,,
749.534,2254.86,3227.07,3191.5,2303.93,2278.86,2047.07,2334.93,2052.86,2493.93,2656.21,2395.36,3012.43,2334.29,2035.64,2076.93,2627.5,2694.71,2741.71,371.357,365.286,373.071,553.143,526.143,516.214,395.786,420.5,438.357,,
751.24,2248.57,3245.64,3192.36,2305.43,2267.36,2041.29,2342.21,2068.86,2486.21,2634.57,2415.36,2994.43,2335.29,2042.79,2079.07,2636.71,2699.21,2744.71,374.286,366.5,366.929,551.214,523.643,514.571,393.214,411,441.214,,
752.943,2253.07,3244,3186.5,2299.14,2270.79,2059.5,2346.64,2068.79,2496.14,2636.79,2400.93,2989.5,2327,2040.79,2077.79,2654.43,2684.5,2745.93,375.5,361.714,367.286,545.214,527.5,514.643,396.857,417.857,432.286,,
754.647,2264.21,3246.29,3180.79,2304.71,2272.5,2067.57,2345.71,2051.71,2505.5,2629.5,2395.07,2995.71,2346.36,2042,2081.93,2634,2703.79,2732.29,377.071,366.571,372.429,547.571,527.429,520.714,394.5,419.857,427.571,,
756.35,2247.86,3242.86,3164.93,2312.07,2277.71,2039.07,2345.14,2065.21,2498.71,2646,2395.86,3006,2322.71,2051.36,2071.07,2640.07,2697.64,2733.29,371.357,360.286,366.357,542.929,517,508.071,392.286,416.857,439,,
758.054,2248.21,3265,3177,2313.14,2270.43,2040.21,2346.21,2074.79,2491.71,2651.86,2410.79,3006.79,2344.29,2039.43,2084.29,2635.57,2692.79,2745.86,374.429,358.214,373.143,548.643,524.571,514.643,399.429,416,431.143,,
759.756,2262.29,3236.71,3199.71,2308.43,2249.79,2059.57,2342.07,2058.36,2493.86,2627.29,2406,3007.86,2335.43,2059.14,2063.64,2639.14,2682.43,2739,373.786,359.929,368.214,548.929,526,527.286,393.143,411.214,438.214,,
761.457,2265.36,3265,3208.14,2310.71,2267.64,2049.36,2335.21,2065.64,2501.93,2647.93,2397.71,2992.79,2344.36,2039.57,2070.57,2631.36,2694.29,2745.07,378.357,366.643,369.357,559.786,521.071,514.786,402.357,418.214,434.714,,
763.16,2273.71,3262.71,3177.57,2290.79,2276.43,2052.07,2346.14,2064.43,2490.36,2640.64,2368.93,2995.79,2349.36,2041.14,2085.43,2624,2679.21,2715.57,373.929,361.714,363.571,554.071,527.286,517.286,404.5,421.714,431,,
764.861,2257.36,3245.57,3190.29,2313.43,2270.64,2049.79,2333.64,2064.43,2478.86,2640,2364.79,2990,2353.29,2031.86,2067,2626.43,2691.64,2742.57,367.714,367.571,371,556.571,527.429,513.072,397.214,421.857,433.5,,
766.563,2243.36,3246.79,3204.71,2302.71,2264.21,2035.43,2326.57,2066.71,2489.07,2627.21,2382.29,2989.21,2336.93,2042.07,2071.14,2627.21,2667.29,2716.43,378.643,370.286,373.571,547.857,531.714,519.929,403.286,415.143,438.643,,
768.263,2269,3240.07,3177.07,2295.64,2261.64,2043.5,2326.14,2057.36,2471.21,2618.43,2393.21,2990.07,2335.86,2044.71,2075.86,2615.57,2674.79,2722.57,372.286,370.143,373.286,555.286,523.286,519.714,406.357,420.714,440.5,,
769.963,2260.57,3236.14,3194.57,2291.43,2269.86,2044.79,2319.64,2063.57,2496.5,2613.21,2392.64,2996.43,2333,2040.5,2069.79,2607.5,2672.5,2729.5,376.071,367,373.643,553.857,529.929,521,404.429,425.143,447.071,,
771.665,2254.86,3260.93,3198.86,2307.93,2270.57,2054.07,2337.5,2044.64,2483.07,2615.29,2372.93,3002.21,2346.43,2043.07,2065.5,2619.14,2674.07,2721.64,378.929,374.286,365.857,558.071,526.929,510.643,406.357,427.643,438.929,,
773.364,2262.43,3254.21,3199.64,2319,2264.57,2055.07,2339.5,2068.5,2488.93,2634.5,2397.14,3002.86,2346.57,2034.79,2074,2609.29,2685.36,2722.93,375.714,376.929,371.286,559.571,523.643,517.643,403.286,426.643,446.929,,
775.063,2265.36,3252.29,3179.71,2294.5,2272.29,2048.43,2344.71,2062.57,2492.79,2624.21,2375.71,2977.57,2344.86,2031.64,2085.71,2613.29,2670.43,2712.5,375.429,371.5,371.5,551.286,528.857,522.786,407.857,425.214,439.357,,
776.763,2262.5,3242.43,3193.21,2301.43,2267,2047.14,2330.21,2069.07,2484.71,2625.71,2395.21,2976.29,2342.64,2030.43,2068.29,2604.5,2665.5,2726.64,377.429,365.357,371.429,557.286,532.071,528.143,402.929,423.5,444.143,,
778.461,2248.14,3234.14,3206.21,2294.71,2270.64,2051,2347.64,2069.36,2496.86,2615.86,2376.86,2998.14,2352.43,2051.86,2081.43,2623.71,2678.07,2726.57,377.143,366.143,372.429,551.714,543,528.286,403.357,421,443,,
780.159,2250.36,3238.29,3170.64,2308.93,2278.57,2047.14,2322.21,2065.21,2492,2624,2371.5,2992.79,2357.43,2030.93,2084.93,2623.93,2675.57,2737.07,376.571,363.643,368.786,557.429,542.714,521,408.714,417.571,443.929,,
781.859,2257.64,3249.93,3191,2293.79,2274.43,2049.79,2349,2066.86,2490.07,2615.14,2396.21,2977.36,2347.64,2035.93,2077,2608.36,2664.86,2722.36,377.357,368.929,374.286,561.714,527.571,528.429,405.5,425.857,449.071,,
783.556,2271.14,3231.21,3182.29,2299.21,2267.43,2044.71,2329,2064.5,2503.36,2621.5,2388.29,3002.79,2350.14,2058.07,2088.29,2615.79,2674.36,2712.29,379.643,369.143,374.5,558.214,530.643,523.071,402.714,427.214,449.571,,
785.253,2264.29,3251.36,3195.71,2290.29,2250.86,2048.71,2340.21,2063.43,2486.29,2646.86,2384.86,3002,2327.21,2056.79,2088.14,2636.36,2678.64,2711.86,378.214,373.357,377.429,556.071,542.857,532,403.5,429.929,441.571,,
786.952,2275.07,3254.29,3184.43,2298.57,2263.07,2042.21,2347.14,2060.93,2503.07,2642.07,2400.5,2995.57,2369.71,2067.07,2094.57,2629.5,2674,2713.64,378.643,376.643,368.714,551.857,538.643,527.5,407.786,427.357,451.786,,
788.648,2256,3242.14,3201.93,2312.5,2282.07,2053.5,2344.07,2057.29,2513.07,2643.79,2400.57,3009.64,2366,2052.36,2102.29,2633.14,2677,2731.5,386.857,373.643,371.5,565.357,534.5,530.786,410.071,432,452.571,,
790.344,2262.71,3250.57,3205.43,2316.43,2273,2058.36,2353.86,2066.14,2485.71,2633.14,2416.36,3011.86,2368.29,2059.36,2094.07,2645.07,2672.86,2719.86,374.571,370.786,377.571,561.429,542.571,529.929,416.929,430.214,455.071,,
792.039,2264.79,3234.64,3202.5,2322,2278.79,2065.21,2354.29,2061.79,2517.29,2659.36,2408.21,3021.5,2372.71,2061.5,2114.36,2637.43,2677.5,2723.64,389.571,377.5,376.786,568.143,540.286,524.5,415.5,435.857,449.857,,
793.737,2282,3252.71,3198.93,2309.5,2284.64,2067.64,2355.21,2072.07,2510.5,2660,2410.07,3011.29,2369,2058.43,2120.07,2634.71,2684.57,2726.36,387.571,376.786,379.786,571.571,542.857,535.929,416.286,436.929,454.571,,
795.432,2282.5,3251.43,3220.21,2330.5,2291.71,2074.57,2347.36,2070.57,2513.86,2657.71,2423.5,3042.21,2381.57,2064.21,2121.71,2639.14,2709.36,2761.07,386.786,374.786,381.429,565.714,540.143,536.929,415.643,431.571,450.5,,
797.126,2270.57,3258.93,3204.64,2311.14,2299.79,2073,2355.5,2080,2524.29,2659.93,2416.86,3017.21,2396.71,2096.64,2117.14,2662.5,2707.79,2767.29,386,378.643,383,569.357,547,534.714,416.714,430.286,454.714,,
798.821,2270.93,3287.79,3216.71,2314.21,2288.21,2062.43,2349.36,2092.21,2519.71,2678.79,2416,3042,2385.36,2095.21,2111.93,2638.86,2706.71,2746.79,386.357,373.786,387.214,567.929,545.071,531.143,414.286,435.214,456.5,,
800.517,2266.93,3277.07,3205.64,2315.21,2287.64,2068.43,2350.86,2082.93,2509.86,2646.64,2407.14,3036.21,2385.07,2086.43,2132.64,2661,2720.93,2747.29,386.571,376.714,389.357,564.571,551,535.357,417.714,433.643,456.786,,
802.211,2295.79,3250.93,3226.29,2325.14,2296.93,2058.57,2360.71,2085.43,2514.21,2645.5,2408.71,3023.57,2386.43,2079.64,2116.36,2643.43,2700.29,2761.07,385.071,371.929,374.286,569.5,533.357,543,418.143,436.429,452.5,,
803.904,2280.57,3254.36,3226.29,2333.64,2289.64,2051.86,2359.5,2096.29,2512.5,2637.93,2423.36,3041.14,2388.29,2079.86,2126.29,2647.57,2713.5,2738.93,389.357,373.5,371.143,584.714,551.286,535,416.071,432.571,459.571,,
805.597,2292.57,3282.5,3207.86,2317.21,2298.57,2074.5,2348.29,2086.21,2522.57,2645.64,2435.14,3040.79,2381.71,2086.43,2126.21,2643.07,2717.64,2748.79,382.143,376.214,386.929,564.286,549.643,544.714,416.214,435.571,460,,
807.292,2295.93,3265.86,3235.14,2329.14,2297.57,2076.07,2381.14,2091.79,2530.79,2649.07,2422.21,3032.79,2384.79,2081.86,2138.71,2653,2710.29,2760.93,384.643,379,387.357,571.214,545.143,539.429,417.429,434.714,456.571,,
808.984,2292.79,3265.86,3219.29,2327.5,2309.57,2081.36,2371.07,2095.93,2536.71,2677.79,2422.57,3030.36,2394.21,2091.21,2137.57,2655.29,2697.64,2775.14,385.071,386.071,384.5,574.214,549.429,531.214,427.643,434.143,460.214,,
810.676,2310.71,3292.36,3220.57,2320.5,2290.21,2075.36,2375.79,2099.57,2521.71,2671.43,2429,3040.71,2377.93,2081.57,2129.79,2645.43,2695.36,2750.93,386.071,373.786,387.5,575.643,539.929,531.286,420.357,434.786,450.143,,
812.368,2309.93,3275.36,3232.29,2337.57,2302.71,2063.79,2371.21,2099.64,2528.71,2643.5,2413.07,3040.43,2409.57,2083,2130.14,2662.21,2709.29,2766.93,390.714,382.429,378.5,573.286,546.929,530.143,425.714,434.929,455.857,,
814.06,2318.36,3281.29,3236.93,2346.21,2299.79,2068.79,2364.14,2097.79,2524.71,2665.86,2428.5,3040.43,2388,2082.5,2123,2655.93,2733.21,2742.14,390.357,379.143,380.857,577.714,547.929,537.214,415.643,433.214,451.286,,
815.753,2320.79,3290.21,3235.64,2331.57,2298.86,2077.93,2357.5,2094,2542.86,2665.93,2430.43,3044.36,2393.29,2083,2128.57,2652.71,2705.57,2768.86,386.786,381.786,384.357,571.857,548.5,539.286,415.429,436.571,453.786,,
817.444,2309.79,3285.07,3253.07,2333,2303.21,2086.14,2384.36,2100.79,2546.57,2657,2414.71,3050.71,2391.79,2070.29,2124.5,2645.14,2692.43,2769.93,390,377.286,383.857,574.857,546.857,551.286,415.357,434.857,458.429,,
819.134,2305.36,3274.36,3250.36,2348,2294.93,2091.79,2377.86,2109.93,2531.93,2654.07,2415.57,3040.5,2391.93,2095.93,2124.93,2648,2732.07,2755.43,385.071,380.786,381.571,573.214,550.5,539.286,418.357,435.429,459.929,,
820.825,2300.36,3285.57,3237.36,2331.5,2299.93,2087.57,2376.64,2085.86,2533.79,2637.43,2425.5,3016.93,2394.29,2076,2127.14,2658.93,2691.36,2766.07,388.714,383.786,379.714,570.071,548.786,535.214,412.714,437.571,451.857,,
822.514,2288.36,3291.21,3245,2318.21,2307.14,2085.57,2371.36,2107.79,2532.07,2647.29,2424.5,3056.64,2379,2079.07,2116.07,2657.79,2717.29,2751.29,393.286,380.929,384.071,573.5,550.857,538.571,416.857,436.643,460,,
824.204,2316.93,3272.64,3232.5,2328.57,2299.5,2075.36,2384.57,2104.5,2510.36,2663.71,2427,3048.29,2399.43,2089,2102.64,2649.57,2704.64,2755.79,388.071,381.143,381.357,571.857,550,533.643,414.5,444,457.857,,
825.893,2283.86,3297.43,3241.21,2333,2312.5,2086.21,2361.64,2104.14,2540.86,2669.86,2417.5,3046.93,2397,2082.43,2115.71,2652.43,2696.79,2765.71,386.429,383.214,378.714,569.214,546.643,540.071,419.357,435.214,456.786,,
827.584,2301.71,3287.36,3234.86,2363,2302.71,2096.86,2371.79,2094,2548.21,2662.86,2418.07,3047.21,2389.71,2085.43,2124.79,2653.07,2720.36,2769.93,389.929,379.714,381.643,569.714,546.643,537.929,416.714,434.857,463.5,,
829.273,2309.43,3293.14,3243.71,2346.57,2298,2098.64,2388.93,2105.36,2546.14,2662.79,2423.07,3048.36,2393.14,2077.14,2119.71,2652.71,2715.71,2740.79,386.071,382.714,381,572.643,542.714,530.643,418.571,443.714,449.786,,
830.961,2307,3297.36,3243.14,2355.64,2307.79,2099.29,2398.07,2109,2559.93,2669.93,2443.43,3069.64,2413.57,2106.79,2132.36,2677.71,2716.07,2764.36,387.5,382.071,384.643,574.857,554.857,539.214,422,440.786,461.714,,
832.649,2325.64,3303.5,3281.57,2348.29,2319.71,2104.36,2386.71,2105.36,2554.71,2667.07,2436,3065.64,2402.57,2103.71,2122.5,2668.86,2707.43,2762.86,392,380.357,379.429,565.429,550.571,545.571,421.214,441.143,465.071,,
834.337,2317,3316.14,3255.79,2354.86,2331.21,2103.43,2382.71,2117.64,2558.79,2664.71,2448.07,3070.57,2394.5,2084.71,2119.79,2676.93,2744.43,2784,394.5,379.286,383,578.929,556,532.786,417.786,444.286,458.071,,
836.024,2309.21,3322.64,3255.21,2356.71,2327.93,2107.71,2398.5,2123.5,2555.36,2670.57,2437.07,3072.36,2412.21,2098.57,2144.57,2672.36,2739.86,2784.64,395.857,377,382.786,572.857,550.714,534.786,416.286,434.071,460.143,,
837.711,2333.36,3297.36,3259.86,2370.21,2326.64,2097.86,2396.5,2110.57,2557,2682.07,2436.5,3067.5,2396.29,2080.5,2146.79,2660.36,2735.71,2788.93,392.857,380.643,381.5,582.929,553.071,537.929,423.286,435.643,453.357,,
839.398,2328.93,3298,3259.43,2349.93,2320.36,2089.64,2418.43,2110.36,2562.07,2680.64,2439.07,3062.29,2404.71,2094.79,2137,2679.64,2734.07,2790.86,392.357,379.857,384.143,573.357,550.857,552.143,422.786,437.786,459,,
841.084,2342.79,3303.64,3257,2360.21,2317.86,2098.93,2397.43,2132.64,2562,2678.5,2439.14,3076.71,2403.29,2081.5,2126.64,2663.29,2738.36,2785.93,395.5,382.143,381.357,585.357,549.357,536.5,424.571,436.857,463.071,,
842.771,2340.79,3306.14,3254.21,2353.43,2333.43,2101.93,2408.21,2124.5,2556.64,2678.43,2437.36,3072.14,2413.64,2084.43,2134.57,2678.07,2710.86,2792.57,392,382.071,392.5,573.643,547.071,542.714,419.357,438,459.786,,
844.456,2337.07,3303.79,3250.93,2349.57,2327.64,2088.14,2395.93,2102.57,2563.21,2681.21,2424.57,3055.86,2413.5,2095.71,2132.14,2682.5,2738.93,2773.71,397.5,379.643,386.429,572.571,549.071,538.5,422.286,437.214,463.929,,
846.142,2323.5,3315.57,3259.21,2359.29,2335.43,2112.36,2401.07,2125.71,2562.36,2682.43,2441.36,3065.71,2398.71,2087.07,2141,2658.07,2735.07,2778.43,388.786,380.357,384.786,574.286,552.786,537.714,420.929,434.357,463.143,,
847.829,2316.79,3301,3258.86,2352.93,2339.93,2119.36,2415.86,2117,2554.29,2693.93,2433.64,3077.29,2417.5,2088.86,2134.07,2689.5,2729.79,2774,386.429,385.357,380.786,580.286,548.643,544.857,423.643,446.214,462.929,,
849.514,2327.93,3296.14,3275.43,2354,2333.43,2097.43,2397.36,2115,2564.71,2684.93,2458.36,3088.21,2405.07,2106.93,2152.14,2677.86,2725.14,2767,386.286,381,385.643,571,560.929,537.071,421.286,445.214,460.5,,
851.198,2340.5,3308.29,3262.36,2361.36,2338,2107.29,2409.71,2142.64,2568.36,2690.36,2433.14,3099.14,2387.21,2105.5,2144.07,2679.64,2745.21,2774.93,395.5,375.786,383.786,589.071,554,548.071,424.643,443.643,465.643,,
852.882,2348.71,3330.57,3283.57,2371.07,2343.86,2107.64,2398.93,2128,2573.07,2678.93,2457.07,3083.64,2402.71,2107.86,2142.14,2686.79,2740.21,2782.71,393.357,383.929,389.5,585.143,553.643,548.357,419.214,442.571,460.643,,
854.566,2344.93,3327.86,3268.29,2368.79,2331.21,2109.79,2411.64,2129.07,2561.57,2682.36,2456.71,3082.86,2424.43,2106.79,2142.36,2673.07,2738.14,2781.86,390.643,386.571,382.643,584.571,554.714,546.5,422.786,442.143,463.857,,
856.25,2343,3334.21,3248.21,2365.07,2339.07,2107.43,2398,2141.14,2577.21,2672.43,2444.86,3069.86,2402.57,2110.36,2148.57,2676.93,2738.36,2782.93,402.143,387.929,384.286,583.143,556.429,539.643,420,439.786,466,,
857.933,2347.71,3311.71,3276.5,2357.57,2342.14,2092.71,2401.07,2115.86,2560.93,2687.29,2450.21,3092.14,2410.71,2113.07,2154.93,2670.64,2745.71,2785.36,396.5,381.143,388.071,587.571,557.857,550.286,425.286,445.786,465.643,,
859.616,2344.21,3322.36,3279.71,2368.93,2330,2108.5,2400.36,2129.64,2577.14,2691.07,2442.93,3079.86,2410.36,2108.93,2141.43,2669.07,2730.86,2779.57,394.643,386.429,389.571,582.929,559.429,547.5,429.929,444.786,467.786,,
861.299,2339.86,3311.43,3272.5,2352.86,2333.79,2113.14,2398.79,2123.07,2568.43,2679.79,2440.93,3063.57,2402.93,2113.64,2149.5,2678.14,2725.43,2776.5,391.714,390.857,394.143,581.143,558.429,548.286,431.286,439.929,469.929,,
862.981,2330.21,3333.14,3281.07,2359.93,2337.21,2114.07,2410.79,2128.71,2559.57,2693.93,2442.43,3071.93,2414.57,2112.43,2147.93,2679.21,2727.64,2787.93,397.071,384.714,389.571,588.643,559.857,548.429,432.214,446.429,467.214,,
864.661,2337.57,3308.07,3245.57,2375.29,2332.21,2099.29,2402.43,2129.36,2569,2684.79,2435.86,3095.71,2417.86,2106.21,2154.93,2684,2726.14,2791.71,392.857,389.714,391.5,584.071,552.071,541.143,425.286,447.143,472.857,,
866.343,2339.71,3344.07,3250.64,2373.57,2339.79,2109.21,2414.21,2127,2571,2691.36,2439.5,3084.57,2440.86,2101.07,2154.29,2693.21,2739.21,2785.14,401.5,386.786,386.5,584.571,562.357,550.143,428.286,451.571,468.214,,
868.024,2346.5,3325.07,3271.14,2376.86,2348.29,2113.21,2422.14,2127.07,2570,2682.86,2448.5,3091.93,2425.64,2114.57,2164.86,2678.57,2733,2786.71,401.929,390.643,389.429,590,558.143,552,434.071,451.143,472.857,,
869.705,2342,3328.57,3272.79,2368,2349.5,2117.64,2401.64,2137.21,2578.57,2689.36,2457.5,3096.57,2428,2121.14,2153.07,2681.57,2723.14,2793.29,387.143,392.571,394.143,594,561.429,554.643,441.071,455.857,478.286,,
871.386,2333.71,3345.79,3274.43,2367.64,2340.29,2109.93,2420.93,2126.57,2580.79,2702.64,2472.71,3078.93,2433.21,2123.93,2155.71,2697.93,2732.14,2789.29,398.143,388.143,389.357,593.714,558.857,558.143,434.571,453.071,474.214,,
873.066,2360.14,3327.5,3258.14,2388.71,2346,2112.36,2417.86,2141,2575.21,2694.79,2454.36,3091.86,2425.79,2121.86,2166.5,2687.07,2735.86,2793.14,393,382.643,390.5,594.571,567.643,556.857,428.357,451.071,469.643,,
874.746,2339.93,3339.21,3268.29,2361.64,2346.57,2107.79,2412.21,2138.29,2564.93,2688.29,2434.29,3073.71,2453.79,2139.21,2179,2678.57,2706.21,2775.36,397.643,390.429,392.786,585.357,563.429,556.357,434.071,455.571,479.357,,
876.426,2368.86,3335.43,3282.64,2357.36,2339.21,2117.14,2413.64,2142.5,2585.64,2685.64,2459.57,3093.5,2431.14,2123.21,2179.29,2683,2747,2794.93,398.5,383.714,391.786,598.5,569.786,566.214,436.143,454.143,471.286,,
878.106,2348.36,3333.21,3271,2381.93,2340.79,2104.57,2408.29,2128.79,2575.36,2690,2475.14,3070.07,2462.71,2138,2173.43,2668.79,2722.43,2780.07,403.786,392.071,398.786,589.071,568.643,569.5,441.357,463.643,477.286,,
879.785,2336,3323.86,3265.14,2351.86,2335.79,2117.5,2431.86,2149.5,2567.07,2685.71,2445.5,3085.79,2447.86,2132.86,2165.93,2677.43,2741.64,2788.14,395.857,390.071,391.286,597.143,573.929,560.286,439.714,461.571,483.857,,
881.464,2353.14,3323,3267.14,2359.07,2337.64,2117.5,2417.43,2137.21,2595.43,2679.07,2454.5,3088.57,2448.21,2148.93,2166.64,2672.21,2732.93,2775.79,403.857,393.071,392.214,595.143,575.786,557.214,446.714,461.571,482.571,,
883.142,2360,3320.36,3268.79,2348.71,2348.93,2114.86,2412.43,2127.79,2593.07,2696.29,2457.21,3100,2460.36,2142.14,2182.79,2664.07,2734.71,2782.36,397.214,395.643,396.214,591.357,570.143,562,448.929,465.071,489.714,,
884.818,2363.5,3317.79,3270.64,2365.21,2344.5,2113.79,2416.14,2138,2578,2698.36,2446.21,3093.07,2450.36,2148.93,2178.21,2682.71,2706.5,2764.43,406.286,389.071,396.643,601.071,576.643,560.286,459.429,464.143,484.857,,
886.496,2346,3303.14,3266.43,2366.21,2356.57,2124.71,2415.43,2140,2580.79,2706.21,2457.21,3100,2466.79,2154.57,2183.93,2646.29,2721.36,2755.5,394.571,391,395.929,602.643,578.571,567.786,448.143,468.143,480.643,,
888.174,2351,3347.14,3264.43,2386.21,2338.07,2117.29,2412.14,2135.36,2590.79,2701.07,2449.64,3085.07,2478.93,2151.71,2190.21,2662.36,2702.79,2764.71,399.714,397.429,396.286,605.071,573.714,568.5,444.857,464.5,483.929,,
889.851,2353.64,3323.79,3272.21,2371.71,2348.5,2116.43,2415.14,2134.93,2601.79,2679.5,2463.21,3090.07,2461.64,2158.5,2188.64,2645.36,2718.36,2774.14,398.286,396.786,398.857,603.929,574.071,571.357,450,469.929,494.143,,
891.528,2346.21,3332.57,3286.36,2362.29,2341.93,2111,2439.86,2137.36,2586.93,2691.5,2444.43,3077,2489,2147,2200.5,2664.07,2708.5,2779.07,414.5,397.571,398.786,607.143,572.286,576.643,453,473.143,491.143,,
893.205,2360,3332,3275.86,2362.86,2345,2095.71,2424.5,2145.5,2580.5,2686.07,2454.71,3094.14,2477.43,2171.93,2204.21,2644.43,2699,2765.86,405.786,391.143,396.429,609.714,574.357,575.429,446.214,468.571,492.857,,
894.881,2340.86,3309.79,3294.14,2362.93,2342.14,2107.93,2427.21,2151,2593.93,2686.5,2450.14,3092.14,2476.86,2168,2187.14,2660.57,2716.57,2750.29,408.643,397.286,402.071,613.786,586.571,574.786,452.357,472.5,493.357,,
896.555,2355.43,3317.71,3265.71,2364.29,2331.21,2105.79,2415.29,2140.57,2594.14,2686,2441.86,3094.93,2508,2167.36,2212.07,2662.79,2708.5,2752.86,405.571,394.857,403.571,613.357,586.214,571.571,462.571,476.857,494.857,,
898.231,2353.64,3327.14,3282.14,2375.5,2319.07,2104.79,2426.57,2140.93,2586.64,2688.93,2451.93,3083,2483.71,2176.43,2215,2658.29,2709,2758.57,409.214,397.786,403.071,620.071,590.786,580.143,463.357,477.357,500.5,,
899.906,2349.29,3323.57,3261.36,2350.43,2332.64,2112.29,2416.86,2132.57,2580.14,2685.07,2449.36,3093.86,2494.14,2176.14,2205.29,2660.79,2695.64,2750.64,409.714,400.071,399.214,617.643,586.071,583.071,462.071,480.143,497.714,,
901.581,2375.29,3326.29,3288.29,2344.57,2354.14,2101.93,2395.29,2147.5,2589.5,2681.43,2431.93,3103.43,2503.79,2182,2202.36,2648.14,2699.14,2739.36,409.643,398.643,399.714,612.286,589.429,582.571,461.071,478.429,507.786,,
903.256,2361.07,3347.14,3277,2365.64,2334.43,2085.21,2423.21,2152.57,2580.86,2689.79,2451.14,3117.79,2498.14,2198.5,2221.86,2656.79,2713.57,2751.5,410.357,407.643,408.286,614,598.286,577.929,472.714,491.429,506.071,,
904.929,2364.93,3321.5,3279.93,2374.36,2337.21,2120.36,2443.79,2152.36,2609.43,2701.57,2452.07,3108.64,2511.07,2193.43,2229.14,2665.71,2720.93,2771.64,407.429,397.357,402.071,625.072,595.143,578.5,469.214,490.643,503.786,,
906.603,2357.14,3317.93,3267.14,2378.14,2349.29,2109.86,2450.43,2156.29,2608.36,2705.71,2457.36,3102.21,2486,2200.14,2236.21,2657.14,2715.71,2754.79,412.643,398.786,402.071,624.357,589.143,579.357,467.643,480.143,506.929,,
908.276,2363.57,3330.86,3279.36,2383.71,2368.93,2112.79,2458.93,2164.71,2607.07,2714.5,2467.57,3124.86,2510.71,2187.64,2239.57,2653,2696.07,2770.71,408.786,398.643,407.857,629.5,593.786,594.286,472.143,488.5,507.643,,
909.95,2380.71,3341.29,3309.79,2344.57,2338.07,2127,2438.93,2146.64,2600.29,2696.64,2471.36,3104.79,2522.21,2194.57,2239.5,2640.57,2710.93,2756.29,407.5,399.857,400.429,624,595.357,589.857,473.286,482.857,506.071,,
911.621,2379.71,3325.64,3284.64,2369.57,2345.71,2113.43,2443.21,2151.86,2603.07,2701,2466.71,3097.14,2526.93,2206.43,2227.57,2669.21,2708.86,2766.29,407.929,404.857,407.5,626.643,595.571,591.571,471.357,493.5,512.929,,
913.294,2365.86,3334.64,3293.64,2380.21,2355.21,2133.14,2431.07,2156.43,2609.43,2710.43,2464.29,3120.5,2537.86,2210.71,2254.43,2675.93,2724.5,2764.64,412.714,403.357,397.429,626.857,600.071,588.857,476.214,488.143,511.357,,
914.967,2382.14,3351.79,3284.71,2361.21,2351.64,2117.93,2444.71,2152.79,2616.5,2706.14,2469.14,3102.86,2518.93,2219.14,2243.57,2688.29,2720.43,2775.43,414.643,408.143,413.214,627,602.857,584.143,478.071,488.143,515.857,,
916.639,2369.86,3333.21,3276.36,2365.21,2341.5,2118.5,2430.93,2165.29,2624.86,2710.86,2451.64,3114.64,2520.36,2213.71,2235.43,2654.29,2713.5,2761.57,413.5,404.357,406.786,629.714,605.357,595.643,471.143,494.5,516.643,,
918.309,2361.21,3355.36,3285.21,2373.29,2352.36,2126.71,2443.5,2155.29,2621.71,2710.43,2483.93,3127.07,2531.79,2203.71,2254.93,2668.14,2734.07,2772.71,413.143,403.5,407.786,635.929,607.143,594,480.143,496.571,518.786,,
919.981,2377.07,3336.57,3280,2379.36,2356.36,2120.64,2441.5,2170.43,2603.5,2702.21,2479.71,3118.21,2541.21,2216.57,2243.64,2669.36,2711.14,2767.36,414.571,405.929,406.143,633.429,598.714,595.929,481.929,498.429,515.929,,
921.652,2394.5,3353.29,3298.71,2375.29,2348.79,2115.64,2467.43,2161.07,2600.36,2705.93,2479,3129.14,2532.79,2219.79,2249.71,2669.5,2702.79,2766.21,416.857,408.929,406.643,627.929,597,590.214,477,492.5,508,,
923.321,2377.36,3354.64,3292.79,2376.57,2369.64,2120.86,2461.07,2158,2613.43,2714.71,2485.14,3130.07,2535.29,2211.29,2243.14,2695.5,2738.14,2779.29,412.857,407.214,410.071,631.786,600.071,583.643,471,496.5,514.786,,
924.992,2387.57,3347.93,3300.64,2381.5,2357.29,2129.29,2446.36,2160.36,2623,2713,2487.71,3113.43,2515.36,2224.43,2251.86,2661.36,2727.29,2782.79,412,398,409.143,626.857,599.286,584.5,474.714,486.357,514.5,,
926.662,2381.79,3366.79,3297.79,2378.93,2352.64,2142.79,2451.93,2166.21,2618.79,2730.64,2468.71,3138.93,2518.93,2222.93,2246.21,2693.93,2736.36,2785.07,413.5,400.571,412.929,626.143,593.214,588.5,469.571,483.5,508.571,,
928.332,2391.07,3347.14,3296.79,2387.14,2370.21,2133.21,2443,2170.07,2613,2711.36,2480.14,3132.86,2534.36,2213.79,2256.86,2680.5,2755.07,2779.29,408.786,398.286,398.643,628.071,601.357,587.429,466.786,488.071,507.929,,
930,2403.21,3362.43,3316.36,2396.07,2381.64,2138.5,2454.43,2176.86,2626.36,2707.07,2489.86,3141.14,2527.64,2216.57,2271.29,2703.79,2744.86,2775.86,407.786,400.714,409.643,624,599.857,583.786,459.571,485.429,508.714,,
931.669,2388.79,3352.71,3295.36,2399.36,2350.07,2136.79,2448.57,2188.29,2628.14,2732.71,2478.64,3142.71,2520.29,2212.86,2253.57,2672.36,2739.21,2771.07,406.643,399.643,403.429,623.929,596,585.643,462,488.714,506.286,,
933.339,2386.86,3367.71,3307,2395.29,2355.64,2135.29,2449.07,2155.5,2618.43,2714,2468.21,3135.64,2534.71,2196.14,2254.86,2686,2750.93,2798.36,414.786,403.214,400.071,625,599,583.214,463.357,485,502.429,,
935.005,2380.29,3356.21,3296.29,2386.93,2366.79,2145.86,2446.64,2170.86,2610.14,2702,2468,3123.36,2508.57,2200.29,2239.36,2686.36,2730.93,2789.07,411.786,403.5,402.071,626.714,596.429,583.5,471,482.786,499.429,,
936.674,2378.43,3349.36,3267.86,2407.86,2376.14,2133,2434.93,2172.21,2616.79,2719.5,2456.21,3120.21,2506.29,2190.14,2220.57,2681.14,2735,2783.93,411.643,397.714,407,612.5,590.786,581.286,462.643,481.571,502.643,,
938.34,2392.86,3350.36,3308.07,2388.5,2350.5,2125.64,2436.57,2161.5,2612.79,2713.93,2474.29,3128.64,2500.57,2192,2196.86,2690.71,2733.36,2787.64,410.571,399.5,404.5,611.071,592,580,462.786,478.071,496.5,,
940.008,2398.29,3334.36,3299.79,2387.21,2371.43,2135.79,2454.79,2175.36,2614.79,2714.29,2469.07,3129.57,2498.07,2183.29,2213.29,2687.86,2735.36,2790.5,401.857,400.357,402.286,616.714,587.143,577.857,460.143,480.214,498.286,,
941.676,2391.93,3343.71,3287.79,2406.14,2371.07,2138.36,2452.5,2162.14,2637.43,2713.5,2471.79,3129.79,2492.29,2192.29,2215.14,2692.29,2745.29,2793.64,401.357,396.929,402.786,619.929,594,573.643,455.571,475.071,499.5,,
943.341,2393.64,3367.36,3305.86,2390.07,2367.86,2137.57,2444.64,2164.86,2627.5,2736.43,2473.07,3146.64,2495.14,2184.21,2229,2699.86,2757.36,2813.07,405.214,390.286,401.929,610.786,582.071,577.214,454.143,478.857,493.5,,
945.008,2398.79,3360.43,3292.07,2399.71,2374.5,2155.79,2452.43,2177.29,2617.43,2720.07,2474.64,3148.29,2513.5,2177.07,2237.21,2703,2757.57,2809.29,414.214,404.286,397.214,613.5,589.286,575.429,454.857,473.286,502.929,,
946.674,2418.29,3363.93,3309.43,2402.5,2369.14,2156.5,2456.36,2183.14,2627.64,2731.14,2494.5,3141.93,2506.07,2194.71,2223.29,2715.43,2776.29,2820.71,408.286,388.071,400.429,622.786,580,572.571,452.571,476.5,490.786,,
948.339,2420.64,3376.79,3307.71,2404.21,2400,2149.14,2466.36,2179.57,2635.21,2731.79,2490.86,3142.5,2494.21,2186.07,2236.29,2707.57,2778.57,2814.29,407,390.643,406.286,610.429,578.286,579.357,455.571,475.214,494.714,,
950.005,2406.43,3363.5,3327.29,2423.93,2382.86,2154.36,2477.07,2204.86,2630.86,2744.86,2505.93,3156.86,2488,2175.21,2236.36,2727.07,2767.43,2824.64,402.643,398.071,396.786,611.5,588.571,574.5,457.429,470.714,490.929,,
951.669,2398.57,3386.43,3309.86,2414.93,2396.93,2167.5,2470.79,2188.21,2646.71,2743.86,2503.93,3131.86,2489.14,2186.86,2229.79,2720.79,2779.93,2848.29,400.143,398.214,402.071,615.929,585.857,576,447.214,468.571,498.571,,
953.334,2423.57,3370.21,3317.86,2423.29,2382.64,2173.29,2469.57,2187.71,2626.93,2728.57,2500.43,3157.64,2484.64,2184.29,2216.07,2714.93,2762.5,2833.86,408.071,394.286,403.143,616.5,585.071,569.714,449.357,470.5,486.5,,
954.997,2415.21,3370.79,3310.07,2415.29,2396.71,2161.79,2458.43,2183.14,2629.43,2729,2492.36,3150.43,2487.64,2171.93,2219.29,2711.79,2772.86,2842.29,406.143,396.5,396.571,611.429,579.643,565.714,449.857,469.143,493.571,,
956.662,2409.71,3351.64,3315.71,2424.71,2381.71,2157,2467.93,2174.71,2627.79,2713.64,2487.07,3159.14,2481.07,2160.93,2231.5,2713.71,2779.07,2833.07,403.143,390.286,397.357,610.5,580.643,578.786,447.786,461.643,482.286,,
958.326,2412.93,3376.5,3329.43,2425.29,2384,2156.43,2435,2181.79,2657.93,2702,2492.36,3166.07,2461.79,2163.5,2201.79,2726.71,2775.5,2836.64,400.929,385.714,390.714,611.357,577.643,566.071,441.643,465.857,485.786,,
959.989,2421.86,3373.14,3324.43,2419.36,2374.36,2170.86,2453.93,2178.14,2639.21,2730.21,2495.07,3140.5,2475.64,2158.57,2218.36,2716.21,2783.57,2847.07,404.5,392.286,392.071,609.143,577.857,566.286,443.286,465.214,483,,
961.652,2404.29,3364,3303.43,2426.93,2390.64,2169.29,2458.14,2174.5,2639.43,2724.43,2515.71,3168.36,2475.71,2173.36,2206.86,2716.29,2771.71,2829.57,404.643,388.286,390.714,602.929,578.571,565.857,451.714,466.5,485.714,,
963.314,2429.71,3409.64,3327.07,2439.43,2394.93,2182.29,2468.86,2195.21,2638.93,2738.29,2504.5,3156.29,2466.14,2159.93,2194,2697.79,2763.79,2824.07,407.714,387.286,396.929,611.071,573,564.071,450.286,465.786,479.786,,
964.977,2426.21,3377.14,3332.57,2434.93,2399.43,2161.21,2452,2178.79,2638.57,2722.21,2478.57,3156.14,2461,2155.93,2192.93,2732.14,2783.71,2803.93,395.643,394.857,402,598,576.357,560.857,444.714,466.071,484.071,,
966.638,2415.93,3364.43,3328,2433.43,2396.07,2163.07,2451.93,2193.43,2645.21,2721.29,2480.14,3153.29,2454.79,2150,2196.07,2711.79,2754.5,2813.29,401.786,388.357,389.429,596.929,576,563.357,442.571,457.429,482.357,,
968.301,2409.5,3378.21,3320.79,2420.57,2402.21,2151.21,2465.36,2176.21,2630.29,2704.57,2464.79,3134.29,2436.64,2137.93,2203.86,2718.36,2762.57,2807.14,396.286,389.643,392.071,599.857,565.429,567.786,435.5,459.929,479.5,,
969.961,2413.21,3367.29,3323.07,2407.14,2379.64,2160,2447.07,2180.29,2636.64,2693.64,2467.93,3145.29,2454.14,2131.57,2184.93,2714.07,2752.79,2813.64,400.643,387.214,395.571,594.714,566.929,565.071,435,459.214,471.357,,
971.623,2407.43,3358.93,3309,2414.21,2379,2143.14,2445.71,2162.64,2611.93,2699.21,2462.21,3136.79,2453.71,2123.71,2175.14,2707.43,2750.93,2798.79,398.5,389.643,389.5,599.857,576.429,559.714,434.357,451.357,470.143,,
973.283,2384.07,3359.29,3304.79,2408.86,2374.93,2149.21,2433.07,2179.29,2607.79,2698.43,2459,3131.43,2425.86,2126.29,2167.71,2694.57,2746.07,2800.36,401.929,379.071,394.929,597,564.786,562.143,440.429,455,475,,
974.944,2415.86,3371.36,3316.57,2420.5,2383.21,2156.21,2434.29,2178.43,2621.57,2714.64,2463.57,3122.14,2436.43,2139.79,2168.71,2716.43,2765.86,2799.5,402.143,386.786,395.357,594.857,565.714,556.143,440.071,449.286,477.714,,
976.603,2425.07,3378.86,3298.71,2418.71,2371.71,2146.57,2444.29,2168.29,2635.14,2719.07,2490.14,3162.29,2454.64,2142.21,2179.43,2732.93,2777.07,2806.5,399.857,387.786,389.714,599.5,563.857,550,435.071,455.571,467.786,,
978.262,2407.86,3368.29,3296,2422.21,2393.36,2179.79,2452.07,2180.36,2621.93,2730.79,2504.64,3171.79,2458,2159.21,2193.21,2731.29,2784.64,2851.5,399,383.143,394.857,596.357,568.714,561.357,438.5,453,472.643,,
979.923,2438.64,3372.79,3333.36,2443,2392.29,2181.86,2457.21,2193.79,2629.64,2761.36,2528.93,3188.57,2448.07,2163.57,2220.86,2764.21,2806.71,2841.29,399.571,387.429,389.071,599.357,571.572,561.643,438,454.071,473.286,,
981.581,2431,3369.29,3322.79,2449,2423,2194.29,2471.29,2189.43,2637.57,2755.43,2528.86,3173.57,2468.5,2154.14,2203.71,2760.07,2804.43,2859,403.286,392.714,394,600.071,569.786,554.786,427.429,451.643,473.786,,
983.241,2432.29,3393.64,3343.93,2450.79,2409.71,2194.29,2477.71,2203.71,2649,2754.93,2509.64,3180.29,2464.5,2131.36,2195.86,2740.71,2794.43,2850.57,397.5,388.071,383.929,591.571,559.929,553.857,431.786,449.071,469.786,,
984.898,2439.86,3386.93,3331.5,2450.5,2419.29,2181.14,2461.14,2201.71,2639.07,2715.14,2498.5,3172.86,2451.86,2154.07,2180.93,2739.93,2807.43,2839.07,392.857,390.571,394.643,596.929,561.143,550.571,430.214,448.071,470.643,,
986.557,2425.57,3387,3336.79,2437.86,2416.79,2181.07,2472.5,2201,2657.86,2707.64,2475.86,3159.86,2427.21,2130.21,2161.57,2734.71,2791.36,2845.36,390.071,386.786,390.357,588.5,568.071,547.357,428.643,440.643,472,,
988.214,2422.93,3392.43,3329.93,2427.93,2396.86,2181.64,2456.71,2175.43,2644.64,2708.79,2472.93,3144.21,2420.86,2111.43,2164.43,2731.07,2781.07,2817.36,392.143,387.286,387.214,582.571,567.929,548,427.786,443.643,464.571,,
989.871,2418.14,3376.57,3315.57,2418.21,2389.29,2182.93,2463.79,2186.86,2630.14,2676.64,2464.86,3155.07,2422.57,2090.07,2150.14,2724.79,2792.93,2847.93,397.714,383.286,393.357,588.857,555.857,554.5,432.143,446.286,463.929,,
991.529,2418.86,3368.93,3311.43,2426.14,2396.86,2170.5,2460.79,2170.14,2650.79,2704.36,2476.5,3157.86,2420.14,2114.5,2164.71,2740.07,2778.86,2838.5,400,385.786,388.357,579.5,566.357,551,428.214,439.714,469.214,,
993.185,2431.36,3378,3313.71,2439.07,2408.36,2168.29,2471.07,2185.07,2619.29,2712.71,2476.29,3161.29,2424.5,2111.07,2149.21,2738.93,2804.57,2871.86,399.714,383.286,390.357,579.286,558.143,559.071,430,435.643,466.929,,
994.843,2424.79,3373.36,3306.86,2428.29,2408.93,2172.93,2473.36,2171.57,2628.93,2724.79,2497.29,3180.43,2411.86,2111.43,2165.21,2761.07,2822.36,2852.14,400.143,392.143,389.286,593.571,562.143,546.786,420.857,449.571,465.5,,
996.498,2421.43,3367.14,3324,2444.14,2413.86,2180.43,2453.93,2190.43,2633.57,2736.93,2504.14,3179.5,2437.86,2127.21,2192.86,2773.79,2824.43,2875.57,400.286,390.786,393.214,591.357,562.143,552.071,423.214,449.857,465.929,,
998.154,2443.14,3377.43,3340.71,2464.43,2411.07,2196.71,2483.5,2197.79,2654.21,2784.86,2544,3199.79,2449.29,2132.57,2173.5,2779.79,2830.79,2902.29,401.143,389.429,391.786,591.5,569.714,562.5,429.929,438.5,471.786,,
999.81,2452.86,3407.57,3351.36,2466.07,2447.14,2222.86,2479.93,2207.29,2670.79,2785.79,2570.79,3220.21,2475,2157.43,2205.43,2822.21,2884.5,2950.36,406.286,394.929,403.143,594.929,578.429,559.071,433.5,450.714,477,,
1001.46,2464.79,3424.36,3364.36,2494.57,2466.36,2238.5,2507.57,2229.93,2679.71,2840,2585.21,3256.79,2478.14,2192.29,2245.07,2854.71,2921.71,2960.36,413.143,404.357,403.286,612.571,586.714,575.857,443.571,458.929,476.786,,
1003.12,2484.93,3432.5,3397.93,2524.86,2484.5,2244,2534,2248.57,2687.36,2882.14,2638.07,3266.93,2530.07,2224.64,2257.43,2907.5,2945.36,3011.64,416,408.714,411.357,609.786,589.286,583.429,444,463.357,484.571,,
1004.77,2523.36,3451.71,3390.36,2521.79,2501.64,2271.93,2543.86,2262.93,2721.36,2889.86,2632.93,3272.64,2526.14,2227.79,2276.64,2919.5,2975.64,3027.07,413.429,403.571,416.071,621.5,584.5,577.357,445.429,461.786,480.857,,
1006.43,2522.36,3458.71,3412.79,2549.93,2511.36,2273.07,2546.36,2269.57,2719.57,2854.43,2615.64,3269.14,2489.21,2201.93,2247.5,2917.14,2964.21,3008.21,414.571,399.714,407.929,616,577.357,567.643,432.714,455.786,478.429,,
1008.08,2527.57,3474.71,3410.36,2551.79,2499,2275.86,2538.64,2283.86,2728.57,2812.21,2592.79,3239.29,2468.64,2175.07,2228.21,2877.57,2929.29,2987.57,403.286,399.714,404.214,597.214,574.857,566.214,431.214,441.714,468,,
1009.74,2545.43,3450.5,3391.07,2534.79,2505.5,2273.36,2530.57,2249.43,2705.07,2782.29,2561.71,3225.5,2459.36,2159.29,2220.21,2838.93,2901.21,2948.86,404.286,392.071,395.286,599.5,569.286,560.357,422.286,441.357,467.071,,
1011.39,2501.43,3456.14,3400.07,2526.14,2484.5,2253.07,2517.86,2236.64,2679.5,2774.07,2546.71,3218.36,2434.07,2138.14,2173.5,2818,2862.86,2918.93,391.143,389.571,391.071,586.714,553.5,551.571,420.429,442.714,453.857,,
1013.04,2494.14,3418.86,3392.5,2499.64,2466.43,2225.57,2499.14,2227.36,2674.71,2758.64,2525.07,3201.36,2424.07,2118.93,2163.07,2800.29,2855.93,2898.86,401.357,381.929,388.071,582.286,556.143,545.786,412.5,428.429,459.5,,
1014.7,2483.29,3438.57,3348.86,2481.21,2463.07,2216.64,2489.21,2216.07,2688.86,2726.57,2490.29,3183.43,2422.36,2095.07,2162.14,2777.21,2832.29,2882.14,391.357,382.714,389.643,583.5,551.786,538.429,405.429,432.357,455.857,,
1016.35,2473.71,3415.93,3362.57,2469.57,2455.14,2210.14,2489.07,2212.21,2650.71,2729.79,2491,3169.57,2411.71,2079.29,2127.36,2776,2824.5,2880.14,391.357,382.429,385.429,577.929,550.429,547.571,414.857,430.429,453.5,,
1018,2477.57,3412.07,3351.14,2492.07,2444.07,2234.21,2473.07,2196.43,2656.71,2715.21,2478.93,3173.29,2391.36,2088.71,2140.57,2756.64,2817.43,2865.57,392,378.357,378.929,582.286,547.643,531.786,412.786,433,454.643,,
1019.65,2467.57,3406.64,3364.21,2476.07,2438.29,2202,2468.43,2207.21,2669.93,2724.21,2474.43,3187.36,2392,2079.5,2126,2755.07,2810.14,2881.43,384.143,379.643,378.786,576.786,542.357,536.429,405.143,423.214,446.571,,
1021.3,2462.93,3405.79,3356.36,2471.07,2426.07,2211.5,2486.29,2195.71,2662,2707,2492.14,3180.14,2391.43,2082.43,2126.07,2756,2808.36,2858.43,390.429,379.286,384.357,571.714,549.214,540.643,413,431,456.857,,
1022.95,2474.07,3404.43,3356.36,2459.14,2419.21,2189.57,2486.43,2213,2659.07,2714.86,2472.36,3178.71,2369,2080.29,2113.21,2754.79,2805.71,2849.79,387.214,371.5,378.786,578.929,547.714,537.929,408.071,425.857,455.5,,
1024.6,2466.93,3398.07,3382.71,2465.64,2438.36,2203.86,2463.79,2191.36,2673.07,2686.71,2467.64,3182.14,2378.14,2082.36,2123.36,2762.43,2818.29,2842.14,385.071,375.857,382.143,572.071,548.357,535.929,407.357,419.071,449.786,,
1026.25,2463,3401.64,3348.5,2469.64,2424.5,2189.71,2458.21,2195.93,2639.14,2691.36,2462.86,3174.79,2357.36,2068,2109.43,2738.29,2800.36,2851.57,389.357,377.571,386.214,581.143,538.143,529.5,407.214,425.5,449.286,,
1027.9,2450.86,3387.21,3339.29,2461.57,2431.14,2204.5,2459.21,2198.21,2657.29,2690.86,2454.14,3169.64,2365.86,2069.29,2107.36,2735,2805.86,2851.5,384.143,386.714,381.143,574.143,544.786,538.5,410.5,417.357,448.357,,
1029.55,2446.14,3394.86,3352.21,2451.71,2424.93,2196.07,2486.21,2198.93,2655.29,2692.93,2450.5,3174.14,2371.07,2064.64,2106.79,2742,2788.57,2836.79,392.714,383,379.714,577.857,552.429,535.571,409.214,425.357,444.429,,
1031.2,2454.21,3396.07,3336.07,2441.36,2431.79,2200.86,2464.14,2191.14,2639.93,2690.14,2443.79,3161.21,2369.36,2054.79,2112.21,2730,2785.29,2805.29,393.786,382.071,377.643,573.357,554.571,531.286,412.714,427.214,449.071,,
1032.85,2450.57,3381.14,3326.64,2442,2429.29,2181.5,2460.93,2203.64,2661.14,2675.93,2447.43,3179.86,2367.5,2049.5,2098.21,2739.14,2782.86,2827.21,393.857,383.214,382.143,579.357,545.214,533.714,409,427.357,452.071,,
1034.5,2449.93,3401.79,3338.5,2468.79,2419.29,2183.07,2460,2181.86,2653.64,2671.71,2441.86,3173.86,2345.36,2049.14,2091.64,2728.14,2786.71,2822.14,389.429,384.071,378.857,573.786,543.714,534.286,406.143,428.429,450.857,,
1036.15,2438.14,3390.36,3334.21,2438.21,2410.57,2173.43,2452.71,2183.57,2637.14,2657.64,2415.36,3165.57,2351.64,2050.93,2070.79,2711.71,2768,2802.86,395.571,382.429,383.429,577.5,542.929,533.357,408.214,422.286,450.929,,
1037.8,2430.43,3400.14,3333,2441.21,2427.57,2187.29,2457.79,2158.64,2647.43,2654.71,2432,3160,2341.21,2039.29,2078.57,2707.14,2757.21,2825.29,386.643,379.286,386.571,573.643,541.929,526.643,409.214,422.5,446.214,,
1039.44,2431.14,3389.64,3327.57,2439.14,2414.5,2184.5,2473.43,2186.71,2647.07,2653.57,2447.43,3183.14,2361.5,2037.14,2078.71,2731.36,2759.5,2811.43,391.357,380.429,384,576.214,544.5,536.929,399,432.857,444.143,,
1041.09,2439.71,3382.71,3322.71,2443.5,2418.57,2183.29,2471.29,2193,2651.21,2664.71,2437.93,3167.79,2355.71,2037.5,2101.64,2708.43,2777.36,2813.21,388.214,373.214,384.357,569.286,542.714,538.071,408.643,417.5,445.429,,
1042.74,2462,3387.21,3341.43,2444.5,2421.64,2182.93,2447.79,2183.36,2652.36,2681.43,2430.5,3164.71,2351.64,2031.64,2088.5,2704.36,2780.79,2814.71,386.643,373.5,378.143,572.286,546,535,404.143,428.214,448.214,,
1044.39,2431.29,3370.64,3347,2441.5,2409.71,2188.14,2459.71,2187.57,2641.93,2663.5,2443.86,3170.93,2338.93,2054.86,2084.93,2732.64,2765.57,2819.64,385.429,375.071,381.857,562.786,541.857,532.5,406.286,422.286,439.143,,
1046.03,2441,3377.86,3348.5,2444.79,2412.43,2183.64,2476.93,2160.21,2651.57,2671.79,2444.14,3163.71,2356.64,2051.86,2084.71,2733.29,2770.86,2819.07,386.571,381.5,385,577.071,555.143,539.357,407.786,428.429,445.071,,
1047.68,2445.43,3380.5,3327.79,2448.14,2428.93,2182.21,2463.14,2184.64,2635.64,2670,2433.14,3177.14,2346.29,2052.36,2092,2728,2787.71,2814.64,383.643,377.214,380.071,575.286,541.143,537.071,410.929,420.714,446.214,,
1049.32,2444,3381.79,3328.79,2463.5,2411.14,2196.57,2463.07,2184.79,2655.86,2686.64,2445.5,3169.14,2354.29,2036,2102.21,2738.29,2776.36,2826.64,389.643,376.429,375.786,574.214,544.429,533.857,406.643,427.071,451.643,,
1050.97,2445.36,3392.36,3328.5,2461.93,2407.5,2189.14,2458.93,2167.93,2638.79,2684.36,2440.29,3163,2355.36,2049.5,2099.79,2728.86,2790.86,2830.64,393,377.643,374.714,577.286,550.357,534.571,403.5,435.357,444.143,,
1052.62,2448.64,3393.07,3329.93,2435.36,2410.57,2190.5,2470.29,2185.14,2651.14,2661.21,2428.86,3147.29,2344.36,2060.07,2088,2738.71,2758.14,2819.57,391.071,376.786,382.286,578.571,542.214,523.643,404,422.429,441.714,,
1054.26,2449.43,3370.07,3336.5,2450.14,2416.64,2190.79,2460.43,2186.43,2645.07,2659.5,2429.79,3167.14,2354.71,2058.64,2088.14,2702.43,2788.43,2823.93,390.571,377.929,382.714,570.929,540.786,526.929,410.143,426.857,445.786,,
1055.9,2444.86,3383,3338.86,2436.86,2409.64,2194.86,2457.14,2195.43,2654.14,2665.36,2421.14,3164.21,2362.21,2048.93,2083.14,2700,2752.71,2809.07,389.214,376.786,376.714,575.857,541.571,538.357,407.286,428.786,444.286,,
1057.55,2442.5,3378.43,3326.93,2448.79,2407.5,2179.29,2458.21,2161.71,2662.14,2647.14,2431.93,3153.14,2347.79,2041.79,2085.64,2698.57,2741.71,2801.5,387.714,373.929,378.857,561.214,544.857,535.643,398.786,423.143,449.429,,
1059.19,2450.5,3384.43,3339.14,2446.29,2422.93,2192.64,2464.64,2182,2655.64,2651.64,2438.5,3161,2359.93,2034.07,2080.86,2714.64,2755.43,2813.07,392.429,378,373.5,571.071,534.429,521.071,407.643,427.357,448.929,,
1060.84,2447.5,3398.43,3333.86,2433.5,2412.57,2181.36,2454.07,2184.43,2635.36,2664.57,2442.79,3142.79,2357.29,2038.36,2081.93,2715.07,2756.71,2812.57,387.929,375,379,563.857,539.571,532.286,402.571,422.429,444.286,,
1062.48,2463.21,3389,3320.29,2452.29,2412.43,2176.29,2464.79,2179.64,2647.86,2665.64,2441.36,3153,2334.5,2045.43,2093.79,2711.57,2763.64,2809.07,386.143,377.857,381.429,566.143,543.072,540.357,404.857,427.214,442.714,,
1064.12,2442.36,3361.36,3334.14,2446.07,2416.57,2183,2456.36,2170.07,2640.5,2644.86,2411.86,3149.14,2367.21,2039.14,2083.07,2712.07,2772.5,2811.21,388.143,371.643,378,575.786,542.929,534.786,400.286,421.071,445.714,,
1065.77,2451.43,3388.14,3343.71,2446.71,2415.71,2187.14,2467,2188.14,2647,2651.57,2419.29,3146,2346.29,2040.29,2083.5,2701.71,2759.57,2797.29,386.429,374.929,372.571,569.071,549.214,538.286,406.643,424.714,446.929,,
1067.41,2424.86,3366.07,3320.57,2430.86,2402.07,2183.79,2447.64,2162.86,2630.14,2652.07,2419.07,3150.14,2333.36,2039.29,2067.07,2717.36,2757.57,2803.86,389.214,377.429,378.214,571.071,541.929,535,406.571,421.286,446,,
1069.05,2459.21,3376.64,3308,2436.79,2414.07,2175.64,2455.71,2199.64,2646,2653.29,2398.14,3134.5,2336.43,2034.57,2073,2702,2775.21,2797.14,389.571,371.786,381.357,579,545,536.143,406.857,424.571,442.571,,
1070.69,2457.64,3386.79,3326,2446,2407.5,2185.5,2442.71,2184.36,2645.36,2650.43,2418.57,3162.86,2348.86,2030.5,2079.57,2703.07,2748.71,2802.14,394.714,379.857,385.5,569.071,544.857,530.071,407.929,414.643,440.357,,
1072.33,2432.14,3357.64,3301.5,2447.21,2416,2160.64,2455.71,2170.86,2648,2656,2438.57,3154.64,2340.29,2036.5,2092.86,2696.57,2755.93,2799.93,388.571,375.429,378.786,572,541.143,525.786,399.143,420.429,444.214,,
1073.97,2446.5,3375.29,3326.93,2433.36,2426.79,2187.64,2468.36,2185.29,2646.64,2636,2412.79,3166.93,2341.57,2038.07,2075.5,2712.07,2744.86,2805.36,389.5,375.071,379.643,567.857,539,534.714,410.429,423.929,441.5,,
1075.62,2439.07,3388.64,3333.57,2452.29,2411.57,2183.79,2450,2174.5,2654.93,2647.86,2429,3169.14,2345.64,2048.07,2089,2694.64,2751.29,2801.79,387.714,373.786,380.071,574.571,542,535.5,408.643,417.714,442.357,,
1077.26,2452,3376.93,3324.29,2446,2423.5,2180.43,2451.71,2177.5,2636.79,2667.93,2413.71,3150.79,2336.57,2031.43,2082.07,2694.07,2765.14,2808.79,388.571,378.929,377.929,568.429,545.5,533.571,406.214,418.5,442.786,,
1078.9,2439.93,3360.07,3324.29,2452.93,2410.57,2194.86,2456.64,2181.5,2644.29,2665.36,2424.29,3157.79,2358,2039.93,2089.5,2724.21,2759.71,2802.86,383.714,375.929,376.286,568.857,539.571,527.429,406.571,419.643,442.429,,
1080.54,2451.86,3384.71,3315.07,2443.5,2404.86,2191.43,2468.07,2187.5,2636.29,2655.86,2424.29,3156.64,2336.29,2052.57,2085.71,2727.29,2766.14,2815.71,386.143,375.071,380.429,572.643,543.071,539.214,404.214,416.857,438.714,,
1082.17,2452,3378.86,3334.5,2466.71,2420,2193.57,2475.79,2187.86,2675.57,2667.93,2414.21,3167,2348.29,2040.86,2075.71,2720.43,2752.64,2811.5,388.786,377.929,384.857,572.357,537.214,532.286,402.5,417.786,436.643,,
1083.81,2442.64,3378.21,3309.14,2460.64,2409,2187.57,2445.43,2179.14,2654.64,2653.5,2419.64,3134.71,2335,2027.57,2084.07,2718.57,2769.14,2816.57,390.071,376.071,380.071,575.214,547.929,532.571,399.571,416.643,435.5,,
1085.45,2465.79,3382.43,3324,2448.29,2395.29,2182.43,2468.07,2182.71,2658.29,2643.29,2424.14,3148.36,2347.21,2030.93,2069.93,2702.71,2740.43,2803.86,392.071,374,380.286,581,541.214,533.214,401.714,422.071,437.429,,
1087.09,2451.57,3373.36,3342.57,2444.43,2415.21,2179.57,2456.43,2180.36,2648.71,2644.71,2418.07,3130,2324,2042.79,2073.93,2700.36,2765.64,2796.5,388.857,371,373.429,568.643,543.786,532,400,422.786,442.571,,
1088.73,2460.5,3371.36,3320.93,2439.79,2403.93,2172.29,2459,2184.14,2638.93,2650.5,2413,3144.93,2322.93,2014.71,2044.5,2689.29,2749.43,2804.07,385.5,374.143,375.5,569.571,536.214,534.786,394.429,417.643,443.5,,
1090.37,2438.86,3361.93,3317.93,2452.21,2425.36,2173.57,2443,2185.43,2641.86,2660.79,2412.71,3190.07,2345.43,2022.5,2064.79,2711.07,2752.36,2809.07,385.357,370.286,376.929,561.571,532.929,528.929,400.286,419.5,441.357,,
1092,2454.5,3390,3333.5,2460.71,2418.21,2190.14,2462.14,2198.57,2648.5,2656.93,2431.36,3174.71,2317.29,2031.07,2081.79,2705.14,2776.93,2812.79,389.643,375.429,370.857,567.571,538.214,524.714,401.929,420.214,444.286,,
1093.64,2457.43,3368.21,3323.64,2435.5,2411.21,2172.5,2466.14,2176.07,2644.5,2640.93,2427.36,3165.36,2339.21,2004.43,2076.5,2716,2756.57,2819.64,385.143,372.286,369.5,569.071,528.929,533,395.071,414.357,438.143,,
1095.28,2462.36,3385.64,3315.71,2444.79,2422.29,2201.64,2459.71,2209.93,2638.57,2655.14,2415.29,3175.57,2333.64,2036.5,2070.07,2709,2761.64,2811.79,384.857,375.286,378.929,568.571,537.643,535.5,401.857,422.357,435.5,,
1096.92,2441.79,3384.64,3343.71,2464.36,2426,2217.29,2478.21,2183.29,2646.79,2667.36,2430.21,3188.07,2354.71,2030,2066,2718.29,2768.79,2826.07,385.429,372.071,370.5,564.429,540.429,540.071,396.143,423.929,435.5,,
1098.55,2453.86,3383.79,3330,2467.5,2426.43,2191.07,2467,2193,2656.07,2653.64,2440.43,3175,2331.86,2017.57,2056.43,2721.14,2770.86,2824.29,389.643,376.571,373.5,567.786,539.429,523,401.929,415.357,437.143,,
1100.19,2476.29,3397.57,3342.93,2469.79,2435.79,2197.43,2477.57,2188.86,2671.57,2656.36,2429.43,3173.29,2318.43,2014.43,2077.71,2730.64,2769.36,2814.36,385.714,377.071,376.929,565.214,537.286,535.357,396.214,418.5,439.929,,
1101.82,2452.29,3396.43,3348.79,2442.79,2409.57,2202.86,2455.64,2205.21,2654.64,2656,2426.79,3176.43,2321.29,2023.43,2078.79,2738.5,2788.86,2820.57,386.643,373.357,378.357,568.571,539.357,526.571,397.357,420.5,433.071,,
1103.46,2470.21,3404.86,3344.43,2442.14,2435.64,2189.29,2479,2203.64,2654.93,2669.5,2416.43,3178.71,2332.29,2018.79,2070.79,2726.57,2777.86,2826.86,386.857,375.857,378.429,573.357,535.643,524.929,395.643,411.786,437.143,,
1105.09,2477.29,3400.14,3339.79,2452.07,2440,2199.07,2474.86,2196.21,2652.21,2656.79,2432.07,3175,2327.64,2004.57,2076.57,2724.14,2767.43,2808.43,390.357,370.357,373.143,569.5,532,521,397.357,417.429,435.429,,
1106.73,2450.93,3393.86,3352.29,2454.43,2431.43,2207.86,2472.21,2199.93,2656.57,2677.14,2418.86,3181.64,2334.29,2018.79,2068.07,2730.07,2778.36,2827,380.643,370.929,372.714,570.643,545.857,525.786,403.643,413.429,444,,
1108.36,2467.21,3391.21,3340.21,2463.71,2438.93,2201.71,2472.64,2199.5,2656.14,2671.93,2440.07,3169.43,2330.79,2027.5,2078.93,2731.71,2779.64,2843.21,387.929,373.714,385.143,567.5,540.5,516.071,394.357,415.643,440.5,,
1110,2476.86,3387.29,3342.64,2454.36,2418.93,2203.79,2476.57,2195.14,2675.57,2674.57,2455.21,3192.86,2334.21,2033.93,2083.64,2745.07,2780.71,2817.71,387.5,372.286,368.571,572.214,538.857,520.643,393.286,411.571,442.071,,
1111.63,2489.29,3416.07,3338.21,2465.57,2430.5,2202.07,2488.43,2206,2672.71,2669,2451,3214.14,2342.5,2025.5,2095.79,2729.21,2779.07,2837.5,386.929,369.5,378.857,559.357,536.357,532.857,399.071,410.071,438.214,,
1113.26,2473,3396.64,3359.79,2468.79,2434.36,2225.79,2474.36,2216.36,2664.79,2684.79,2459.57,3203.07,2353.36,2032.43,2067.71,2734.07,2793.5,2840.86,388.571,374.786,370.143,569.429,536.214,523.429,392.5,406.357,435.429,,
1114.9,2487.36,3401.29,3362.21,2492.57,2436.21,2213.57,2470.36,2186.93,2693.93,2686.79,2462.21,3193.86,2325,2036.36,2079.5,2754.43,2793.21,2849.07,383.786,373.714,371.929,569.643,531.571,531.214,393.857,417.357,438,,
1116.53,2494.64,3400.93,3361.57,2482.79,2454.14,2223.14,2492.43,2205.29,2706,2689.43,2442.29,3212.36,2333,2030.29,2079.64,2752.07,2779.64,2853.71,385.857,373.286,377.429,576.643,536.786,534.5,397.929,413.143,437.857,,
1118.16,2497.79,3426.64,3356.64,2492.71,2455,2219.07,2509.07,2214.14,2677.43,2675.79,2425.5,3211.14,2335.14,2044.86,2079.79,2770.29,2806.29,2858.57,387.071,369.429,378.357,571.786,540.643,532.071,398.286,413.071,438.857,,
1119.79,2478.29,3421.21,3381.57,2490.14,2447.21,2221.86,2477.36,2216.14,2681.14,2696.79,2467.07,3206.71,2343.79,2039.21,2090.07,2779.43,2803.5,2880.5,383,365.357,375,574.143,542.286,531.071,395.5,414.571,430.071,,
1121.43,2495.64,3423.86,3390,2497.57,2472.21,2226,2490.21,2211.43,2669.57,2682.21,2462.14,3220.86,2336.79,2033.43,2101.5,2777.79,2815,2881.64,393.5,378.071,376.786,571,539.071,519.929,394.143,409.786,438,,
1123.06,2493.21,3427.79,3367.07,2518.71,2465.29,2243.93,2499.93,2226.71,2691.14,2689.5,2473.79,3224.21,2335.86,2039.64,2095.36,2787.14,2826.57,2893.5,387.286,375.857,380.357,573.857,541.643,531.857,400.429,412.214,433.143,,
1124.69,2508.29,3425.21,3379.79,2507.43,2469.64,2231.21,2489,2229.21,2683.14,2717.64,2471,3224.14,2352.14,2047.29,2111.07,2788.14,2856.86,2899.57,384.929,376.643,377.143,568,537.143,532.5,392.286,411.857,441.857,,
1126.32,2519.5,3413.64,3388,2494.07,2467.07,2236.36,2513.36,2214.21,2684,2695.93,2498.79,3220.29,2357.64,2063.57,2098.57,2794.64,2839.64,2914.64,391.643,371.714,381.929,568.214,540.929,523.286,393.857,414.643,432.429,,
1127.95,2525.36,3425.79,3377.79,2512.79,2472.57,2240.5,2521,2226.14,2702.71,2716.93,2504.64,3252.71,2366.79,2074.57,2101,2785.29,2847.36,2901.86,384.571,373.643,375.5,574,541.214,530.429,395.357,409.929,439.214,,
1129.58,2530.29,3434.57,3378.36,2517.29,2481.57,2249.29,2516.57,2249.93,2710.29,2758.36,2485.21,3246.5,2367.64,2073.21,2102.21,2796.29,2877.57,2912.14,394.571,374.929,376.571,574.571,539.143,534.714,395.5,413.5,437.429,,
1131.21,2529.57,3456.36,3394.5,2534.93,2489.64,2236.36,2515.71,2241.79,2707,2762.07,2521.29,3251.43,2372.57,2058.14,2119.57,2823.64,2855.71,2922,393.429,370,384.857,571,534.5,534.214,396.714,411.571,435.071,,
1132.84,2533.71,3443.79,3399.57,2527.93,2516.71,2268.86,2519.57,2237.71,2711.57,2768.86,2526.79,3246.93,2359.64,2096.86,2131.93,2838.14,2895.93,2938.5,385.357,382.214,378.857,576.357,546.5,530.571,398.429,413.143,440.214,,
1134.47,2532.79,3473,3413.5,2533.79,2507.43,2272.93,2529.21,2254.36,2723.21,2771.5,2542.93,3278.93,2390.93,2086.86,2130,2844.79,2890.29,2963.14,387.071,379.571,371.643,578.429,540.786,533.786,395.786,416.714,432.071,,
1136.1,2554.71,3472.86,3409.64,2544.43,2515.21,2273.86,2537.86,2259.14,2722.07,2772,2544.07,3289,2397.21,2059.29,2131.21,2833.79,2920,2963,394.429,371.571,385.214,579.786,543.5,534.571,391.714,413.357,437.286,,
1137.73,2541.29,3477.14,3421.57,2554.07,2525.86,2287.64,2537.71,2261.21,2726.5,2775.57,2559.07,3289.14,2403.57,2090.57,2138.71,2865.86,2938.07,3002.43,393.643,370.714,384.429,581.5,536.214,529.643,399.214,411,434.714,,
1139.36,2554,3460.64,3435.21,2547.71,2528.5,2300.71,2543,2270.5,2740,2804.07,2583.86,3294.36,2409.93,2109.71,2155,2902.93,2952.36,3004.64,390.143,381.357,380.071,577.143,550.5,534.929,395.214,414.5,441.571,,
1140.98,2579.5,3460.71,3415.86,2577.14,2527.71,2315.07,2557.07,2283.5,2752.14,2822.71,2588.57,3293.43,2423.86,2116.14,2163.93,2900.21,2942.93,3015.43,390.143,390.143,383.571,579.5,551.714,536.071,400.714,419,446.643,,
1142.61,2586.14,3487.07,3441.07,2579.57,2550.5,2320.14,2560.14,2280.5,2758.29,2835.86,2586.14,3322.71,2426,2136.43,2172.79,2929.29,2992.71,3038.5,396.143,384.714,388.857,584,555,538.571,402.786,419.357,443.786,,
1144.24,2595.64,3502.29,3455.57,2607.36,2561.93,2324.79,2581,2281.71,2760.64,2874.93,2638.71,3334.36,2446.64,2144.86,2207.36,2954.5,3008.36,3080.71,399.786,384.786,396.429,579.714,545.929,535.071,402.643,425.643,446.286,,
1145.87,2594.57,3498.07,3446.36,2583.43,2566.07,2337.57,2572.29,2290.29,2776.86,2889.14,2671.43,3371.14,2470.79,2171.14,2225.64,2996.57,3052.64,3079.21,401.143,393.5,383.571,583.357,555.857,547.714,404.286,422.929,448.286,,
1147.49,2610.29,3522.14,3475.07,2622,2593.5,2372,2586.93,2318.29,2791.36,2943.43,2711.57,3385.79,2500.57,2203,2255.43,3020.5,3089.64,3161.86,405.714,395.143,390.571,585.286,566.571,544.857,416.286,429.357,451.571,,
1149.12,2637.21,3542.5,3486.64,2655.14,2626.21,2371.64,2604.07,2343.07,2796.57,3003.14,2773.86,3446.14,2534.29,2245.36,2319.14,3083.57,3152.71,3227.93,405.143,399.857,401.5,605.286,563.071,562.428,416.786,432.143,464.429,,
1150.75,2670.07,3554,3507.21,2705.57,2644.79,2402.71,2644.29,2372.07,2819.57,3111.14,2841.71,3470.57,2617.86,2307.21,2367.36,3181.79,3232.5,3323.21,415.5,398.714,407.643,614.214,576.429,562.143,415.929,442.714,459.857,,
1152.37,2707.14,3587.07,3551.29,2754.29,2703.36,2458.79,2684.64,2395.36,2862.5,3189.36,2936.14,3548.71,2655.14,2360.07,2430.57,3250.86,3324.36,3417,414.357,404.714,410.571,618.714,591.643,582.5,428.571,448.786,473.714,,
1154,2749.93,3628.36,3590.29,2807.5,2756.64,2522.64,2716.93,2455.29,2900.64,3267.57,3007.5,3608.86,2713.64,2417.5,2514.14,3354.36,3405.5,3502.07,427.929,417.357,414,635.286,607.857,595.643,435.357,456.357,479.857,,
1155.62,2797,3689.36,3637.43,2843.86,2816.14,2580.64,2767.43,2494.86,2933.79,3277.64,3045.71,3619.29,2755.93,2470.21,2519.07,3378.86,3461,3551,435.786,419.143,422.571,651.357,613.143,593.714,433.571,459.071,482,,
1157.25,2857.07,3718.14,3652.36,2882.5,2832.71,2588.5,2791.57,2526.36,2959.21,3287.93,3037.86,3607.07,2737.5,2453,2524.79,3401.57,3452.36,3536.71,429.786,419.143,429.643,643.286,603.286,604.071,432.929,459.5,487.071,,
1158.87,2864.29,3734.71,3674.93,2893.93,2845.57,2604.86,2800.86,2518.14,2962.14,3218.5,2969.14,3566.21,2692.36,2397.86,2476,3344.5,3370.36,3483.93,429,416.786,420.429,631.214,602.429,581.357,430.643,446.714,474.714,,
1160.5,2855.29,3716.93,3662.29,2868.93,2830.14,2578.43,2755.71,2482.93,2949.64,3111.21,2867.5,3500.64,2620.86,2319.86,2384.71,3213.64,3303.36,3354.86,420.786,414.357,418.5,618.571,588.143,572.643,420.571,438.357,463.214,,
1162.12,2803.21,3699.14,3624.71,2828.57,2779.71,2531.21,2711.07,2463,2899.21,2996.14,2770.93,3433.64,2541.79,2244.86,2331.86,3124.93,3186.93,3235.86,411.143,398.643,399,600.714,572.929,559.214,407.286,435.286,458.786,,
1163.74,2770.86,3639.57,3576.5,2768.36,2718,2475.36,2672.86,2397.14,2852.36,2918.79,2679.21,3376.29,2475.36,2171.71,2234.21,3034.07,3095.71,3147,402.571,388,392,592.143,554.786,546.286,404.214,427.571,448.714,,
1165.37,2705.86,3578.07,3531.93,2697.71,2652.79,2411.21,2620.36,2349.5,2796.64,2855.71,2607.14,3346,2419.64,2113.64,2181.64,2961,3020.86,3089.14,401.429,386.5,385.571,577.5,551.929,536.786,398.286,416.571,438.714,,
1166.99,2663.5,3552.14,3490.57,2665.43,2612.29,2362.43,2590.64,2319.07,2776.43,2793.71,2570.5,3297,2382.21,2081.64,2137.71,2920.79,2961.07,3019.79,392.714,374.643,380.857,563.786,541,531.071,390.857,407.857,432.071,,
1168.61,2626.21,3512,3444.5,2612.14,2581.93,2339.64,2578.79,2289,2764,2772.79,2551.07,3304.93,2369.93,2054.5,2111.36,2869.14,2930.07,2980.79,387.214,371.286,375.714,567.429,533.929,525,387.643,405.5,434.429,,
1170.24,2618.5,3506.14,3436.57,2582,2581.36,2329.14,2568.29,2265.07,2761.21,2762.64,2513.86,3286.5,2324,2050,2108.14,2856.71,2895.36,2954.57,386.429,364.5,374,567.857,532.786,521.571,383.429,398.857,432.5,,
1171.86,2588.21,3484.07,3455.07,2574.57,2553.36,2310.36,2529.64,2264.21,2751,2739.64,2507.86,3273.5,2330.79,2035.43,2080.86,2849.36,2908.36,2940.21,387.571,371.429,377.071,557.857,527.5,524.5,392.786,399.429,417.571,,
1173.48,2589.36,3476.86,3423.71,2561.07,2548.64,2299.29,2545.5,2265.93,2727.29,2726.43,2497.57,3269.79,2327.64,2038.79,2071.64,2828.07,2887.43,2924.36,382.429,373.429,376.643,559.071,537.143,517.429,373.357,392.071,419.429,,
1175.1,2577.07,3483.21,3437.36,2567.43,2534.07,2308.36,2523.36,2258.21,2737.71,2711.36,2480.93,3268.29,2324.14,2007.07,2080.07,2828,2897.64,2938.43,388.071,370.714,366.5,568.214,535.929,522.786,386.357,395.143,421.214,,
1176.72,2565.14,3481.79,3421,2555.93,2504.5,2284.14,2533.21,2242.64,2743.07,2712.5,2473.21,3263,2313.93,2002.43,2056.36,2802.86,2872.43,2918.43,382.357,359.429,369.857,554.357,527.786,512.143,374.143,398.357,414.929,,
1178.34,2559.79,3471.43,3429.43,2542,2512.29,2299.64,2523.5,2242.36,2735.07,2709.93,2472.5,3259.64,2307.57,2013.64,2057.5,2805.64,2870.36,2920.36,385.929,379.643,368.429,553.786,526.571,519.5,375.214,395.214,418.786,,
1179.96,2558.29,3465.43,3397.93,2544.79,2509.29,2280.21,2525.21,2249.64,2736.21,2704.86,2492.29,3255.5,2308.64,1996.93,2047.21,2826.36,2863.14,2924.86,387.643,373.929,372.214,561.429,525,514,376.929,392.071,424,,
1181.58,2573.14,3464.43,3414,2540.07,2508.43,2287.57,2543.43,2252.36,2730.79,2692.57,2472.5,3255.36,2293.64,1999.71,2033.21,2823.07,2873.57,2913,381.5,375.786,376.643,561.5,520.5,524.071,382.286,399.143,426.929,,
1183.2,2585.43,3450.5,3409.5,2547.79,2514.14,2283,2535.14,2255.5,2732.86,2687.43,2464.36,3267.57,2298.07,2005.36,2047.79,2820.14,2854.64,2921.21,383.143,365.286,367.786,554.571,516.286,511.786,373.643,393.929,420.714,,
1184.82,2580.21,3473,3412.21,2539.86,2522.36,2286.86,2520.07,2239.64,2717.86,2683.64,2482.93,3244.71,2284.5,1995.36,2044.86,2801.29,2858.07,2895.71,380.143,375.429,362.714,559,518.429,512.286,377.143,395.143,414.071,,
1186.44,2553.21,3469.14,3405.93,2542.14,2512.71,2273.29,2519.5,2259.5,2703.86,2681.57,2479,3263.14,2275.29,1981.57,2042.86,2813.71,2858.21,2886.43,382.429,365.214,373.786,551.143,525.714,508.5,370.571,396.857,417.214,,
1188.06,2553.29,3448.57,3398.57,2542.07,2505.14,2268.79,2518.14,2231.43,2711.79,2668.43,2478.14,3259.14,2283.43,1972.93,2022.5,2781.21,2864.14,2894.86,379.143,367.929,372,551.286,526.786,512.286,368.357,387.429,414.5,,
1189.68,2558,3449,3408,2543,2503.5,2274.5,2509.64,2255,2725.14,2670.57,2442.93,3265.14,2293.43,1976.71,2033.07,2794.71,2856.86,2893.36,374.357,365.143,373.286,546.786,518.286,510.357,370.143,384.214,410.786,,
1191.3,2555.14,3464,3411.29,2532.21,2491.93,2282,2519.07,2228.5,2707.93,2669.57,2445.64,3252.64,2295.36,1974.36,2022.14,2791.36,2840.36,2899.29,379.143,363.714,369,552.5,524.643,502.357,377.857,389,412.5,,
1192.92,2544.36,3475,3409.07,2542.71,2495.43,2284.36,2520.79,2239.64,2717,2671.57,2465.5,3259.64,2271.93,1983.14,2024.14,2800.29,2845.07,2899.5,383.643,363.929,371.571,551.5,524.5,509.786,365,392.643,410.571,,
1194.53,2559.64,3472.14,3400.07,2539.71,2521.71,2266.79,2528.79,2235.5,2735.64,2655.5,2450.71,3234.07,2266.21,1962.14,2010.07,2782.07,2851.43,2892.43,383.714,368.786,374.714,549.429,521.429,507,371.786,385.929,416.071,,
1196.15,2547.21,3476.5,3411.93,2530.57,2516.07,2273.57,2509.07,2254.93,2728,2682.21,2454.71,3264.43,2273.43,1981.21,2030.79,2785.93,2854.71,2909.21,382.071,369.214,372.643,553.857,518.857,509.929,371,385.929,410.571,,
1197.77,2544.5,3457.07,3392.36,2537.14,2512.57,2269.29,2520.86,2248.14,2710.21,2663.43,2446.86,3263.79,2265.07,1975.93,2034,2803.5,2847.43,2901.29,386.214,367.429,375.5,546.786,519.643,505.929,368.786,394.857,412.571,,
1199.38,2551.36,3471.14,3405.86,2547.43,2516.93,2275.36,2533.14,2236.43,2727.29,2681.07,2456.79,3260,2273.29,1966.86,2019.5,2802,2858.21,2911.57,382,365.429,369.429,546.643,517.357,509.643,369,386.143,404.714,,
1201,2557.64,3451.14,3417.71,2556.07,2511.71,2287.14,2538.79,2262.07,2719.86,2671.29,2457.29,3269.36,2259.29,1956.5,2000.93,2812.64,2854,2896.93,376.143,366.429,366.786,539.214,517.643,506.929,365.786,387.929,414.714,,
1202.62,2559.36,3461.5,3412.36,2538.86,2524.86,2288.14,2514.57,2242.79,2717.07,2672.14,2443.14,3251.79,2254.57,1967.64,2003.36,2805.71,2849.57,2903.21,382.357,363.071,365.643,549,514,521.143,370.643,391.286,405.286,,
1204.23,2579.36,3451,3410.86,2530.79,2512.21,2268.43,2505.21,2247.43,2721,2668.07,2441.21,3244,2255.21,1964.57,2018.64,2780.86,2838.07,2898.36,381.571,355.429,366.357,545.786,513.357,503.5,363,383.357,411.857,,
1205.85,2542.5,3468.93,3420.86,2535.07,2490.64,2279.36,2509.14,2235.64,2716.43,2660.71,2440,3278.93,2238.36,1961.57,2002,2783.57,2825.57,2893.93,374.857,365.857,374.071,543.143,508,507.429,362.786,380.643,409.714,,
1207.46,2547.07,3469.64,3398.5,2524.71,2499.36,2264.36,2505.21,2239.86,2695.57,2665.07,2444.21,3281.93,2263.43,1943.14,2016.5,2793.5,2844.14,2877.43,373.857,361.5,363.357,538.5,507.286,500.857,362.286,375.429,403.5,,
1209.08,2548.36,3449.71,3409.93,2540.36,2507.14,2270.93,2505.64,2245.36,2718.36,2663.14,2432.14,3274.29,2247.21,1945.07,2002.86,2782.86,2835.93,2896.29,377.929,360.5,367.071,548.857,513.5,498.571,361.643,382.286,393,,
1210.69,2549.93,3466.29,3405.64,2551.93,2517.07,2279,2508,2265.5,2714.5,2648.79,2461.36,3269.64,2272.14,1956.64,2001.29,2793.71,2846.57,2896.64,379.357,363.571,362.5,547.143,513.857,497.357,360.786,378.357,402.071,,
1212.31,2555.64,3465.29,3409.64,2555.14,2509.29,2277.5,2513.86,2244.5,2722.57,2668.14,2445.5,3277.14,2259.43,1953.5,2001.86,2798.5,2842.43,2897.07,379.5,360.929,366.357,555.286,511.5,498.571,372.286,379.5,402.929,,
1213.92,2555.07,3465.21,3418.14,2537.93,2505.5,2262.71,2525.71,2248.07,2720.93,2674.5,2434.29,3276.14,2244.07,1967.36,2008.79,2771.79,2844.57,2885.64,369.571,364.143,361.5,544,510.571,501.5,363.214,372.071,402.929,,
1215.54,2565.93,3476.86,3399.57,2530.43,2522.64,2285.93,2505.93,2250.36,2737.14,2658.21,2434.07,3267,2240,1946.07,1994.36,2799.86,2848.64,2882,371.214,364.786,367.571,546.071,509.929,497.929,355.214,376.714,404.571,,
1217.15,2572.64,3467.29,3429.86,2536.93,2510.29,2277.07,2532.43,2244.93,2739.93,2646.14,2428.07,3262.5,2229.71,1947.57,1989.86,2793.43,2836.29,2878.79,369.143,358.643,356.857,549.143,501.143,502.143,361.429,383.571,398.214,,
1218.76,2565.07,3465.79,3414.93,2537.14,2502,2273.29,2504,2224.29,2717.93,2620.43,2436.57,3234.86,2239.36,1925.29,1968.07,2779.14,2828.57,2866.64,378.714,359,360.429,543,503.929,493,360.357,375.143,401.786,,
1220.37,2552.07,3462.14,3416.64,2536,2521.57,2278.29,2513.07,2224.79,2720.93,2630.93,2418.43,3240.29,2235.5,1928.29,1972.5,2780.64,2815.79,2863.71,368.857,358.714,362,525.286,508.571,493.429,358.286,375.929,399,,
1221.99,2554.5,3455.93,3399.5,2534.71,2502.36,2270.64,2517.79,2210.64,2701,2628.5,2406.79,3262.57,2225.21,1918.64,1959.79,2785.71,2817.5,2874.71,368.143,355.929,354.714,539,501.714,500.357,361.214,368.786,395.5,,
1223.6,2543.57,3454.71,3395.14,2529.29,2498.64,2254.21,2515.57,2217.71,2707.71,2637.43,2418.5,3248.86,2219.64,1926.21,1966.57,2768.86,2808.29,2852.93,369.5,360.857,364.071,541.5,504.643,494.143,352.5,380.571,394.357,,
1225.21,2547.93,3442.64,3413.29,2525.71,2497.79,2265.21,2514.86,2214.71,2710.43,2636.21,2410.36,3261.36,2215,1920,1959.43,2758.79,2819.43,2857.64,373.143,352.857,360.643,530.071,502.143,497.786,359.357,369.286,404.071,,
1226.82,2564.07,3450.79,3400.64,2532.71,2497.93,2267.29,2491.64,2221.5,2704.86,2624.71,2413.21,3244,2206.79,1906,1957.64,2764.14,2792.21,2864.36,371.357,358,360.071,531.071,503.5,487.714,355.5,364.714,394.214,,
1228.43,2556.71,3446.79,3382.57,2521.43,2497.07,2264.79,2508.07,2222.29,2697.5,2638.43,2399.43,3259.93,2219.43,1900.36,1967,2748.71,2784.14,2851.36,372.5,358.071,354.786,541.071,505.214,495.929,359.357,369.857,395.857,,
1230.05,2528.57,3440.79,3395.43,2533.93,2489.29,2266.93,2503,2230.86,2718.5,2611.57,2397.07,3237.79,2197.07,1907,1958.36,2753.86,2790.5,2844.5,366.071,352,353.143,530.214,500.571,496.857,352.714,365.5,385.286,,
1231.66,2560.5,3455.57,3396.43,2504.21,2483.64,2269.29,2503.29,2227.14,2707.86,2621.57,2393,3225.64,2201.07,1898.21,1954,2750.14,2815,2849.57,369.929,355.714,357.643,540.429,503.429,492.214,346.929,367.643,395.214,,
1233.27,2525,3456,3394.57,2519.14,2485.36,2261.86,2497.43,2220.86,2709.29,2602.5,2400.5,3237.86,2193,1900.79,1955.14,2743.36,2798.07,2847.36,367,354,359.5,538.786,500,489.571,353.357,364.071,393.786,,
1234.87,2542.57,3433,3398.79,2520.29,2494,2246.86,2495.57,2233.21,2701.86,2623.21,2401.5,3244.21,2197,1892.07,1956.64,2770.5,2802.71,2857.57,366.429,354.357,360.929,528.429,496.429,498.286,351.357,369.071,389.5,,
1236.49,2543.79,3445.57,3388.5,2498.43,2486.86,2252,2509.29,2218.43,2710.86,2608.14,2396.5,3230.71,2192.43,1894.64,1959,2743.71,2791.07,2841.71,365.214,360.071,356,533.571,501.571,492.714,355.571,371.357,392.929,,
1238.09,2545,3434,3386.36,2532.36,2486.64,2248.86,2505.93,2218.21,2706.14,2606.79,2404.14,3245.57,2194.07,1898.5,1951.5,2758.71,2804.43,2855.43,371.786,354.5,359.643,539.286,502.429,490.786,349.5,367.357,395.714,,
1239.7,2545.86,3444.29,3389.07,2519.07,2489.29,2252.79,2508.64,2225,2699.5,2605.64,2389.57,3233.79,2180.86,1902.64,1977.57,2748.79,2818,2848.64,369.429,356.786,360.857,533.929,500.857,485.429,352.786,370.857,388.786,,
1241.31,2545.71,3432.21,3373.14,2527.36,2495.93,2261.36,2489.14,2216.14,2685.21,2613.43,2388.93,3241.64,2200.93,1904.86,1955.36,2756.36,2793.29,2836.79,368.5,353.786,361.786,527.071,499.786,488.214,356.643,367.714,393.857,,
1242.92,2551.14,3428.43,3393.5,2517.93,2488.36,2246.93,2485.5,2217.14,2707.36,2597.36,2388,3248.57,2193.71,1908.29,1939.93,2742.07,2787.5,2851,368.357,352.071,359.929,522.143,502.571,488.571,350.071,366.857,389.214,,
1244.53,2538,3431.43,3375.14,2514.43,2489.93,2250.21,2485.07,2218.14,2710.86,2593,2403.36,3249.64,2196.14,1904.86,1950.71,2765.29,2782.14,2846.71,366.143,351.429,358.214,522.143,502.286,480.929,349.5,365.5,381.786,,
1246.14,2548.5,3425.64,3390.57,2511.36,2497.07,2260.43,2523.57,2221.57,2703.43,2622,2405.36,3238.14,2197.07,1899.14,1964.14,2750.79,2784.71,2844.36,372.429,354.643,358.714,528.929,494.857,489.286,350.857,366,392.357,,
1247.74,2548.36,3455.14,3387.29,2517.64,2484.07,2262.21,2507.29,2224.5,2700.5,2620.64,2397.64,3260.29,2198.5,1903.93,1965.21,2742.57,2807.43,2854.93,370.714,351.643,354.143,525.286,495.429,484.143,350.714,360.786,391.286,,
1249.35,2558.07,3442,3390.43,2519.86,2489,2266.79,2504.29,2217,2708.93,2635.93,2378.93,3269.21,2204.07,1892.57,1950.14,2770.29,2789.14,2859.64,368.357,353.929,352.071,535,497.643,489.357,350.071,366.143,388.286,,
1250.96,2555.36,3440.64,3390.43,2515.64,2497.43,2274.79,2512.43,2214.93,2704.14,2618.5,2392.29,3235.36,2201.43,1892.5,1944.64,2767,2817.14,2867.14,363.714,354.643,361,529.429,497.643,488.571,351.071,368.357,393.357,,
1252.56,2547.29,3440.57,3408.64,2504.43,2498.07,2274.79,2500.57,2232.79,2699.57,2608.14,2400.14,3251.93,2203.79,1889.57,1948.57,2741.86,2814.14,2870.57,370.357,358.714,356.786,531.286,495,488.143,350.429,363.786,387.714,,
1254.17,2543.93,3472.64,3399.71,2531.79,2512.36,2286.5,2504.64,2235.86,2696.71,2613.36,2397.79,3257.29,2184.79,1909.79,1950.57,2772.29,2802.64,2853.93,363.214,355.143,360.571,523.929,503.786,495.214,349.929,367.286,391.5,,
1255.78,2561.07,3433.29,3384.14,2519.79,2507.07,2270.5,2514.79,2224.79,2709.36,2636.64,2407.71,3256.14,2205.07,1911.5,1952.29,2770.64,2793.07,2886.36,368.571,355.786,362.857,529.571,503.143,493.429,350.357,359.571,388.857,,
1257.38,2552.79,3439.64,3384.79,2516.21,2502.79,2278.64,2497,2233.93,2705.64,2638.29,2413.93,3270.86,2210.79,1907.93,1956.86,2776.86,2821.14,2876.86,369.214,355.143,359.357,537.143,499.071,492.286,348.857,364.643,391.5,,
1258.99,2557.29,3431.14,3385.64,2546.07,2497,2277.79,2499.5,2228.64,2711.14,2635.36,2411.14,3253.93,2224.36,1900.57,1968.64,2776.21,2833.07,2887.21,373.143,355,356.643,536.357,501.857,486.214,348.857,371.429,390.857,,
1260.59,2568.29,3431.93,3395.79,2530.71,2490.21,2286.14,2500.29,2221.57,2723.29,2632.64,2428.5,3266.21,2204.93,1916,1953.71,2772.14,2829.29,2881.64,372.143,354.643,362.429,530.429,499,490.929,353.571,365.643,392.214,,
1262.2,2548.07,3447.07,3409.86,2512.79,2505.14,2272.07,2507.29,2226.86,2717,2639.29,2427,3282.86,2208.86,1907.07,1967.64,2789.29,2827.64,2884.5,374.286,357.357,367.5,531,505.429,491.5,359.571,368.714,390.857,,
1263.8,2549.93,3445.36,3387.14,2531.79,2521.86,2280.93,2524.07,2241.07,2707.86,2637.29,2419.64,3275.71,2234.5,1930.86,1955.64,2782.79,2833.57,2889.5,371.286,354.357,363.857,539.143,498.857,498.714,354.5,371.643,398.071,,
1265.4,2566.29,3443.29,3411.14,2538.93,2507.21,2274.79,2523.93,2246,2723.43,2643,2450.64,3303.64,2212.43,1922.64,1978.57,2788.29,2838.43,2884.43,376.786,360.071,354,529.143,503.571,489.786,350.5,370.786,392.143,,
1267.01,2571.21,3458.14,3414.79,2551.79,2529.57,2302.86,2525.43,2239.14,2738.21,2649.21,2443.64,3264.07,2218.57,1931.93,1988.29,2794.36,2845.21,2893.5,375.143,358,358.357,538.643,505.857,495.857,360.643,369.143,388,,
1268.61,2574.21,3463,3398.86,2534.07,2528.57,2300.14,2522.71,2261.5,2747.86,2669.93,2454.36,3286.43,2237,1917.79,1986.43,2799.64,2854.5,2922.79,372.857,360.071,363.714,539.929,506.643,495.714,350.143,367.071,389.214,,
1270.22,2586.07,3466.07,3410.93,2550.93,2527.93,2308.93,2534.07,2257.36,2738.29,2664.14,2461.29,3288.86,2234.93,1941.71,1999.79,2810.14,2873.86,2933.64,371.214,357.143,363.643,538.071,508.929,496.571,356.071,368.714,401.929,,
1271.82,2606.71,3467.29,3428.21,2559.86,2541.14,2295.5,2532.14,2251.21,2743.29,2705.93,2477.86,3296.14,2245.57,1943.14,2008.64,2824.21,2877.57,2937.64,375.071,363.071,366.929,537.786,509.429,498.429,356.857,371.357,399.5,,
1273.42,2596.79,3487.07,3417.5,2551.57,2541.71,2315,2529.71,2263,2735.71,2712.57,2484.57,3302.43,2252.71,1960,2016,2858.79,2902.86,2946.07,376.643,362.357,361.071,541.571,508.214,499.714,357.286,372.571,400.357,,
1275.02,2623.36,3454.86,3424.64,2571.21,2548.64,2302.57,2553.79,2264.07,2748.64,2726.79,2499.36,3335.71,2279.21,1972.07,2033,2843.07,2917.36,2954.5,371.286,364.571,364.214,541.857,515.071,505.857,357,379.214,399.214,,
1276.63,2595.5,3488.43,3422.14,2593.71,2545.64,2319.57,2555.57,2274.29,2759.57,2745.5,2508,3348.5,2284.64,1983.36,2049.86,2880.21,2906.36,2989.21,382,361.571,368.071,539.786,510.643,496.357,361.286,375.714,402.143,,
1278.23,2610.14,3486.93,3424.07,2592.07,2550,2326.29,2552.64,2286.21,2755.71,2728.43,2530.86,3340.29,2300.07,1997.14,2059,2883.43,2922.5,2997.07,377.857,366.214,365,543.286,510.643,508.571,359.571,379.214,405.357,,
1279.83,2629.64,3482.43,3430.57,2588.79,2562.57,2346.07,2553.36,2276.5,2757.86,2726.86,2505.43,3354.5,2282.93,1977.5,2043.14,2874.14,2909.71,2977,387.929,357.571,368.071,543.357,512.357,502.357,365,382.214,399.5,,
1281.43,2612.86,3496.93,3442.5,2598.21,2583.36,2362,2552.86,2293.71,2764.29,2743.36,2511,3353.14,2279.21,1988,2034.64,2873.86,2914.64,2976.79,380.286,363.357,369.5,535.571,516.286,504.5,359.571,375.5,402.143,,
1283.03,2618.36,3500,3438.43,2587.14,2567.93,2357.5,2556.79,2289.14,2769.36,2736.71,2488.79,3358.86,2273.64,1974.36,2045.79,2858.71,2932.79,2957.43,377.857,366.286,370.5,543.214,515.214,504.429,357.857,377.786,406.071,,
1284.63,2614,3488.07,3450.07,2579.43,2571.07,2325.43,2569.43,2281.57,2763.21,2725.79,2499.64,3349.64,2267.93,1967.57,2025.5,2853.36,2884.36,2954,378.571,361.714,367.571,534.5,509.5,503.5,357.714,370,401.571,,
1286.23,2630.36,3506,3434.21,2600.93,2557.21,2336.07,2560.5,2287.07,2763.36,2704.86,2477.14,3328.21,2258.07,1964.79,2026,2856.36,2900.14,2948.71,378.857,361.429,361.571,538.714,513.786,496.714,356.643,375.071,392.929,,
1287.83,2631.64,3494.79,3439.07,2587.14,2556.5,2324.86,2544.71,2273.71,2783.86,2694,2454.79,3321.71,2263.14,1952.86,2007.43,2849.93,2887.07,2921.43,372.714,360.357,365.571,547.714,510.643,499.071,354.071,377.857,397.071,,
1289.43,2625.57,3514.57,3445.5,2595.43,2546.5,2331.07,2546.07,2272.71,2750.21,2685.57,2469.14,3321.64,2238.71,1962.79,1998.64,2822.86,2855.29,2928.71,372.429,362.714,360.786,537.214,513.643,499.857,354.571,374.714,393.214,,
1291.03,2625,3506.64,3437.36,2573.86,2546,2325.36,2564.07,2267.36,2755.93,2667.64,2460.86,3312.93,2231.57,1922.5,1988.21,2823.93,2877.5,2915.86,373.714,355.714,360.929,555.214,505.571,503.357,355.214,369.286,399,,
1292.63,2615.79,3496.43,3437.5,2581.79,2546.14,2325.36,2552.36,2277.14,2739.86,2668.64,2451.71,3316.93,2244.79,1949.79,1983.14,2811.64,2862.71,2910.64,371.929,362.571,358.357,532,504.857,495.357,356.429,369,399.643,,
1294.22,2610.36,3462.71,3428.29,2556.79,2539.5,2305.93,2526.14,2279.36,2744,2655.14,2450,3321.43,2223.07,1934.71,1965.21,2816.36,2847.5,2915.43,380.357,364.5,363.643,531.357,501.071,491.214,349.929,371.714,399,,
1295.82,2613.57,3491.86,3440.5,2565.29,2544.64,2302.14,2529.36,2269.71,2741.79,2630.21,2432.71,3312.07,2224.07,1920.57,1973.29,2799.57,2862.07,2898.07,370.357,361.786,359.071,537.571,505.286,498.143,351.286,369.714,396.929,,
1297.42,2604.57,3496.21,3431.57,2544.64,2542.57,2288.07,2540.71,2266.43,2755.14,2649.21,2416.71,3326.14,2220.64,1932.86,1987.36,2806.5,2848.43,2905.79,375.786,357.214,366.714,535.571,504.357,488.714,352.643,371.143,393.143,,
1299.02,2605.14,3487.86,3417.36,2555.71,2534.07,2302.36,2533.07,2256.43,2746.93,2655.71,2437.57,3319,2226.36,1941.36,1991.36,2808.71,2852.43,2908.43,372.929,360.357,367.286,534.571,498.929,498,350.857,370.143,397.214,,
1300.62,2599.79,3483.64,3431.71,2559.93,2548.29,2306.93,2525.93,2259.93,2746.57,2676.86,2412.21,3315.21,2239.29,1943.36,1964.71,2802.79,2844.07,2894.29,374.857,357.643,362.357,536.571,500.857,499.286,356.714,372.214,390.214,,
1302.21,2597.07,3481.29,3414.36,2545.93,2552.07,2318.14,2522.43,2258.93,2750.21,2663.64,2450.29,3317.29,2221.43,1917.79,1975.79,2796.93,2860.21,2903.14,374.857,358.643,367.143,538.5,505.643,493.643,350.929,370.214,395.5,,
1303.81,2632.36,3474.43,3432.86,2570.71,2551.21,2312.21,2557.71,2252.14,2741,2677.57,2426.86,3335.64,2228.29,1934.21,1997.07,2796.07,2856.07,2917.71,375.214,360.929,359.429,536.214,499.786,494.429,354,378.571,393.5,,
1305.41,2624.14,3498.21,3421.14,2568.5,2557.36,2311.64,2524.21,2275.14,2741.93,2659.71,2436.21,3334.71,2233.57,1945.86,1979.29,2811.29,2870.5,2913.07,370.857,362,359.071,535.286,513,490.857,356.5,374.643,394,,
1307,2622.36,3484.36,3442.79,2576.93,2556.71,2317.86,2537.57,2259.79,2754.93,2671,2437.21,3316.93,2229.29,1921.57,1991.07,2795.36,2857.07,2901.64,375.643,350.286,362.929,540.857,504.929,499.429,353.429,368.143,400.857,,
1308.6,2635.21,3499.07,3446.71,2587.5,2558.79,2319.64,2547.57,2277.79,2767.36,2665.64,2432.86,3324.5,2234.14,1928.57,1967.5,2813.14,2846.29,2910.29,380.286,361.357,362.786,540.786,500.214,494.5,354.429,374.071,396.143,,
1310.19,2609.93,3511.36,3441.86,2580.86,2551.29,2306.43,2556.43,2286.07,2747.86,2645.71,2448.36,3327.43,2234.43,1937.79,1985.93,2813.5,2874.36,2922.43,375.857,361.429,361,534.714,505.714,498.929,354.5,370.786,390.071,,
1311.79,2636.79,3511.64,3449.14,2576.64,2543.21,2318.5,2553.86,2270.14,2757.57,2642.93,2429.64,3328.79,2234.29,1927.21,1963.86,2799.79,2853.43,2899.71,371.857,360.429,365.643,541.929,508.786,490.5,355.071,375.357,398.071,,
1313.38,2616.79,3488.21,3441.79,2578.14,2554.43,2325.93,2537.07,2262.07,2754.79,2645.64,2426.5,3334.5,2231.79,1922.07,1980,2819.21,2854.79,2929.5,382.643,366.786,367.929,545.286,503,502.143,356.286,374.643,399.143,,
1314.98,2617.71,3478.93,3444.43,2567.79,2546.36,2309.57,2562.07,2275.86,2752.71,2662.14,2426,3316,2222.71,1908.07,1981.36,2795.86,2831.64,2887.14,378.929,358,367,544.5,512.928,501.286,353.071,372.429,403,,
1316.57,2624.86,3492.36,3458,2563.79,2541.21,2316.43,2542.5,2261.14,2759.57,2654,2436.79,3316.86,2216.79,1917.71,1973.43,2792.43,2857.14,2906.71,374.286,354.643,365.643,536.714,509.071,499.5,354.5,373,398.214,,
1318.17,2614.07,3504.57,3437.79,2587.64,2541.86,2314.93,2542.79,2269.93,2744.71,2655.36,2440.64,3337.29,2221.36,1928.14,1962.43,2795.29,2839.93,2893.64,374,361.5,358,538.786,503.714,497,364.643,378.286,399.429,,
1319.76,2636.71,3491.57,3447.64,2568.5,2553.36,2302.36,2541.79,2252.5,2762.43,2657.79,2424.57,3328.79,2214.07,1920.93,1969.86,2789.86,2835.36,2891.5,373.071,361.357,361.714,537.571,510.429,498.429,361.714,381.643,397.071,,
1321.35,2612.93,3505.57,3426.5,2564.07,2541.36,2304.86,2541.57,2281.57,2760.93,2650.86,2442.29,3342.71,2219.07,1911.07,1969.07,2787.93,2838.64,2911.71,379.071,363,364.5,538.857,506.929,494.286,357.643,375.214,397.571,,
1322.95,2626.71,3504.57,3429.93,2575.86,2549.36,2327.79,2554.21,2284.36,2778.86,2658.5,2431.29,3352.43,2230.86,1929.57,1977.79,2791.07,2838.21,2890.5,377.714,363.786,357.857,541.5,507,493.5,364.143,374.643,402.214,,
1324.54,2630,3507.36,3458.93,2558.79,2558,2314.79,2552.79,2276.86,2758.79,2642.29,2441,3334.93,2215,1895.36,1968.57,2795.14,2841.93,2910.71,377.571,363.929,365.5,553,510,499.786,362,373.286,399.429,,
1326.13,2629.29,3496.57,3449.79,2571.71,2543.43,2330.14,2552.36,2269.79,2771.79,2638.21,2408.29,3352.93,2200.29,1906.86,1966.71,2798.57,2845.64,2914.07,377.857,357.071,367.857,547.786,515.143,495.071,354.286,372.143,395.786,,
1327.72,2638.43,3515.5,3468,2592.21,2551.29,2336,2559.36,2279.93,2772.36,2645.5,2428.21,3353.36,2215.86,1911.5,1966.21,2798.71,2850.64,2890.86,379.857,359.357,359.571,541.286,509.571,494.857,355.071,369.429,390,,
1329.31,2644.93,3506.29,3466.36,2581.57,2566.64,2318.93,2556.36,2294.07,2775.57,2631.21,2415.93,3341.43,2214.5,1910.64,1967.21,2812.57,2843.93,2888.36,375.571,367.357,367.071,537.714,508.857,502.214,355,375.643,392.929,,
1330.91,2629.64,3496.36,3461.5,2571.21,2559.86,2322.14,2558.43,2279.29,2776,2652.5,2421.36,3324.93,2214.93,1917.36,1957.71,2781.21,2835.14,2889.57,379.857,365.286,362.214,547.571,512.571,498.643,361.857,375.643,392.786,,
1332.5,2637.5,3508.07,3458.64,2573.86,2559.43,2323.36,2544.5,2275.93,2773.57,2663.29,2434.29,3353.36,2211,1918.64,1970.43,2804.21,2850.86,2895.79,392.643,366.071,363.714,535.643,502.643,498.857,354.929,379.5,388.429,,
1334.09,2614.36,3495.71,3458.57,2583.86,2565,2341.64,2555.07,2275.79,2766.14,2652.07,2427.21,3348.93,2236.64,1913.93,1972.29,2800.93,2842.79,2894.14,377.571,353.357,359.286,542,508.5,496.071,358,374.5,395.714,,
1335.68,2633.5,3495.36,3438.93,2565.71,2561.14,2338.93,2550.21,2265.21,2759.07,2651.64,2421.21,3344.71,2211.5,1913.36,1973.43,2810.07,2840.86,2889.29,380.357,363.071,370.143,547.357,510,499,361.929,381.5,397.071,,
1337.27,2652.14,3495.79,3457.29,2572.29,2561.57,2325.71,2538,2262.36,2761.07,2657.93,2433.07,3343.64,2221.5,1908.64,1977,2792,2850.93,2910.14,377,363.5,369.143,543.357,506.714,497.286,357.571,383.143,392.571,,
1338.86,2645.86,3498.14,3464.64,2582.64,2559.71,2338.21,2555.14,2277.43,2778.64,2648.64,2436.36,3365,2221.86,1912.36,1976.5,2823.43,2842,2902.86,384.071,363.5,362.571,545.857,510.643,495.5,354.071,376.714,397.929,,
1340.45,2637.71,3523.5,3446.57,2579.21,2559.14,2346.79,2542,2301.07,2787.86,2637.43,2431.64,3346.79,2224.71,1919.5,1990.5,2790.43,2860.5,2891.93,382.214,364.929,367.071,544.786,506.214,499.214,352.857,374.714,393.357,,
1342.04,2642.21,3514.14,3453.07,2580.21,2573.21,2344.93,2547,2295.5,2770,2645.36,2430.64,3347.43,2231.64,1933.5,1984.5,2822.43,2850.64,2911.86,376.571,365.071,363.214,545.286,508.714,503.5,361.429,376.071,400.857,,
1343.63,2643.14,3500.93,3471.71,2597.07,2587.79,2362,2552.29,2293.14,2790.29,2693.93,2454.64,3361.57,2229.07,1936.29,1981.93,2821.21,2863.21,2919.29,378.857,361.857,365.143,547.5,512.143,503,356.571,374.143,404.357,,
1345.22,2654.93,3526.14,3453.86,2589,2574.29,2341.93,2563.21,2294.5,2773.29,2665,2441.43,3359.93,2246.57,1928.79,1992.71,2818.07,2878.64,2925.5,381.857,358.429,371.929,546.714,513.429,505.143,353.429,383.571,399.786,,
1346.8,2666.64,3535.5,3476.57,2590.43,2586,2360.29,2556.71,2280.21,2798.07,2661,2457.36,3354.07,2247.14,1939.64,1990.36,2816.86,2867.5,2929.86,374.143,366.071,372.857,545.286,517.286,504.714,364.357,372.714,395.286,,
1348.39,2665.71,3529.07,3468.43,2600.21,2570.93,2364.57,2587.21,2297.71,2794.86,2678.29,2456.86,3356.64,2232.93,1940.07,2003.64,2828.5,2878.36,2933.71,374.714,362.429,371.071,554.429,511.571,497.643,360.071,377.643,396.929,,
1349.98,2662.36,3536.21,3471.07,2611.71,2578,2339.07,2563.71,2309.86,2791.64,2662.43,2462.86,3366.21,2237.36,1957.21,2006.86,2835.5,2883.29,2929,389,364.571,366,552,520.786,503.5,361.286,375.286,396.214,,
1351.57,2659.79,3520.71,3475.93,2589.93,2592.43,2353.21,2567.64,2297.5,2793.93,2697.5,2471.14,3373.79,2255.93,1959.71,2012.43,2857.93,2885.43,2932.14,385.857,366.286,370.357,543,511.071,504.857,368.286,380.5,404.429,,
1353.15,2650.21,3516.43,3483.07,2606.71,2599.86,2362.21,2575.79,2311.21,2786.86,2691.43,2489.5,3378.5,2267.5,1965.07,2004.93,2852.5,2900.57,2955,382.714,365.071,372.071,556.571,518.286,513.357,361.714,382.857,406.5,,
1354.74,2661.14,3533,3475.64,2603.93,2566.29,2360.93,2562.93,2301.21,2796.36,2708.71,2481,3417.5,2260.43,1977.71,2040.07,2863,2902.5,2969.43,380.571,368.357,373.071,549.286,511.857,506.929,364.643,380.357,405.214,,
1356.33,2676.29,3532.64,3488.64,2615.21,2601.36,2369.57,2573.07,2306.86,2804,2745.29,2508.5,3390.43,2274.29,1974.86,2041.79,2870.43,2914.86,2974.71,383.786,364.643,368.643,557.357,523.786,507.071,367.714,388.214,398.929,,
1357.91,2678.43,3554.36,3487.79,2615.5,2607.07,2369.93,2577.93,2323.29,2790.36,2744.29,2515,3390.07,2287.86,1996.07,2059.29,2865.71,2924.43,2987.36,382.643,359.571,371.786,548.714,522.857,519.357,364.286,382.857,407.714,,
1359.5,2686.79,3544.57,3480.43,2650.5,2614.93,2370.36,2584.86,2310.57,2819.36,2769.14,2523.86,3421.71,2309.14,2000.14,2052.5,2901.64,2949.36,3022.64,387.214,371.857,372.429,554.714,526.429,511.714,373.714,381,407.786,,
1361.09,2690.5,3564.86,3498.29,2633.57,2600.86,2389.29,2589.36,2322.57,2817.07,2768.36,2540.5,3414.79,2293.93,2012,2061.29,2893,2957.36,3015.71,385.929,372.786,374.5,561.786,532.857,502.286,368.143,386.571,408.857,,
1362.67,2711.86,3585.43,3507.93,2638.64,2612.29,2379.43,2599.29,2319.07,2831.93,2769.14,2531.57,3415.29,2298.29,2012.57,2080.36,2901.43,2979.93,3028.71,389.714,367.857,374.214,557.071,532.286,514.5,367.429,386,404.214,,
1364.26,2696.57,3571.43,3503.43,2655.29,2620.36,2400.57,2605.86,2335.36,2832.36,2770.64,2538,3401.57,2317.36,2009.5,2085.36,2897.64,2967.36,3036.71,385.286,374.357,368.5,560.143,525,514.286,363.286,387.643,405.714,,
1365.84,2711.79,3567.64,3497.86,2649.86,2620.57,2381.21,2603.64,2336.86,2826.5,2754,2536.43,3413.79,2305.86,1996.21,2060.86,2912.21,2943.5,3016,387.429,370.643,371.786,560.929,521.571,515.071,371.357,386.143,413.643,,
1367.43,2723.14,3582,3489,2666.36,2630,2394.93,2596.71,2330.93,2816.64,2747.71,2517.21,3415.86,2286.5,1998.86,2038.86,2893.64,2951.57,3011.43,390.5,373.357,373.214,565.071,528.071,515.071,371.071,384.214,406.571,,
1369.01,2705.07,3557.43,3489.07,2645.36,2620.43,2384.5,2609.71,2343.93,2817.71,2729.64,2503.71,3391.43,2277.93,1981.79,2057.21,2891.14,2913.64,2996.64,385.214,372,373.786,556.643,525.428,505.643,368.929,393.071,407.571,,
1370.59,2708.29,3544.64,3478.57,2640.29,2606,2373.57,2590.86,2313.64,2794.64,2707.79,2481.36,3378.29,2274,1963.57,2027.29,2872.14,2916.64,2978.86,388.5,376,374.429,556.643,526.429,503.714,368.357,379.714,405.143,,
1372.18,2697.5,3538.64,3481.57,2623.36,2613.93,2362,2600,2296.64,2783.79,2680.43,2479.93,3372.86,2256.57,1954.29,2007.79,2854.86,2885.36,2963.93,392.214,365.571,367.929,550.071,523.286,508.143,363.929,380.571,405.714,,
1373.76,2677.71,3539.14,3470.57,2611.21,2581.5,2390.93,2586.64,2310.29,2781.79,2701.36,2478.29,3374.43,2265.07,1971.21,2012.43,2843.64,2905.86,2954.57,384.643,363.214,370.5,557.786,515.714,505.714,366,381.286,398.857,,
1375.34,2678.14,3518.64,3470.64,2590.07,2593,2353.29,2577.86,2309.71,2783.43,2696.79,2481.64,3382.21,2255.93,1958,2004.64,2856,2887.29,2960.29,383.571,364.5,369.714,549.571,523.429,497.857,361.071,381.857,408.571,,
1376.93,2673.79,3536.07,3458.57,2617.29,2584,2353.93,2571.79,2304.43,2790.07,2688.86,2480.79,3386.57,2268.07,1971,2001.5,2845.14,2892,2951,387,369.143,369.286,553.571,518.929,502.929,366.429,378.143,402.786,,
1378.51,2660.29,3527.5,3461.93,2612.07,2586,2347.29,2578.93,2319.14,2787.57,2699.93,2475,3390.5,2262.57,1968.43,2034.36,2842.64,2901.43,2950,384.857,370.286,367.571,555.714,516.786,511.643,362,379.214,409.714,,
1380.09,2683.57,3522.57,3487.5,2599.43,2596.29,2355,2575.21,2292,2802.07,2687.71,2470.36,3370.36,2264.07,1956.79,2014,2854.43,2890.5,2951.21,391.857,373.929,374.143,558.214,522.571,504.357,363.143,372.643,401.571,,
1381.67,2667.21,3499.86,3442.79,2615.29,2604.07,2345.43,2559.07,2300.43,2810.93,2690.14,2471.36,3376.36,2245.07,1955.14,2001.93,2836.86,2896.93,2948.71,377.571,368.071,368.643,556.357,515.214,513.643,362.429,380.429,397.214,,
1383.25,2659.86,3541.64,3456.43,2614,2581,2355.5,2574.36,2305.29,2813.29,2677.57,2457.71,3365.36,2261.64,1959.57,2013.36,2831.57,2896.29,2952.71,383.071,369.929,367.071,559.5,519,510.429,361.929,384.857,401.857,,
1384.83,2662.14,3536.57,3474.29,2596.93,2592.14,2359.29,2559.21,2295.07,2807.5,2665.36,2451.07,3354.86,2260.07,1933.64,1999.93,2846.5,2884.57,2935.64,385.857,358.643,369.286,558.929,520.714,513.571,364.357,382,405.286,,
1386.42,2674.43,3522.71,3446.57,2616.57,2585.93,2348.14,2555.93,2313.29,2790.07,2681.71,2451.21,3368.21,2270.29,1957.43,2005.21,2839.93,2888.93,2946.07,384.929,372.429,375.5,547.857,520,505.786,363.571,385,397.143,,
1388,2674.29,3522.5,3468.14,2591.64,2607.43,2342.57,2563.71,2310,2779.07,2687.86,2443,3352.14,2259.71,1942.07,2015.43,2850.21,2877.07,2933,380.571,368,374.929,555,525.429,510.429,360.857,380.143,410.571,,
1389.58,2660.36,3505.14,3473,2603.5,2587.64,2345,2573.14,2309.79,2763.86,2692.79,2473,3370.79,2270.57,1954,2009.07,2836,2890.57,2959.43,382.643,371.571,365.357,554.5,520.357,508.429,366.929,384.071,404.929,,
1391.16,2679.07,3507.64,3450,2614.36,2568.36,2337.93,2571.21,2296.43,2821.79,2696.07,2477.14,3366.14,2276.21,1950.29,2026.07,2826.5,2895.14,2964.71,383.143,367.929,371,550.714,518.786,509.714,364.071,375.714,399.786,,
1392.74,2695.57,3505.36,3459.07,2596.5,2584.5,2347.57,2578.57,2298.79,2833.07,2687.93,2472.79,3381.93,2263.71,1975.79,2012.93,2827.93,2909.86,2960,390.286,374.714,378.214,552.5,516.5,513,363.071,386.143,405.571,,
1394.32,2671.5,3515,3457.43,2604.5,2581.86,2356,2569.21,2287.36,2788.14,2693.43,2475,3389.14,2268.21,1987.5,2016.29,2850.93,2899.93,2959.79,384,376,374.929,554.786,518.429,509.857,363.429,384.5,402.929,,
1395.9,2658.21,3500.57,3473.86,2623.21,2596.29,2348.93,2574.64,2313.14,2810.71,2718.64,2494.07,3375.21,2278.07,1966.71,2029.71,2872,2908.93,2948.5,385,368.857,373,552.571,533.071,513,366.786,384.214,402.714,,
1397.47,2666.79,3525.36,3461.29,2602.14,2581.5,2360.07,2569.14,2290.79,2800.57,2713.21,2493.79,3379.86,2283.64,1976,2024.5,2854.36,2908.14,2962.93,380,372.643,372.429,547.143,528.071,512.429,364.929,385.714,405,,
1399.05,2656.86,3537.14,3458.07,2617.93,2608.14,2357.29,2575.79,2316.57,2797.21,2714.86,2476,3390.93,2268.5,1986.21,2026.29,2881.57,2916.86,2973,379.429,367.929,372.071,563.429,520.643,511.429,370.857,380.571,403.786,,
1400.63,2680.57,3554.93,3468,2629.21,2602.21,2362.07,2581.36,2308.86,2793.93,2699.5,2458.29,3395.71,2281.79,1988.86,2025.43,2869,2911.14,2969.64,384.071,370.143,379.286,558,528.929,512.429,369.429,381.929,403.929,,
1402.21,2672.5,3528.71,3462.64,2631.5,2601.71,2369.86,2589.29,2302.07,2809.86,2693.71,2474.29,3373.71,2273.64,1972.71,2019.21,2860.07,2922.64,2965.64,388.857,364.071,370.571,567.929,524.214,513.286,366.929,387.786,407.286,,
1403.79,2700.21,3540,3483.14,2625.43,2596.86,2344.93,2575.93,2322.14,2788.29,2682.57,2458.86,3361.79,2266.21,1957.93,2013,2838.86,2900.43,2955.86,379.571,363.143,373.071,554.071,525.714,506.071,364.214,384.214,408.571,,
1405.36,2683.14,3553.71,3484.57,2619.5,2590.21,2348.07,2563.64,2310.43,2792.64,2687.36,2456.79,3360.71,2257.71,1941.5,2015.43,2851.57,2873.71,2948.21,387.571,373.071,370.643,549,521.286,515.429,366.643,377.429,401.857,,
1406.94,2664.79,3532.21,3473.07,2612.93,2577.36,2355.21,2579.21,2295.5,2786.36,2669.14,2431.07,3337.36,2252.79,1943.36,1983.64,2826.64,2884.79,2931.57,387.5,373.429,370.643,556.357,515.071,505.643,366.857,375.714,399.286,,
1408.52,2670.14,3517,3454.36,2607.43,2560.43,2335.21,2567.79,2281.64,2774.5,2663.21,2431.14,3343.71,2250.43,1936.93,1978.43,2801.86,2872.43,2928.71,385.143,359.429,370.643,558.857,519.571,500.143,365,377.857,406.714,,
1410.09,2655,3523.36,3462.43,2581.14,2573.5,2352.36,2583.86,2290,2780.93,2651.36,2439.71,3369.57,2240.5,1930.36,1992.5,2797.14,2851.5,2907.43,379.929,373,368.571,544.286,511.786,509.643,371.857,386.929,409.286,,
1411.67,2657.71,3521.43,3448.43,2590,2578.14,2346.93,2562.36,2289.43,2777.57,2641,2423.64,3356.64,2231.71,1927.5,1984.64,2804.07,2838.79,2890.86,388,364.929,368.357,542.214,520.286,509.071,360.857,381.929,407.143,,
1413.24,2652.43,3498.36,3466.21,2574.93,2558.5,2335.43,2558.93,2293.64,2788.79,2638.21,2425.5,3344,2230.79,1916.57,1966.93,2788.5,2827,2889.36,385.429,365,372.786,553.143,515.857,502.5,359.357,375.357,401.929,,
1414.82,2658.64,3514.5,3452.5,2583.43,2577.5,2336,2563.93,2279.14,2772.64,2638.57,2415.36,3345.21,2218.71,1914.64,1974.29,2789.79,2851.93,2885.5,382.286,361.214,367.571,540.857,514.071,511.5,365.5,380.357,400.857,,
1416.39,2660,3527.21,3468.93,2589.21,2565.43,2348.5,2557.36,2285.36,2793.14,2642.21,2421.93,3346.14,2227,1923.43,1974.71,2798.36,2846,2881.21,383.714,361.071,369.571,545.714,518.5,512.786,362.214,374.214,401.357,,
1417.97,2661.14,3534.36,3461.43,2590.86,2569.79,2341.57,2566.64,2276.43,2783.43,2620.57,2427.29,3344.21,2225.79,1935.93,1970.07,2802.57,2829.71,2900.71,381.5,368.286,374.143,556.857,514.286,504.857,370.286,378.071,404.786,,
1419.54,2648.86,3512,3466.36,2598.43,2575.36,2353.86,2546.79,2300.79,2789.57,2639.21,2413.71,3351.93,2220.71,1907.64,1967.43,2799.93,2845.07,2891.07,385.143,365.357,371.429,558.286,514.714,502.143,358,379.214,402.714,,
1421.12,2639.79,3501.5,3477.79,2589,2581.71,2333,2548.93,2295.86,2790.64,2634.64,2413.71,3343.64,2219.86,1911.79,1960.36,2792.43,2853.36,2917.29,377.286,369.214,373,556.143,520.786,500.5,361.857,374.571,398.429,,
1422.69,2657.93,3523.21,3457.71,2590.5,2581.64,2348.21,2565.29,2300.14,2790.71,2637.07,2419.71,3347.21,2222.79,1912.79,1979.43,2805.93,2848.79,2890.93,384.071,365.571,365.857,554.786,515.357,506.786,364.929,376.357,402,,
1424.27,2670.79,3518.71,3455.14,2602.79,2575.71,2334,2554.43,2279.64,2793.36,2632.07,2395.71,3354.79,2207,1909.21,1971.5,2791,2849.21,2902.86,383.857,370.357,368.357,552.214,510.714,504.714,368.643,379.429,402.429,,
1425.84,2656.29,3516.93,3461,2577.29,2562.64,2336.57,2577.29,2280,2781.93,2626,2416.71,3333.07,2206.29,1920.07,1971.07,2811.5,2864.5,2898.5,387,366.214,373.571,543.857,517,507.357,358.786,378.857,401.857,,
1427.41,2671.43,3511.64,3476,2589.5,2592.5,2340.57,2560.79,2285.93,2796.29,2631.36,2415.14,3352.57,2216.43,1914.07,1969.86,2811.5,2834.43,2881.57,387.929,370.357,369.214,553.714,524.857,509.929,365.571,378.929,409.429,,
1428.98,2670.29,3532.71,3466.14,2596.14,2562.36,2350.07,2567.29,2292.07,2802.21,2654.93,2406.43,3359.5,2216.79,1903.36,1963.79,2793.07,2832.57,2880.07,388.714,364.714,368.5,552.786,516.429,502.429,358,386.643,403.286,,
1430.56,2670.43,3517.79,3478.5,2606.14,2576.64,2325.5,2550.5,2305.64,2782.43,2633.36,2433.93,3370.57,2221.86,1921.93,1970.14,2821.71,2844,2905.64,385.714,372.714,369.857,556.071,515.571,509.5,360.643,382.143,400.143,,
1432.13,2668.14,3513.5,3443,2577.64,2577.5,2349.07,2551.86,2291.29,2793.29,2642.57,2431.14,3360.21,2223.43,1930.71,1984.29,2815.5,2849.79,2897.5,376.286,369.714,376.357,555.714,521.643,504.786,365.857,379.429,402.071,,
1433.7,2678.14,3508.64,3464.07,2591.14,2582.43,2357.71,2568.5,2280.14,2793.93,2651.36,2430.43,3371.36,2233.29,1934.93,1986.14,2811.86,2857,2896.36,389.143,368.214,375.929,549.429,521.357,510.357,361.643,380.143,406.357,,
1435.27,2669.14,3533.5,3477.36,2608.71,2577.93,2341.71,2574,2293,2794.79,2638.57,2430.07,3358.79,2241.79,1930.07,1974.93,2819,2848.14,2918.71,385.857,369.5,369.857,551.5,519.571,506.929,359.071,378.357,399.5,,
1436.84,2683.29,3518.64,3453.79,2605.86,2587.21,2364.07,2568,2299.29,2808,2653.29,2441.43,3361.07,2257.07,1938.71,1996.93,2819.93,2869.43,2929.29,385.643,370.571,375.429,560,521.786,513.429,368.5,381.643,403.643,,
1438.42,2700.21,3511.36,3485.43,2598.86,2593.64,2355.93,2563.71,2300.36,2803.57,2673.86,2454.5,3374.14,2240.29,1939.36,1989.57,2816.71,2870.93,2930.36,389.857,365.5,373.286,561.429,517.571,505.786,357.071,379.429,404.357,,
1439.99,2696.36,3531.29,3485.71,2614,2600.79,2359.43,2584.57,2310.21,2792.14,2653.64,2451.29,3359.79,2247.07,1956.57,1991.86,2831.43,2878.07,2949,387,373.714,371,552.571,518,508.214,367.071,385.071,400,,
1441.56,2669.14,3522.14,3470.57,2630.86,2600.71,2373.79,2571.57,2309.36,2808.93,2675.07,2447.07,3379.71,2257.93,1950.64,2010.64,2849.57,2904.79,2947.36,388.5,374.286,375.643,561.5,519.643,513.929,367.857,385.643,407,,
1443.13,2699.71,3525.57,3470.29,2604.86,2608.5,2365,2583.07,2299.79,2798.93,2661.79,2455.57,3360.21,2259.14,1918.36,1995.29,2834.36,2876.93,2954.71,389.429,372.929,376.071,552.643,519,516.214,362.571,380.143,400.357,,
1444.69,2674.43,3523.57,3490.14,2628.14,2594.14,2358.14,2589.07,2313.5,2820.64,2665.29,2459.29,3374.14,2253.64,1934.64,1999.79,2861.43,2897.79,2939.93,388,370.357,380.143,564.571,518.929,515.714,367.571,384.714,408.357,,
1446.26,2687.21,3536,3495.5,2635.57,2607.64,2367.36,2580.86,2301.07,2802.29,2690,2452.14,3385.71,2255.57,1942.86,2004.57,2850.36,2891.43,2930.29,390.143,370.214,372.786,558.929,512.571,508.643,374.286,382.5,406.929,,
1447.83,2686.86,3536.71,3497.71,2629.86,2607.57,2367.14,2594.14,2313.93,2803.57,2684.86,2476.43,3393.14,2244.21,1947.86,2018.21,2858.79,2894.57,2935.21,391.786,374.786,379.143,560.571,519,507.286,368.643,385.571,414.643,,
1449.4,2691,3551.36,3502.5,2650.43,2609.71,2370.86,2600.21,2308.57,2806.43,2689.36,2465.07,3373.29,2248,1953.93,1996,2847.07,2891.79,2947.86,387.786,373.643,370.286,556.429,524.5,511.143,370.929,391.571,412.786,,
1450.97,2696.36,3552.64,3489.36,2619.43,2617.5,2373.14,2592.36,2313.93,2808.29,2679.64,2453.93,3399.79,2252.14,1940.21,2003.14,2848.21,2894,2948.79,384,370.643,371.143,553.286,525.429,510.429,364,386,410.357,,
1452.54,2702.79,3547.57,3493.14,2639.21,2617.79,2376.86,2584.57,2312.14,2802.64,2697,2479.5,3383.21,2259.57,1955.07,2009.36,2849.43,2897.71,2953.29,385.714,372.357,371.571,558.429,527.071,512.214,371,383.5,412.643,,
1454.11,2699.86,3549.57,3485.79,2627.07,2615.14,2369.93,2578.57,2334.36,2822.57,2667.14,2460.79,3387.86,2244.14,1958.93,2004.43,2875.07,2893.36,2951.5,391.5,368.429,373.357,554.643,519.929,508.786,361.5,379.214,412.143,,
1455.67,2716.64,3549.71,3486.57,2634.64,2621.21,2382.21,2610.79,2328.36,2828.14,2688.29,2453.71,3397.21,2258.43,1930.57,1999.14,2858.86,2888.71,2946.57,388.857,373.643,376.5,563.214,525.857,514.214,369.714,389.357,410.071,,
1457.24,2709.29,3546.5,3490.21,2624.29,2602.79,2385.5,2610.71,2313.21,2832.86,2680.14,2468.07,3387.36,2261.14,1952,1996.86,2868.57,2889.57,2939.43,388.214,363.429,373.571,561,526.429,505,368.071,388.571,406.429,,
1458.81,2711.57,3533,3499.57,2637.86,2619.57,2381.64,2593.86,2327.43,2816.14,2695.14,2461.21,3392.14,2249.36,1967.36,2008.14,2859.5,2889.21,2943,383.357,373.857,378.857,559.5,530.643,510.286,364.857,386.214,404,,
1460.38,2701.64,3550.14,3515.79,2638.93,2628.21,2384.5,2586.93,2327.5,2819.57,2678.57,2457.64,3386.29,2259.86,1945.79,1999.07,2866.07,2893.71,2964.29,389.643,372.5,377.714,558.143,525.286,511.357,364.643,379.571,410.714,,
1461.94,2713.5,3530.79,3507.21,2654.79,2628.14,2381.64,2614.43,2317.57,2816.29,2668.79,2464.36,3382.07,2238.29,1935.14,2004.86,2876.29,2918.21,2946.64,386.357,371.214,373.429,559.714,522.857,507,368,378.429,401.571,,
1463.51,2700.14,3534.71,3491.64,2636.5,2613.79,2390.57,2596.93,2322.57,2815.57,2674.93,2440.5,3367.93,2227.36,1928.71,1999.71,2860.79,2889.29,2946.57,388.5,367.929,373.786,555.286,521.429,517.286,369,383,404.5,,
1465.08,2690.5,3533.07,3494.71,2632.29,2604.5,2369.64,2592,2312.29,2813.79,2662.5,2432.36,3361.5,2238.21,1925.43,1990.07,2835,2893.36,2923.36,387.857,372.5,376.571,556.5,515.857,504.857,365.071,379.357,399.714,,
1466.64,2708.5,3529,3486.14,2611.79,2601.29,2374.36,2588.86,2308.5,2823.79,2648.86,2445.43,3377.14,2219.36,1923.29,2001.14,2842.64,2878.64,2940.43,380.286,371.643,371.714,555.714,524.929,511.643,358.5,378.929,407.286,,
1468.21,2685.07,3547.79,3471.64,2624.36,2592,2374.36,2602.64,2307,2815.14,2663.64,2460.14,3353.57,2207.5,1930.36,1987.07,2844.93,2877.79,2927,387.571,372.714,372,557.5,520.429,510.429,365.214,381.714,404.571,,
1469.77,2689.07,3552.14,3476.07,2633.21,2589.14,2356.64,2574.43,2308.71,2807,2662.5,2432.36,3366.79,2219.21,1930.71,1988.57,2844.43,2877.14,2927.07,392.214,370.714,375.571,560.714,512.643,510.714,356.357,381.357,400.786,,
1471.34,2688,3519.86,3457.93,2616.07,2611.5,2379.71,2584.86,2303.29,2803.57,2660,2438.71,3351.86,2219.64,1930.14,1995.71,2835.29,2860.5,2911.71,379.286,369.643,369.643,552.357,523.714,508.786,364.857,381.143,404.429,,
1472.9,2691.21,3544.57,3478.5,2613.21,2587.93,2348.64,2581.79,2295.86,2811.21,2669.57,2440.86,3366.5,2203.64,1917.64,1979.5,2829.21,2878.86,2942.14,389.571,369.857,373.143,556.643,519.5,505.071,362.714,378.071,403.071,,
1474.46,2676.21,3544.57,3478.57,2631.93,2595.86,2363.29,2583.29,2310.21,2797.57,2665.36,2437.21,3345.21,2229.86,1909,1973.79,2832.43,2875.07,2939.79,387.286,364.714,369.857,558.429,522.214,512.857,367.143,385.429,401.929,,
1476.03,2696.5,3532,3468.21,2623.14,2605.5,2375,2576.36,2304.07,2794.29,2661.07,2446.86,3363.71,2211.64,1917.07,1976.07,2837.79,2879.93,2919.21,388.571,363.786,367.643,556.071,525.857,506.429,361.643,376.643,400.286,,
1477.59,2684.21,3542.93,3490.07,2623.29,2601.64,2377.93,2581.86,2311.43,2800.93,2653.07,2430.43,3348.07,2202.36,1915.5,1973.36,2823.36,2875.14,2920.79,387.929,368.357,377.214,558.929,523,509.357,360.714,377.143,398.786,,
1479.15,2690.79,3530.07,3480.79,2625.36,2605.14,2374.43,2578.43,2321.07,2798.79,2637.29,2426,3348.29,2197.79,1905.79,1956.21,2836.79,2860.14,2915.79,380.714,369.786,363.5,558.357,517.143,512,364,377.5,391.357,,
1480.72,2686.57,3529.07,3465.07,2634.71,2594.57,2372.71,2587.79,2309.14,2799.29,2648.43,2411.43,3328.71,2201.43,1905.07,1963.43,2826.43,2854.64,2913,387.643,371.571,373.714,554.429,516.929,509.357,358.286,379,393.857,,
1482.28,2692.21,3540.86,3488.86,2622.57,2593.71,2364.64,2567.79,2308.79,2805.43,2638.07,2414.43,3337,2202.57,1901.71,1977.5,2824,2872.64,2937.07,385.929,367.5,363.857,555.571,517.571,508.714,365.5,380.786,394.786,,
1483.84,2663.93,3526.36,3455.21,2624.07,2589,2370.5,2571.86,2300.79,2798.93,2633.14,2433.36,3348.21,2199,1904.5,1964.71,2833.93,2875.14,2909.29,380.286,368.214,374.929,551.714,512.714,508.571,365.643,374.429,399.5,,
1485.4,2687.93,3512.93,3478.71,2585,2607.43,2359.07,2565.57,2299.36,2790.07,2659,2420.07,3351.14,2208.57,1914.86,1970.29,2840.64,2869.07,2917.5,379.143,370.857,373.071,554.643,515,504.143,363.357,386.357,398.429,,
1486.96,2682,3540.64,3477.14,2622.14,2584.79,2354.79,2587.86,2309.64,2792.36,2640.5,2436.64,3370.43,2199.43,1915.43,1979,2821.57,2869.86,2923.14,389.143,368.429,368.286,556.071,514.286,508.786,363.786,373.643,402.143,,
1488.53,2692.79,3517.07,3464.36,2605.79,2591.29,2359,2573.71,2292.07,2793.86,2650.5,2435.64,3356,2210.43,1921,1969.93,2831.71,2860.57,2910.79,388.214,368.857,369.643,560.429,517.571,500.214,362.143,375.643,398.143,,
1490.09,2681.21,3517.64,3472.29,2602.57,2607.21,2351.21,2576.79,2305.86,2812.21,2662.71,2463.29,3383.14,2210.79,1919.43,1984.36,2835.57,2873.57,2939.21,387.571,369.714,376.429,547.429,525,510,363.857,372.286,396.571,,
1491.65,2715.64,3528.64,3491.29,2619.29,2607.36,2351.07,2580.21,2317.64,2793.79,2654.93,2466.36,3382.64,2219.86,1908.5,1976.07,2843.07,2890.07,2948.36,394.786,369,376.429,556.214,522.143,504.357,369.929,375.357,403.429,,
1493.21,2694.64,3533.64,3480.14,2632.36,2616.5,2360.64,2597.14,2336,2825.43,2678.21,2460.43,3402.07,2237.57,1919.79,1988.57,2841.93,2899.43,2958.5,397.714,371.643,374.214,556.286,519.786,509.286,369.714,377.357,404.286,,
1494.77,2701.43,3546.57,3495.29,2621.57,2618.5,2381.14,2595,2326.36,2837.43,2685.43,2473.5,3381.21,2228.07,1935.29,2016.93,2880.93,2934.43,2969.5,384.286,376.429,376.214,565.929,526.571,509.5,368.714,378.214,404,,
1496.33,2724.29,3540.36,3510.57,2648.21,2646.14,2403.57,2609,2331.29,2819.43,2707,2490.43,3401,2236.79,1965.79,2022.79,2880.71,2951.5,2999.71,390.429,379.143,379.929,568.286,524.643,514.071,369.071,378.857,411.286,,
1497.89,2739.5,3563.64,3509.64,2664.43,2645.93,2390.57,2616.43,2329.14,2831.29,2729.43,2499.57,3411.93,2282.36,1962.64,2021.36,2911.07,2952.64,3013.07,389.929,377.714,385.214,567.857,537.786,514.5,374.143,390.929,411.571,,
1499.45,2743.43,3576.64,3501.93,2670.29,2644.43,2424.71,2620.71,2346,2837.86,2752.86,2536.5,3436.36,2293.21,1983.71,2052.64,2938.93,2988.43,3038,395,377.571,378.214,568.429,534.786,523,369.857,387.643,409.714,,
1501.01,2761.86,3572.21,3521.71,2688.5,2669.29,2432,2632.93,2361.71,2849.79,2781.79,2570.64,3468.36,2300.21,2010.5,2078.07,2965.86,3015.14,3082.57,405,377.929,385.714,573.571,534.5,531.571,373.5,390.357,412.214,,
1502.56,2785.29,3579.93,3542.57,2701.93,2688.43,2444.93,2649.43,2372.29,2869.07,2830.64,2621.86,3487.57,2341.43,2036.07,2105.07,3011.71,3066,3128.43,406.571,387.286,391.357,576.143,547.214,528,380.071,401,424.714,,
1504.12,2785,3604.36,3549.43,2721.43,2692.14,2455.36,2668.21,2387.86,2901.71,2892,2667.86,3532.5,2379.29,2070.21,2142.29,3060.79,3121.29,3184.36,408.714,386.429,395.286,576.071,551.214,539.071,382.5,399.643,429.929,,
1505.68,2811.29,3632.07,3569.14,2751.57,2734.07,2479.36,2701,2420.86,2898,2959.14,2730.36,3578.57,2430.5,2126.36,2195.5,3121.86,3175.14,3256.93,417.214,394.5,388.929,590.714,556.643,543.857,386.5,410.5,438.5,,
1507.24,2844.71,3653.64,3598.07,2780.36,2777.79,2531.93,2719.21,2433.5,2935.21,3023.36,2779.64,3610.21,2478.86,2179.86,2240.93,3190.36,3246.93,3324.5,417.643,397.714,407.643,610,565.286,556.643,391.714,412.929,441.286,,
1508.8,2879.43,3682.5,3634.07,2839.79,2817.43,2570.29,2745.29,2453.07,2969.36,3101,2866.29,3667.5,2531,2246,2311,3262.71,3308.79,3403.86,430.214,407.857,404.714,612.714,583.214,563.929,399.571,423.929,449.857,,
1510.35,2902,3712.79,3643.21,2887.5,2846.57,2610.36,2768.21,2521.36,2989,3179.43,2937.93,3705.71,2569.71,2278.14,2373.29,3326.79,3408.93,3497.36,427.786,411.929,416.357,633.786,591.643,577.214,409.571,420.5,455.714,,
1511.91,2958.29,3749.79,3705.93,2922.43,2887.86,2651,2816.21,2541.57,3034,3225.86,2981.43,3723,2623.36,2326.57,2404.07,3393.86,3467.93,3542.07,437.5,418.071,423.643,626.357,591.714,576.357,416.857,433.5,459.786,,
1513.47,3009.36,3803.21,3730.29,2955.36,2919.64,2691.57,2857.86,2572.14,3060.5,3263.29,2991,3763.14,2664.14,2361.93,2438,3453.36,3495.36,3604.93,436.5,420.214,423.357,650.429,596.286,592.929,415.286,440.786,467.214,,
1515.02,3026.43,3819.57,3769.21,3013.86,2942.64,2720.21,2884.57,2609.07,3063.57,3247.93,3021.79,3760.43,2668.43,2370.64,2457.07,3441.57,3516.29,3603.14,441.714,421.5,419.929,648.5,603.357,587.071,417.357,430.286,467.071,,
1516.58,3057.64,3823.43,3778.71,3025.79,2976.5,2730.64,2863.29,2616.93,3064.93,3264.5,3008.36,3735.71,2654.14,2352.29,2455.93,3435,3506,3586.43,439.5,417.214,425.143,637.286,597.214,585.429,413.214,435.857,465.071,,
1518.13,3077.29,3853.29,3773.43,3023.71,2985.43,2730.64,2891.93,2627.43,3069.21,3245.29,2949.07,3741.86,2613.14,2337.57,2409.14,3405.57,3474.21,3540.93,441.143,423,419.071,631.786,588.929,582.714,409.643,439.286,463.786,,
1519.69,3068.79,3841.57,3763,2998.71,2956.79,2716.93,2866.21,2595.93,3066.79,3172.36,2915.64,3705.36,2579.79,2298.21,2365.57,3348.93,3418.36,3503.86,429.286,411.857,420.286,627.286,583.5,583.5,403.714,425.857,456.929,,
1521.25,3041.43,3821.43,3789.57,2975.14,2956.71,2669.57,2846.79,2565.43,3047.64,3111.86,2855.36,3686.79,2552.71,2265.79,2328.86,3298.36,3351.5,3433.79,430.357,410.714,411.714,628.071,585.643,566.286,401.857,423.714,453,,
1522.8,3027.43,3794.07,3747.36,2940.29,2896.36,2657.5,2819.57,2549.07,3050.5,3058.36,2807.64,3652.21,2507.14,2210.5,2298.36,3231.21,3298.36,3380.64,423.571,405.786,412.357,616.357,574.286,566.072,400.286,418.286,454.214,,
1524.35,2966.29,3770.36,3714.07,2931.07,2882.71,2634.5,2820.5,2510.36,3010.43,3005.71,2747,3624.93,2476.79,2176.86,2245.71,3191.21,3238.14,3314.86,421.286,401.143,406,598.929,565.714,549.428,391.357,417.643,441.5,,
1525.91,2939.07,3750.14,3673.93,2862.36,2837,2602.36,2766.43,2481.93,2975.36,2933.5,2712.71,3578.86,2426.86,2122.43,2198.43,3144.14,3178.14,3251.43,411.429,392.929,396.714,597.5,562.714,547.929,384.143,408.071,433.357,,
1527.46,2907.71,3707,3659,2821.79,2813.36,2564.07,2766.93,2458.64,2979.57,2904.43,2659.5,3556.86,2384.64,2123.36,2161.36,3072.07,3136.64,3206.71,407.714,388.786,397.143,587.786,556.571,540,391,403.286,421.071,,
1529.02,2883.07,3680.14,3643.5,2815.36,2796.93,2525.21,2745.43,2438.14,2946.07,2835.64,2621,3536.79,2351.93,2062.21,2125.5,3034.07,3086.93,3137.29,406.714,388.429,385.786,581.571,546.5,534.929,374.357,398.286,419.357,,
1530.57,2853.57,3676.64,3615.57,2768.5,2747.79,2502.93,2709.5,2435.14,2917.5,2817.71,2585.64,3483,2317.43,2039.57,2102.36,2979.07,3032,3120.64,400.286,384.857,386.214,572.357,548.071,523.786,377.071,391.643,416.286,,
1532.12,2855.21,3655.93,3601.07,2762.71,2724.21,2478.57,2676.93,2407.64,2909.36,2768.57,2543,3478.93,2273.57,1994,2058.93,2951.86,2992.79,3059.21,396.357,384.714,389.143,575.286,540.857,524.286,367.143,387.429,416.357,,
1533.68,2801.57,3648.79,3570.64,2716.57,2700.79,2458.43,2672.21,2388,2893.86,2720.71,2522.64,3440.5,2253.71,1970.36,2045.93,2937.21,2987.64,3024.57,393,377.143,385,564.571,531.143,518,370.357,388.357,413.571,,
1535.23,2809,3632.79,3589.43,2718.29,2694.07,2455,2658,2390.14,2901.57,2709.93,2492.86,3447,2254.21,1964.07,2009.29,2901.71,2965.71,3013.43,398.5,373.357,377.643,569.571,530,520.929,367.929,385.643,405.786,,
1536.78,2791.57,3614.21,3553.14,2705.29,2672.07,2442.71,2635.29,2360.71,2889.86,2689,2474.71,3437,2244.29,1945.79,1993.43,2881,2930.64,2974.71,394.214,373.643,381.286,570.429,525.571,517.071,368.786,387.857,411.429,,
1538.33,2780.71,3594.57,3538.14,2677.29,2671.57,2433.57,2627.36,2363.43,2875.36,2670.57,2488.71,3448.21,2230.36,1927.64,2002.14,2878.86,2903.79,2962.64,395.429,376.286,378.357,562,526.286,516.286,364.643,379.214,402.357,,
1539.88,2761.93,3583.14,3533.43,2664.71,2649.29,2400.64,2607.5,2347,2884.43,2670.07,2443.79,3422.29,2211.57,1930.36,1989.79,2872.57,2895.07,2963.93,392.571,374.786,377.5,567.214,526.214,508.071,361.857,387,399.5,,
1541.44,2745.57,3572.71,3535.93,2671.43,2648.43,2409.43,2621.14,2339.93,2850.64,2667.43,2459.43,3420.07,2221.07,1924.86,1982.07,2853,2887.43,2957.36,392.143,372.714,383.071,562.357,529.786,513.286,368.643,382.786,407.786,,
1542.99,2753.71,3595.86,3526.14,2665.86,2648.43,2404.14,2623.57,2338.57,2841.64,2649.07,2461,3424,2197.07,1912.36,1974.36,2852,2889.93,2933.64,394.143,369.286,373.929,565.357,523.143,505.857,364.286,380,405.286,,
1544.54,2751.86,3591.29,3530.86,2642.5,2638.86,2389.93,2620.64,2337.86,2855.93,2658.43,2479.29,3416.86,2222.5,1904.36,1978.71,2835.14,2869.36,2941,390.714,375.429,364.143,553.214,521.214,514.786,369.071,381.643,402.071,,
1546.09,2728.71,3571,3527.57,2669.57,2630.86,2419.36,2611.79,2338.14,2853.21,2666.71,2441.86,3414.71,2195.64,1907.21,1960.43,2843.21,2897,2938.86,391.786,366.214,379.857,557.643,512.143,511.643,365.143,377.571,404.143,,
1547.64,2758.29,3584.21,3523.86,2652.79,2631.86,2394,2602.79,2338.71,2847.79,2643.79,2450,3420,2205.86,1907.64,1949,2840.71,2875.64,2939.86,390,369.571,374,557,521.929,510.714,360.286,381.143,412.357,,
1549.19,2724.14,3562,3517.14,2645.29,2639,2390.71,2609.14,2339.36,2853.21,2659.79,2436.29,3413.5,2196.43,1889,1959.57,2831.71,2888.5,2931.93,387.071,371.5,375,554.857,527.143,517.786,367.786,377.429,400.214,,
1550.74,2744.57,3590.64,3523.57,2658.43,2633.21,2390.36,2617,2339,2855.79,2664.93,2427.21,3425.07,2200.29,1905.29,1954.79,2836.86,2887.79,2931.36,393.857,371.643,375.214,565.786,522.214,514.5,363.929,382.286,403.857,,
1552.29,2747.57,3577,3516.5,2645.29,2648.57,2389.71,2599.36,2350.79,2836.14,2649.57,2432.93,3423.29,2204.93,1900,1961.57,2838.86,2860.5,2942.43,393.714,374.857,378.786,565.571,521.214,512.071,361.5,382.5,405.286,,
1553.83,2754.93,3586.5,3526,2653,2627.93,2411.5,2614.07,2326.79,2847.29,2631.71,2437.5,3418.57,2203.5,1903,1949.86,2840.14,2883.5,2934.79,392.214,377.143,381.714,562.143,531.786,518.214,366.571,385.714,402.571,,
1555.38,2734.86,3588.07,3518.07,2651.64,2629.86,2383.79,2616.21,2336.21,2846.43,2652.93,2424.5,3418.29,2199.86,1910.93,1969.64,2836.14,2865.86,2943.5,399.571,379.643,378.857,570.357,527.857,510.286,367.429,382.857,409.857,,
1556.93,2750.14,3550.93,3521.71,2657.36,2645.43,2398.64,2623,2353,2850.29,2601.57,2434.43,3397.71,2206.36,1904.14,1949.71,2850.36,2881.79,2927.64,396.429,384.429,386,573.5,527.286,510.857,372.571,386.714,416.571,,
1558.48,2748.07,3572.57,3523.79,2651.93,2637.43,2384.36,2601.5,2331.93,2838.5,2625.43,2422.93,3404.43,2194.57,1891.71,1950.43,2817.36,2881.64,2919.21,392.857,379,374.286,564.143,520.929,512.071,372.643,388.857,413.286,,
1560.03,2740.79,3570,3514.64,2654.36,2614.07,2396.43,2609.36,2334.07,2840.57,2631.64,2427.86,3423,2190.86,1883.86,1945.36,2832.14,2859.21,2927.64,396.286,378.571,379.214,553.643,526.5,509.786,358.357,381.786,405,,
1561.58,2730.14,3563.57,3512.14,2651.64,2628,2396.29,2617.57,2329.93,2829.71,2602.57,2408.29,3416.79,2185.79,1882.14,1943.64,2810.64,2846.07,2901.43,391,364.786,373.571,559.643,516.643,506.214,360.714,382.5,400.143,,
1563.12,2728.5,3567.14,3513.29,2631,2628.79,2401.86,2593.29,2336.43,2850.71,2625.93,2434.93,3394.71,2188.93,1897.79,1939.93,2833.07,2859.86,2910,390.143,364.786,375.857,552.786,519.429,513,363.143,381.286,395.286,,
1564.67,2741.36,3569.93,3483.36,2636.21,2615.07,2377,2598.79,2329.5,2840,2610,2405.43,3439.93,2188.07,1890,1953.36,2820,2853.07,2898.86,389.571,375.643,372.857,555.143,515,514.357,363.714,372,402.5,,
1566.22,2733.79,3574.79,3510.29,2654.71,2631.43,2378.43,2603.57,2332.14,2838.57,2624.43,2423.86,3400,2195.5,1891,1927.5,2819.5,2844.21,2906.57,383.714,372,381.143,552.071,518.071,517.571,365.143,374.5,403.571,,
1567.76,2729,3557.14,3496.14,2646.57,2630.86,2377.79,2600.36,2341,2853.93,2632.64,2426.86,3405.36,2168.93,1885.14,1957.14,2814.86,2850.21,2914.29,391.214,369.429,372.214,555.857,522,507.357,361.143,373.643,401.714,,
1569.31,2733.29,3545.29,3491,2663.79,2628.5,2394.93,2604,2328.93,2821,2619.21,2409.79,3419.57,2208.57,1887.79,1947.93,2808,2864.71,2930.57,393.786,372.786,376.286,556,519.214,509.214,364.286,377.929,401,,
1570.85,2736.5,3543.21,3501.64,2640.29,2615.5,2397.36,2582.29,2333.5,2820.64,2628.43,2396,3392.64,2175.07,1892.07,1958.79,2821.29,2858.5,2918.29,388.857,375.643,371.571,551.714,523.786,510.571,366.071,377.857,401.643,,
1572.4,2732.43,3550.43,3502.21,2642.71,2633.43,2383.07,2598.14,2325.86,2836.29,2603.71,2396,3406.57,2173.36,1873.86,1935.36,2827.93,2848.21,2911.21,391.143,372.5,375.786,554.929,524.357,503.357,353.357,379,397.643,,
1573.95,2761.36,3568.5,3517.64,2633,2625.21,2398.36,2593.57,2330.86,2828.5,2623.79,2406.79,3414,2178.71,1884.86,1922.64,2810.36,2855.5,2898.36,388.214,365.071,375.071,558,517.286,502.357,356.929,381.143,398.143,,
1575.49,2729.43,3561.93,3508.29,2626.86,2624.93,2399.07,2588.36,2335.14,2824.64,2606.29,2417.71,3398.57,2184.64,1890.21,1947.21,2814.29,2851.29,2902.29,390.357,378,375.286,560.786,516.857,508.929,359,375.143,400.929,,
1577.03,2740.57,3571,3511.93,2649.64,2635.64,2399.93,2608.5,2326.71,2834.93,2623.5,2420.07,3409.64,2177.43,1877.21,1931.36,2824,2839.93,2894,392.571,366.571,373.286,559.286,522.786,502.714,359.786,371.786,402.357,,
1578.58,2732.14,3561,3502,2631.29,2608.36,2395.21,2593.57,2327.93,2832.07,2623.43,2424.5,3422.21,2166.29,1881.14,1943.93,2838.36,2854.07,2929.43,395.857,368.143,372.571,554.857,518.143,509.929,358.714,375.714,403.643,,
1580.12,2726.71,3548.86,3512.93,2630.29,2604.36,2382.43,2607.64,2313.5,2825,2622.21,2401.79,3416.5,2173.93,1891.29,1929.71,2813.64,2853.93,2884.64,393.571,372,371.643,552.643,513.857,511.857,364.643,377.571,409.5,,
1581.67,2726.5,3570.64,3499.93,2624.07,2627.79,2391.5,2592.07,2332.71,2830.86,2631.14,2402.36,3421.14,2184.36,1880.79,1947.29,2825.64,2852.29,2907.29,386.5,374.214,375.429,555.286,515.857,500.643,364.143,373.857,405.357,,
1583.21,2752.64,3568.43,3487.57,2648.14,2621.71,2402.64,2586.64,2331.43,2834,2627.21,2426.86,3430,2180.14,1900.43,1942.93,2813.93,2851.86,2926.29,384.571,371.286,371.214,559.857,520.714,505.071,369.286,376.286,394.571,,
1584.75,2752,3553,3497.43,2647.79,2632.57,2406.79,2590.64,2321.14,2825.57,2634.57,2435.71,3432.71,2178.86,1891.14,1936.71,2830.36,2869.86,2916.21,387.643,372.286,373,549.714,513.571,516.429,358.286,377.5,401.786,,
1586.3,2736.5,3551.79,3504.79,2643.71,2626.64,2390.64,2603.21,2332.71,2832.43,2646.07,2424.36,3414.79,2182.43,1895.43,1954.86,2827.57,2866.21,2925,388.929,369.143,370.5,553.929,524.786,515,360.714,381.214,401.643,,
1587.84,2745.64,3576.36,3509.93,2642.57,2643.79,2390.86,2589.64,2325.64,2849.43,2620.29,2412.43,3420.86,2190.29,1896.07,1954.36,2828.86,2853.79,2921.29,388.071,369.214,379.071,560.571,524.571,508,362.286,382.929,400,,
1589.38,2744.36,3562.93,3495.93,2658.43,2642.79,2417.36,2597.57,2349.86,2834.57,2632.79,2421.07,3414.57,2170.14,1894.86,1946.43,2812.93,2868.14,2908.36,389,368.714,376.286,564.214,520.643,506.857,363.214,376.143,401.286,,
1590.92,2740.86,3567.93,3516.14,2653.79,2621,2416.29,2602.93,2320.79,2836,2615.43,2410.71,3405.86,2176.64,1882.29,1936.86,2832.57,2874.21,2920.86,394.143,366.429,374.571,558.929,521.643,509.429,360.286,375.786,399.5,,
1592.46,2758.21,3541.93,3508.64,2645.57,2622.5,2393.5,2591.5,2319.57,2835.21,2611.93,2410.36,3393.07,2185.43,1884.21,1946,2808.57,2832.29,2901.5,390.214,373.857,378,553.286,522.143,510.143,357.643,374,400.571,,
1594.01,2738.93,3558,3490.71,2648.43,2624.07,2393.21,2590.14,2321.93,2822.79,2606.86,2401.07,3392.79,2160.07,1872.71,1937.07,2815.86,2836.71,2927.79,388.571,373.286,369.571,557.286,525.571,507,354.143,375.429,395.929,,
1595.55,2742.71,3531.36,3506,2633.79,2609.29,2395.86,2592.93,2305.71,2837.5,2596.64,2397.86,3399.43,2161.86,1872.5,1940,2802,2835.57,2888.29,389.357,362.429,372.857,562.714,524.929,507.071,360,378.214,398.857,,
1597.09,2738.64,3537.43,3480.57,2616.36,2628.57,2388.86,2588.79,2331.5,2829.5,2617.71,2394.71,3411.71,2177.79,1868.36,1932.86,2829.07,2837.07,2886.64,390.286,368.571,372,560,515.643,507,360.357,376.071,400.357,,
1598.63,2721.36,3539.57,3473.07,2643.86,2598.07,2378.29,2599.29,2326.5,2831.21,2616.86,2411.14,3421.5,2171.93,1875.57,1936.36,2812.93,2837.5,2888,386.643,371.143,372.286,560.071,515.143,511.357,360.786,376.857,395.429,,
1600.17,2733.5,3537.29,3488.79,2626.5,2612.29,2376.5,2585.29,2322.14,2823.64,2615.21,2396.14,3406.21,2158,1876,1938.71,2805.43,2835,2880.64,387,369.643,370.357,562,520.072,507,362.143,374.5,400.571,,
1601.71,2734.57,3551.21,3488.64,2618.86,2623.43,2375.21,2588.14,2327.86,2831.64,2599.64,2398.21,3405.64,2156.93,1881.57,1930.5,2804.07,2843,2908,389.929,371,376.143,555.429,527,513.857,366.429,378.5,406.214,,
1603.25,2726.93,3547.43,3486.64,2625,2612.64,2379.93,2603.14,2315.07,2834.5,2623.5,2396.36,3409.14,2161,1880.71,1917.57,2808.93,2831.71,2897.21,391.5,375.571,372.286,552,521.929,506.357,364.714,379.571,405.786,,
1604.79,2738.64,3537.57,3491.14,2631.71,2607.29,2376.29,2578.57,2317.43,2819.86,2617,2415,3403.29,2175.71,1895.29,1927.71,2819.86,2840.64,2913.21,385.786,374.643,375.143,560.714,513.786,507.143,365.071,381.143,402.143,,
1606.33,2755.43,3563.29,3492.43,2626.43,2626.29,2383.5,2594.79,2315.21,2823.07,2619.29,2400.71,3421.36,2187.57,1885.21,1956.43,2811.71,2841.71,2929.79,382.286,369.929,372.214,559.714,525.429,510.571,365.429,375.929,396.214,,
1607.86,2729.57,3541.29,3490.93,2665.14,2626.5,2379.29,2608.71,2319.36,2834.57,2625.79,2418.21,3414.5,2185.43,1895.14,1949.36,2820.36,2852.86,2908.86,390.571,365,373.429,563.929,522.857,506.286,368,375.786,404.643,,
1609.4,2751.21,3541.71,3510.36,2639.07,2643.5,2382.21,2600.57,2320,2812.07,2620.57,2412.86,3410.29,2191.57,1892.29,1941.71,2819,2862.79,2905.43,394.643,374.643,372.143,561.357,519.429,512.357,364.429,377.5,400.5,,
1610.94,2763,3567.79,3513.57,2649.07,2630.64,2398.14,2602.21,2323.57,2832.57,2626.43,2422.64,3423.71,2192.21,1888,1950.36,2819.57,2868.86,2936.07,387.857,369.143,376.286,561.571,527.5,518.571,360.071,372.143,395.214,,
1612.48,2737.43,3540.36,3479.57,2641.21,2633.43,2396.71,2583.64,2331.79,2836.79,2608.79,2395.07,3410.86,2181.5,1882.57,1940.36,2821.5,2850.5,2916.07,384.5,371.143,379.429,557.071,517.929,505.786,360.214,371.714,400.857,,
1614.02,2753.36,3582.21,3486,2632.93,2634.86,2399.14,2613.86,2336.86,2829.57,2615.57,2399.71,3405.93,2181.21,1893.14,1949.36,2815.07,2868.93,2907.93,388.5,367,374.286,562.643,516.857,513.571,358.214,375.143,399.786,,
1615.55,2729.07,3547.36,3491.21,2642.64,2642.71,2405.71,2607.79,2347.29,2846.71,2625.64,2408.29,3405,2197.5,1898.71,1949.71,2835.79,2872.07,2934.57,393.786,372.286,377,563.214,522.643,506.5,365.143,376.357,402,,
1617.09,2759.86,3581.14,3511.64,2648.57,2627.5,2394.29,2615.64,2334,2838.64,2635.36,2421.57,3425,2192.79,1909.71,1958.57,2826.86,2874.79,2920.64,396.357,373.071,375.714,556.857,523,507.786,361.214,383.429,404.5,,
1618.63,2744.21,3551.57,3515.43,2652.5,2630.64,2404.43,2606.21,2326.36,2833.57,2632.14,2450,3413.5,2193.5,1902.71,1959.93,2825.07,2857.86,2927.43,392.929,373.214,375.429,558.429,518,510.214,370.286,382.286,409.214,,
1620.16,2742,3570.07,3493.64,2641.57,2627.07,2405.57,2601.14,2333.14,2844.29,2646.36,2423.5,3398.86,2170.79,1910.86,1958.71,2853.93,2882,2942.64,386.429,367.286,370.857,561.214,523.643,506.857,356.714,377.714,400.429,,
1621.7,2770.14,3550.29,3520.5,2648.21,2629.93,2418,2582.71,2333.5,2848.93,2662.14,2433.5,3434.5,2192.36,1903.57,1963.79,2835.71,2872.21,2939.64,389.643,375.714,374.5,564.929,518.857,510.714,363.929,371.643,398.286,,
1623.24,2760.64,3578.43,3502.5,2670.14,2654.71,2415.5,2573.79,2330.29,2843.5,2656,2434.43,3424,2189.21,1903.14,1955.93,2834.71,2878.64,2930.5,396.786,372.071,375.214,566.357,520.286,516.071,364.429,375.5,400.857,,
1624.77,2772.14,3575.5,3506.14,2647.5,2624.21,2420,2609.64,2343.07,2851.36,2647.29,2455.57,3431,2194.21,1902.71,1969.43,2840.21,2892,2936.29,397.071,377.5,382.357,553.286,522.357,512.143,369.857,380,400.5,,
1626.31,2749.21,3567.64,3502.93,2681.36,2642.29,2404.29,2626.71,2335.5,2878,2664.71,2433.57,3419.14,2207.57,1883.43,1977.5,2854.21,2897.29,2947.57,390.857,369.857,375.5,561.929,523.5,504.5,364.714,377.286,407.571,,
1627.84,2760.5,3571.93,3528,2677.5,2647.43,2418.86,2612.07,2340.93,2861.21,2672.71,2452,3412.5,2197.43,1894.29,1973.93,2866.71,2868.36,2958.93,393.857,375.571,378,568.714,524.786,509.714,363.214,373.857,395.786,,
1629.38,2753.14,3587.5,3521.43,2666.14,2650.57,2409.79,2627.5,2351.07,2850.5,2662.64,2439.5,3436.21,2217.36,1906,1970.07,2859.71,2919.29,2964.07,399.643,372.929,375.5,566,527,510.643,362.071,376.5,404.071,,
1630.91,2781,3582.86,3506.36,2664.86,2649.5,2411.29,2622.71,2342.14,2858,2666.43,2444.14,3416.64,2209.93,1906.14,1973.36,2875.36,2898.07,2943.71,395.786,375.357,375.071,568.929,522.643,517.286,370.214,382.857,404.643,,
1632.44,2754.07,3557.14,3512.21,2664.57,2646.07,2397.5,2608.36,2326.14,2851.64,2652.43,2419.14,3423.79,2207.21,1890.29,1963.14,2850.93,2876.29,2974.86,388.643,366.929,372.571,550.214,519.143,505.214,352.929,378.143,400.714,,
1633.98,2764.14,3564.93,3516.36,2662.93,2667.71,2414,2643.79,2352.07,2866.79,2653.14,2461.36,3427.14,2221.14,1897.71,1976.36,2871.14,2920.57,2967.71,395.5,375.429,377.643,564.5,523,509.143,368,381.429,404.786,,
1635.51,2785.5,3572.57,3564.64,2695.43,2647.21,2424,2644.79,2354.29,2881.57,2669.5,2466.86,3455.79,2208.14,1938.07,1994.07,2869.14,2919.07,2967,399.5,380.571,380.071,569.571,532.143,514.786,365.429,384.571,408.929,,
1637.04,2772.93,3587.71,3534.07,2689.57,2654.79,2436.29,2633.14,2376.29,2869.29,2661.5,2467.71,3439.43,2228.43,1931.21,1985,2898.07,2912.29,2981.5,396,377.071,378.286,567.929,535.786,519.5,366.5,383.714,403.357,,
1638.58,2790.14,3596.21,3551.5,2682.21,2671.43,2450.29,2647.86,2371.64,2872.14,2688.14,2465.93,3465.36,2239,1935.64,1979.21,2893.36,2925.5,2976.07,398.357,379.286,379,569.143,525,516.857,368.214,383.143,406,,
1640.11,2782.57,3597.93,3530.64,2686.57,2668.29,2452.93,2642.14,2379.43,2869.14,2688.79,2475.43,3442.71,2245.79,1942.36,1999.64,2898.43,2928.57,2995.5,403.929,381,375,571.143,535.286,520.786,369.5,380.857,417,,
1641.64,2780.64,3607.43,3541.43,2690,2688.64,2432.29,2651.36,2381.07,2878.86,2688.07,2479.57,3476.36,2224.14,1940.5,2009.64,2886.79,2932.79,2999.57,396.357,373.929,388.143,571.571,529.143,525.786,369.786,380.643,405,,
1643.18,2776.79,3624.79,3553.36,2708.64,2671.86,2440.79,2645.79,2367.79,2879.21,2692.36,2470.86,3470.14,2220.79,1947.5,2003.14,2894.21,2940.29,3008.93,399.143,376.214,381.429,573.714,532.214,522.857,374.643,390.857,411.429,,
1644.71,2782.29,3608.29,3542.5,2679.21,2674.07,2453.64,2641,2394,2874.36,2711.07,2485.21,3463.64,2213.21,1942.86,2002.14,2908,2932.21,2989.79,400.5,377.714,385.929,570.214,539.071,522.214,368.714,378.5,409.429,,
1646.24,2806.79,3635.36,3549.43,2711.43,2691.71,2446,2652.36,2368.43,2888.57,2693.07,2475.71,3458.07,2235,1930.79,1999.93,2885.07,2948.86,3000.93,394.857,373.571,384,565.143,528.571,522.929,367,380.714,406.929,,
1647.77,2791.93,3602.5,3570.79,2695.71,2696.5,2448.29,2665.93,2381.29,2900.43,2693.21,2490.29,3457.86,2235.14,1945.21,1994.36,2885.57,2964.21,2987.57,398.429,379,377,574.786,527.571,520,371.643,382.571,408.786,,
1649.3,2820.79,3635.57,3557.43,2700.86,2676.5,2451.71,2651.14,2386.21,2892.79,2706.36,2470.79,3471.93,2233.21,1943.07,2003.93,2906.86,2955.93,3006.5,397.714,382.786,383.286,566.786,531.857,514.714,368.429,386.286,413.5,,
1650.83,2809.86,3641.64,3570.43,2707.21,2679.43,2453,2656.21,2387.79,2901.86,2695.5,2483.36,3474.71,2235.21,1930.64,2009.21,2907,2945.71,3001.93,403.429,384.571,386.214,576.214,529.928,520.929,374.071,386.5,408.5,,
1652.36,2804.14,3625.79,3575.71,2718.57,2684.86,2458.21,2662.14,2393.64,2894,2686.5,2490.43,3450.14,2242.43,1942.29,2000.5,2909.79,2958.93,2992.21,404.714,377.786,391.429,565.857,528.357,509.643,372.571,385.286,412.571,,
1653.89,2827.14,3633.93,3568.43,2711.86,2672.64,2459.07,2677.14,2389.43,2898.43,2704.43,2484.57,3472.79,2251.14,1942.36,2002.43,2899.71,2934.57,3002.07,402.357,384.071,391.857,557.571,536.214,513.071,374.214,385.429,407.357,,
1655.42,2813,3655.29,3545.43,2710.71,2704.07,2463.21,2665.29,2376.64,2892.57,2693.5,2471.43,3457.64,2247.5,1940.14,1987.5,2900.43,2937.21,3015.5,399,386.714,381.929,568.429,530.143,517.786,369.857,382,409.643,,
1656.95,2800.43,3623.43,3567.86,2707.86,2675.21,2444.21,2659.79,2382,2905.64,2708.14,2465.93,3451.86,2219,1932.21,2008.64,2883.36,2935.71,2996,397.857,377.357,381.786,569.143,532.643,519.857,375.571,390.143,414.286,,
1658.48,2823.36,3635.71,3579.5,2719.79,2695.36,2452,2663.79,2388.14,2897.93,2698.86,2481.43,3469.86,2217.14,1944.93,2003.86,2897.57,2921.36,2998.43,401.071,377.857,382.5,574.5,528.5,525.071,367.857,383.929,413.5,,
1660.01,2823.43,3640.79,3580.64,2709.93,2689.71,2447.57,2677.29,2384.43,2910.71,2703.79,2488.93,3476.29,2227.64,1943.71,2011,2897.21,2947.64,2996.14,400.357,384.143,386.643,572.714,538,523.857,371.357,389.214,415.071,,
1661.54,2818.79,3642.86,3571.36,2709.71,2691.43,2455.43,2656,2374.36,2911.71,2704.07,2465.86,3475.07,2245.43,1939.57,1989.79,2889.5,2948.5,2975.64,400.857,381.071,387.857,571.357,529.643,514.929,372.286,387.571,406.929,,
1663.07,2823.14,3644.07,3582.86,2713.07,2685.71,2458.86,2670.93,2398.36,2900.14,2709.64,2477.43,3463.64,2211.86,1925.36,2001.21,2906.71,2953.64,2980.36,395.286,382.5,385.929,571.786,537.5,523.286,366.929,391.286,407.071,,
1664.59,2807.14,3657.57,3593,2713.57,2705.43,2452.14,2666.57,2402.07,2916.86,2708.57,2477.93,3458.43,2237.36,1927.86,1989.57,2915.57,2941.21,3002.14,398.143,381.857,386,579.214,536.643,528.786,376.214,383.643,410.357,,
1666.12,2808.71,3638.79,3575.14,2720.57,2695.14,2461,2676.79,2383.79,2906.64,2699.71,2461.43,3438.07,2239.79,1917.86,1995.71,2900.71,2935.36,2981.14,397.643,377.286,386.929,578.571,530.071,518.429,372.071,387.429,409.286,,
1667.65,2816.79,3648.07,3582.93,2715.71,2706.36,2457.79,2666.14,2388.79,2911.21,2690.07,2447.5,3460.07,2213,1923.07,1992.5,2884.14,2936,2993.71,405.714,383.571,381.071,566.571,537.214,519.571,376.071,378.214,410.071,,
1669.18,2818.79,3650.86,3578.64,2696.93,2691.64,2473.71,2663.86,2395.71,2914.14,2668.21,2461.21,3442.64,2205.14,1919.14,1979.43,2890.5,2927.93,2978.07,399.714,378.071,388.214,570.857,538.929,517.786,373.714,387.929,409.214,,
1670.7,2816.86,3652.79,3589.07,2716.64,2697.57,2455.71,2665.71,2389.64,2896.36,2659.64,2449.93,3446.07,2215.29,1916.71,1964.07,2880.64,2910.86,2976.29,397.286,376.929,382.714,564,533.357,522.429,366.714,386.714,400.857,,
1672.23,2820.14,3653.64,3608.43,2711.36,2683.71,2457.14,2653,2388.14,2908.93,2658.36,2445.43,3462.07,2210.14,1909.14,1974.93,2892.93,2901.43,2967.36,403.143,382.857,386.571,576.571,540.571,515.071,367.571,385.857,402.143,,
1673.75,2806.36,3652.5,3602,2702.36,2687.21,2458.21,2670.5,2386.71,2915,2657.86,2432.79,3463.57,2197.64,1875.79,1957.07,2880.29,2907.14,2961,398.929,382,386.786,573.929,539.429,524.714,371.786,384.643,410,,
1675.28,2784.43,3660.29,3598.93,2714.21,2684.36,2442.86,2654,2387.21,2898.21,2642.64,2439.36,3450.64,2193.29,1893.86,1956.64,2884.79,2907.5,2958.36,404.5,383.143,380.857,572,529.571,522.929,371.571,380.714,412.357,,
1676.81,2801.71,3645.07,3591.14,2700.79,2674.29,2437.86,2662.29,2391.43,2916.07,2643.14,2419.5,3449,2189.93,1897.57,1943.64,2864.57,2887.57,2948.79,395.643,371.571,382.714,572.571,528.929,520.429,364.429,382.5,403.643,,
1678.33,2806.29,3651.79,3580.43,2692.36,2673.86,2456.07,2646.93,2372.79,2883.43,2637.86,2409.79,3433.07,2187.57,1885.93,1943.5,2839.36,2881.29,2945.93,404.5,382.714,381.429,571.5,527.214,511.5,367.214,387.143,406.429,,
1679.86,2799.93,3626.93,3572.14,2677.36,2679.5,2431.07,2657.07,2367.36,2893,2636.43,2420.29,3431.93,2183.86,1877.5,1942.93,2846.43,2887,2957.14,399.643,378.286,383,566.071,532.786,517.429,372.857,387.714,405.143,,
1681.38,2798.14,3629,3587.5,2668.57,2683.79,2444,2654.5,2372,2890.79,2639.57,2412.14,3436.79,2177.64,1870,1949.14,2834.21,2888.5,2942.64,397.571,377.929,381.571,561.143,534.643,517.5,362.786,381.786,406.714,,
1682.91,2786.21,3640.71,3589,2675.21,2679.21,2430.14,2643.64,2378.79,2909.86,2633.64,2427.5,3427.79,2177.29,1870.57,1940.57,2853.5,2879.79,2936.71,401,376.643,383.714,566.143,533.786,521.786,362.286,378.929,409.429,,
1684.43,2786,3631.29,3590.79,2696.07,2668.07,2439.36,2658.07,2375.71,2896.79,2632.29,2414.64,3439.43,2183.29,1879.79,1938.57,2833.29,2872.21,2930.43,399.429,381.857,380.929,568.429,527.071,524.214,365.143,382.286,403.929,,
1685.95,2791.64,3641.64,3586.43,2694.64,2673.64,2445.29,2647.86,2383.07,2888,2612.86,2396.79,3425.43,2165.71,1848.86,1933.64,2835.57,2874.29,2927.57,397.571,379.5,377.286,568.143,527.286,508.571,367.143,387.071,402.5,,
1687.48,2779.29,3643.93,3562.71,2678.86,2676.93,2434.43,2649.93,2378.86,2903.36,2609.5,2406.21,3411.29,2169.79,1859.29,1938.07,2841.43,2866.14,2930.14,401.214,385,380.357,573.143,534.714,514.929,365.571,378.143,408.071,,
1689,2801.71,3635.57,3591.57,2687.64,2665.93,2419,2653.36,2351.29,2891.07,2600,2371.57,3414.14,2163.36,1858.71,1918.5,2825.93,2866.36,2908.57,393.286,377.429,386.571,568.643,524.571,512.357,362.429,380.571,412.429,,
1690.52,2792,3623.36,3575.14,2680.71,2664.5,2411.29,2647.43,2366.21,2896.93,2597.93,2385,3406.36,2159.86,1853.64,1910.5,2829.36,2840.64,2918.29,400.643,382.214,385.429,559.857,525.786,514.857,363.571,386.357,404,,
1692.05,2776.36,3636.36,3548.79,2694.43,2652.14,2412.64,2649.71,2359.36,2882.79,2595.21,2384.36,3406.64,2151.93,1860.21,1902.64,2811.14,2867.36,2901.21,393.571,373.786,379.286,568.571,530.571,509.929,361.5,381.643,411.5,,
1693.57,2780.71,3630.57,3574.5,2673.79,2656.79,2417.64,2648.14,2350.71,2882.14,2584.86,2377.29,3392.29,2133.43,1853.71,1911.86,2793.93,2848.86,2897.5,394.5,378.571,372.5,552.214,522.143,504.429,369.071,379.5,408.214,,
1695.09,2771.21,3609.07,3553.86,2683,2648.5,2407.57,2635.93,2351.43,2880.86,2572.43,2368.86,3378.86,2125.36,1843.64,1902.57,2797.5,2837.57,2889.29,396.643,381.5,375,562.5,516.714,513.5,370.357,375.214,406.071,,
1696.62,2767.43,3615.64,3548,2667.43,2662.36,2407.64,2625.5,2350.5,2879.71,2576.86,2367.29,3399.36,2142.93,1848.43,1892,2779.93,2821,2888.5,392.143,375.286,375.786,562.571,531.857,510.5,364.357,380.714,404.071,,
1698.14,2770.86,3623.43,3554.79,2664.5,2655.14,2418.14,2633.21,2362.07,2885.5,2569.79,2379,3397,2147.14,1837.21,1900.64,2803.86,2817.43,2867,397.857,372.286,385.571,562.214,527.286,518.286,361.286,381.571,411.357,,
1699.66,2767.71,3627,3550.57,2664.5,2645.57,2413.93,2644.43,2346.64,2874,2580.57,2363.93,3388.57,2136,1836.57,1896.5,2793.07,2819.5,2872.36,392.929,370.214,374,568.571,532.286,511.857,363.071,380.143,400.929,,
1701.18,2764.64,3614.43,3521.14,2657.5,2650.57,2410.86,2622,2353.07,2876.36,2563.64,2355.43,3372.93,2126,1838.29,1890.93,2787.57,2819.29,2858.14,396.143,369.857,378.357,563.286,527.143,512.5,360,377.214,401.5,,
1702.7,2769.07,3607.07,3536.93,2658.71,2652.71,2404.21,2625.93,2331.29,2867.64,2574.29,2362.43,3408.07,2126,1837.29,1884.43,2801.29,2828.29,2890.64,397.643,377.143,377.357,565.071,521,511.786,366.857,382.357,399.857,,
1704.22,2770.93,3602.64,3552.71,2640.79,2647,2408.21,2631,2343.36,2865.43,2558.86,2337.64,3374.29,2127.14,1832.79,1881.21,2786,2818.93,2866,395.5,380.714,380,565.5,525.5,514.857,356.5,375.429,399.571,,
1705.74,2764.14,3606.93,3537.14,2661.57,2644.07,2401.5,2634.71,2341.71,2883.21,2552.64,2345.36,3382.71,2112.64,1825.43,1885.79,2781,2818.86,2868.71,398.786,380.071,379.5,563.571,523.571,512.143,362.357,376,400.5,,
1707.26,2780.21,3619.5,3540.36,2651.43,2630.79,2403.07,2627.71,2340.07,2883.57,2542.57,2331.29,3366.43,2122.29,1821.64,1892.29,2779.86,2813.93,2873.86,393.071,371.143,379.929,558.143,522.929,510.714,357.357,381.286,406.286,,
1708.78,2773.64,3585.64,3530.71,2645.64,2632.07,2401.79,2617.93,2335.21,2869.36,2533.07,2321.57,3347.43,2110.93,1825.14,1885.57,2777.64,2798.79,2847.79,400.643,370.143,377.929,566.786,514.429,517.929,361.214,374.071,396.143,,
1710.3,2770.79,3606.79,3541.07,2645.36,2628.07,2408.93,2616.43,2328.21,2856.36,2531.93,2321.29,3372.57,2115.71,1815.86,1880.93,2767.79,2799.86,2839.86,390.714,374.5,381.357,560.714,522.429,512.571,363.714,378,404.429,,
1711.82,2746.5,3592.43,3543.71,2628.5,2626.93,2396.5,2606.57,2335.14,2866.93,2554.29,2324,3364.07,2118.71,1803.43,1866.64,2759,2789.64,2849.86,401.643,378.071,374.286,564.5,522.286,514.071,363.429,381.357,401.143,,
1713.34,2755.14,3611.71,3537.71,2641.71,2625.79,2383.43,2607.07,2336.07,2851.64,2534.93,2325.36,3376.07,2101.71,1822.36,1873.93,2756.93,2785.93,2848.21,395.786,376.5,381.357,557.857,527.143,505.929,362.571,380.429,407.429,,
1714.86,2740.64,3573.86,3538.79,2640.07,2622.43,2387,2613.71,2327.71,2865,2537.71,2326.43,3358.93,2096.5,1806.14,1870.93,2776.79,2796.29,2851.71,391.429,370.286,373.143,550.571,513.714,510.786,364.643,367.929,405.714,,
1716.37,2758,3602,3533.43,2627.93,2614.29,2378.79,2597.36,2337.43,2847.29,2529.5,2341.43,3377,2097.57,1801.64,1844.07,2776.14,2786.21,2831.64,392.929,372.643,374.857,559.5,514.929,502.714,359.143,366.786,399.071,,
1717.89,2755.29,3587.57,3529.21,2638,2612.29,2387.79,2608.71,2313.86,2861.21,2532.86,2329.07,3354.64,2098.36,1801,1861.64,2765.43,2770,2842.5,397.143,375,378.214,560.429,519.5,510.786,355.786,379.357,404.786,,
1719.41,2746.86,3580,3525.93,2647.36,2638.14,2380.86,2611.43,2325.21,2858.29,2538,2316.14,3373,2102.14,1798.86,1857.07,2759.71,2783.5,2847.21,393.143,369.929,378.143,551.929,523.429,514.143,358.929,377,397,,
1720.93,2736.71,3588.79,3525.86,2639.79,2611.86,2380.93,2611.64,2330.57,2852.57,2524.57,2300.71,3338.57,2100.14,1805.07,1855.43,2765.29,2775.07,2840,392.714,382.786,371.571,553.5,520.214,509.714,359.857,370.786,393.357,,
1722.44,2769.71,3583.43,3519.29,2639.36,2618.36,2387,2596.5,2328.36,2848.43,2518.5,2315.07,3359,2095.93,1804.36,1860.86,2761.07,2758,2832.57,386.929,372.143,376.929,567.571,519,502.571,361.357,372.143,400.214,,
1723.96,2751.36,3583.43,3527.5,2630.86,2609.36,2376.5,2603.93,2330.07,2851.07,2519.14,2309.21,3349.07,2091.29,1777.5,1845.57,2764.71,2769.64,2828.64,396.214,371,373.786,559.429,524.714,512.357,358.071,372.143,397.786,,
1725.48,2752.57,3593,3512.79,2629.43,2623.79,2383.29,2617.64,2325.21,2856,2533.79,2293.57,3347.93,2100.79,1794.64,1853.14,2744.64,2759.86,2821.29,393.857,365.643,376.857,561.071,517.643,508.714,361.143,377.214,398.857,,
1726.99,2754.79,3580,3527.86,2636.93,2633.29,2388.64,2596.29,2326.07,2840.86,2523.07,2299.29,3339.64,2087.21,1780.14,1849.79,2736.5,2764.43,2821.86,391.286,370.571,375.429,568.571,521.714,510,364.643,374.643,397.714,,
1728.51,2749.79,3583.21,3518.21,2645.5,2627.36,2389,2614.71,2324,2839.07,2506.71,2275.57,3341.43,2088.5,1789.5,1855.71,2739.93,2763.5,2810.29,393.929,369.071,383.357,560.714,526,500.429,360.5,375.214,400.071,,
1730.03,2768.07,3575.07,3508.07,2630.29,2606.21,2357.57,2599.57,2326.29,2837.86,2493.07,2292.36,3339.36,2086.21,1796.14,1835.29,2744.43,2765,2799.71,395.5,370.429,375.571,560.143,517.357,510.929,357.714,377.786,402.429,,
1731.54,2757.93,3568.71,3526.5,2622.86,2619.14,2383.43,2583.93,2330.79,2831,2514,2298.29,3346,2079.5,1788.93,1848.86,2726,2766.21,2814.14,388.286,370.071,370.643,558,508.143,503.786,357.143,381.214,398.357,,
1733.06,2727.71,3574.93,3526.07,2612.79,2607.21,2383.21,2588.79,2318.64,2842.43,2496.43,2304.43,3359.93,2070.21,1780.14,1859.57,2735.71,2780.93,2817,394.357,375.071,370.643,554.571,514.857,499.857,362.714,372.357,403.143,,
1734.57,2749.21,3571.43,3508.21,2610.36,2609.36,2376.86,2599.93,2300.57,2846.36,2503.71,2301.36,3336,2078.14,1780.86,1833.93,2741.5,2756.14,2812.36,395.071,374.786,371.286,555.5,518.643,503.357,363.429,372.714,393.5,,
1736.08,2743.43,3561.14,3502,2624.86,2590.14,2363.14,2605.86,2307.07,2845.86,2515.64,2297.07,3358.57,2075.43,1793.79,1837.79,2731.64,2763.86,2797.07,396.929,366.929,374.714,558.429,513.071,507.286,360.214,374.143,395,,
1737.6,2742.36,3573,3508.71,2619.64,2606.93,2381.14,2585.71,2307.43,2822.5,2505.93,2296.29,3341.14,2088.79,1785.43,1842.14,2728.79,2757.86,2804.57,393.714,369,367.286,556.357,527.143,507.571,353.929,371.929,394.714,,
1739.11,2718.07,3561.71,3522.64,2619.5,2602.43,2361.43,2578.07,2295.21,2826.64,2489.14,2292.21,3328.93,2086.5,1776,1838.36,2728.86,2750.21,2813.86,388.429,378,374.714,564.571,517.072,502.143,359.429,374.286,395.071,,
1740.63,2728.29,3571.71,3521.64,2626.14,2629.57,2369.79,2591.86,2321.79,2831.64,2496.93,2293.43,3346.43,2094.86,1770.71,1833.43,2729.43,2761.86,2800.5,391.714,367.071,374.286,555.286,513.143,508.643,355,377.214,393.786,,
1742.14,2730.29,3577.14,3505.79,2614.29,2625.07,2368.93,2583.14,2314.36,2850.29,2499.14,2282.64,3337.29,2086.07,1787.57,1829.5,2732.36,2766.64,2794.86,388.643,367.714,375,553.071,508.643,504.214,352.786,377,393.071,,
1743.65,2726.93,3577.79,3514.43,2629.36,2620.21,2375.79,2590.5,2330.5,2835.64,2497.57,2288.79,3342,2069.71,1783.21,1837.57,2725.07,2760.43,2791.14,399.429,364,377.5,553.429,520.286,506.643,356.286,374.214,393.714,,
1745.17,2740.64,3573.64,3530.14,2605.93,2608.36,2364.86,2577.79,2314.14,2845.57,2483,2292.5,3325.07,2075.14,1771.43,1824.93,2711,2754,2802.14,394.429,372.714,373.071,556.5,519.286,502.714,357.714,376.643,390.429,,
1746.68,2737.71,3571.21,3515.43,2628.21,2597.43,2380.07,2605.21,2320,2844.79,2497.64,2292.57,3325.07,2069.07,1779.71,1838.57,2744.43,2753.79,2806.79,396.786,368.857,373.857,562.643,525.929,506.571,358.857,370.929,398.714,,
1748.19,2742.5,3564.14,3511.64,2607.5,2619.57,2389.14,2587,2315.07,2848.79,2483.14,2271.93,3342.21,2065.57,1770.14,1836.79,2720,2754.57,2800.36,391,373.929,370.929,551.714,518.5,508.357,354.286,375.643,399.786,,
1749.7,2735.86,3572.14,3495,2616.36,2604.86,2375.64,2591.86,2320.07,2835.71,2487.93,2279.71,3322.57,2077.57,1771.36,1845.21,2729.79,2751.71,2797.86,388.5,369.857,367.5,557.571,512,503.786,363.143,377.071,398.857,,
1751.21,2724.29,3547.43,3504.79,2616.14,2603.71,2374.5,2595.43,2310.14,2833.5,2486.21,2289,3335.93,2072.79,1771.21,1826.79,2720.36,2730.36,2771,391.286,367.429,377.786,555.857,519.429,502,357.786,373.071,391.143,,
1752.73,2753.07,3561.86,3515.64,2615.07,2604.14,2360.5,2602.5,2315.21,2838.64,2497.14,2272.29,3341.21,2066.93,1755.86,1835.86,2717.5,2740.86,2772.79,392.929,375,366.643,559,513.429,502.714,359,373.143,402.429,,
1754.24,2718.21,3558,3521.43,2614.43,2619.93,2378.36,2576.93,2312.79,2838.07,2481.79,2289.21,3333.14,2071.86,1780.93,1837.79,2722.71,2746.5,2790.64,392,370.929,374.071,561.857,521.786,512.5,359.714,373,396.643,,
1755.75,2745.57,3553.79,3493.64,2610.21,2609.57,2373.5,2580.86,2300.79,2846.93,2467.79,2263.71,3327.14,2059.14,1768.29,1814.71,2727.29,2738.57,2781.21,391.143,368.571,368.714,562.357,510.571,499.143,360.929,374.786,396.5,,
1757.26,2730.29,3555.14,3505.64,2592.07,2599,2362.86,2602.86,2307.36,2844.71,2471.21,2268.07,3313.14,2051.21,1762.57,1822.29,2710,2755.07,2785.43,392.143,374,372.143,556.357,511.071,501.571,362.429,369.786,395.357,,
1758.77,2741.79,3566.79,3504.57,2619.21,2582.93,2365.21,2601.36,2315.64,2846,2491.57,2282.71,3327.29,2070.71,1767.14,1821.71,2719.93,2735.5,2793.5,394.857,375.429,374.143,565.143,520.857,499.143,362.214,371.214,398.143,,
1760.28,2746.64,3581.93,3497.29,2606.5,2587.07,2356.29,2600.93,2307.86,2842.07,2487.93,2282.71,3338.5,2062,1769.29,1835.93,2722.36,2716.29,2782.43,392.571,368.643,372.857,560.786,520.429,509.786,360.286,374.286,398.857,,
1761.79,2739.79,3574.14,3496.21,2602.43,2600.64,2401,2589.21,2300.36,2835.43,2472.07,2262.21,3330.71,2055,1754.07,1835.79,2717.43,2719.5,2781.86,390.714,367.429,378.571,564.714,523.071,505.5,356.429,383.714,389.857,,
1763.3,2739.71,3569,3515.86,2599.86,2612.93,2371.79,2601.64,2304,2845.29,2485.71,2257.79,3305.21,2070.5,1755.14,1818.36,2726.29,2750.64,2790.71,396.929,375.857,367.929,559.786,516,504.429,356.143,374,393.214,,
1764.81,2745.21,3580.64,3506.07,2634,2599.57,2377.36,2594.29,2309.71,2840.64,2474.43,2275.79,3334.93,2050,1771.36,1809.64,2700.43,2723.57,2784.57,391.429,374,367.786,563.429,509.5,501.286,355.571,377.786,392.071,,
1766.32,2725.29,3576.93,3509.57,2619.71,2617.21,2364.43,2580.71,2300.29,2836.07,2466.43,2256.43,3326.64,2053.21,1774.79,1821,2705.43,2733.21,2787.86,393.5,372.214,372.143,562.214,515.857,506.143,361.143,374.286,396.643,,
1767.82,2740.93,3564.93,3531.57,2623.43,2622,2365.14,2597.21,2325.43,2844.29,2486.64,2261.86,3318.93,2059.29,1758.71,1819,2719.5,2741.93,2768.43,397.286,368.5,367.071,557.214,516.714,499.429,361.5,375.786,393.857,,
1769.33,2749.14,3560.71,3499,2616.43,2616.79,2364.5,2581.21,2312.29,2848.57,2458,2273.07,3321.93,2062.5,1753.14,1815.5,2712.21,2728.29,2790.79,393.929,376.429,380.143,557.571,519.929,502.857,360.286,375,395.786,,
1770.84,2727.21,3589.21,3503.43,2630.71,2610.86,2369.93,2605,2311,2839.36,2484.5,2276.5,3348.43,2066.64,1744.93,1814.5,2696.21,2734.57,2783.5,386.357,373.643,375.286,555.571,519.429,503.071,362.286,376.143,400.143,,
1772.35,2719.14,3582.43,3521.14,2609.21,2595.5,2355.29,2576.57,2313.43,2867.14,2479.21,2275,3344.64,2049.14,1757.43,1821.86,2720.36,2752,2785.36,393.643,371.571,372.786,555.357,511.143,501.571,359.357,370.929,399.714,,
1773.86,2732.21,3579.64,3505.57,2622.43,2600.14,2367.64,2580.64,2316.79,2829.07,2474.86,2261.21,3355.64,2059.79,1753.36,1813.14,2733.29,2728.79,2782.79,393.214,379.714,371.786,553.5,519.571,507.714,361.214,373.643,391.5,,
1775.36,2735.29,3577.93,3498.43,2609.5,2598.93,2363.21,2582.86,2310.71,2831.36,2469.79,2279.21,3327.57,2067.21,1757.93,1818.14,2705.07,2721.43,2780.86,385.5,375.929,367.429,560.5,514.786,499.429,354.5,375.714,397.071,,
1776.87,2753.43,3557.57,3506.07,2610.64,2581.21,2370.29,2589.86,2310.36,2849.21,2464.29,2262.14,3342.14,2059.93,1773.43,1810.21,2727.21,2732.79,2784.71,390.286,370,368.929,567.714,513.214,506.5,356.429,377.357,389,,
1778.38,2736.57,3581.71,3502.36,2622.36,2610,2354.07,2593.71,2301.86,2827.64,2470.14,2259.86,3322.71,2063.93,1768.64,1818.36,2710,2735.07,2793.71,392.071,367.214,377.429,559.929,521.714,509.429,360.571,369.357,400.357,,
1779.88,2737,3572.86,3508.93,2607.07,2606.5,2378.64,2577.5,2305.36,2846.14,2470,2277.14,3326.79,2052.43,1772.64,1818.43,2705.29,2729,2772.43,392.143,367.214,369.5,562.571,512.714,508.357,360.214,370.5,393.5,,
1781.39,2732.14,3576.14,3494.29,2618.57,2600.14,2361.71,2591.86,2302.57,2839.93,2475.14,2246.5,3319.64,2068.71,1745.71,1789.93,2718.57,2741.21,2778,395.071,372.786,366.214,565.5,514.214,506.143,357.714,374.929,394.786,,
1782.89,2743,3572.57,3520.64,2617.29,2603.36,2379.14,2597.43,2332.36,2856.07,2478.93,2268.71,3326.5,2048,1767.79,1810.79,2703.14,2737.79,2779.07,396,371.643,377,555.357,520.071,500.143,353.643,376.786,395.643,,
1784.4,2748.71,3575.86,3528.93,2630.79,2624.07,2375.5,2597.64,2315.93,2844.64,2465.21,2260.86,3339.71,2059.21,1759.5,1812.14,2706.14,2722.79,2804.21,395.214,373.786,372.286,562.357,518.143,506.214,363.571,374.857,398,,
1785.91,2742.64,3563.21,3532.86,2623.5,2602.64,2366.5,2584,2317.79,2849.57,2478.86,2256.5,3322.57,2065.79,1749.79,1802.07,2724.57,2734.5,2783.14,395.5,373.643,375.357,557.714,516.857,503.429,362.143,374.071,398.714,,
1787.41,2756.5,3572.36,3512.5,2629,2605.57,2358.14,2585.43,2313.93,2845.21,2457.43,2265.07,3330.79,2044.93,1756.07,1805.93,2705.57,2729.71,2768.21,393,369.5,368.929,551.357,517.357,505.286,363.214,369.929,393.071,,
1788.91,2757.71,3571.14,3509,2602.43,2598.86,2378.93,2593.64,2298.21,2841.21,2473.29,2267.57,3329.79,2051.29,1754.21,1812.07,2704.14,2732.57,2783.07,395.714,380.286,379.643,553.786,518.786,509.571,359.786,374.357,392.429,,
1790.42,2731.29,3560.07,3513.43,2619.64,2609,2352.71,2589.21,2312.79,2856.29,2471.14,2246.36,3342.71,2051,1756.79,1817.29,2708.71,2736.29,2746.14,387.643,373.5,371.643,559.286,513.571,507.143,360.929,374.714,402.786,,
1791.92,2756.86,3564,3497.43,2608,2586,2373,2589.21,2317.71,2838.21,2462.64,2263.79,3328.79,2029,1754.07,1809.36,2710.29,2710.5,2778.71,389.857,371.357,377,556.357,507.714,505.786,361.214,369.786,398.571,,
1793.43,2735.43,3563.14,3499.64,2606.93,2609.79,2371.71,2602.29,2303.79,2834.36,2474.07,2260.07,3331.79,2046.86,1753.79,1801.14,2710.14,2718.93,2771.07,395.214,371,375.214,558.429,514.214,499.857,356.286,372.857,396.643,,
1794.93,2746.36,3572.29,3495.14,2617.71,2602.57,2371.71,2589.36,2322.07,2850.79,2486.21,2266.86,3336.36,2056.86,1760.29,1805.07,2710.14,2721,2780.14,389.5,374,373.5,564,517.929,506.143,355.643,374.214,396.571,,
1796.43,2768.36,3576.86,3509.29,2625.5,2611.64,2365.71,2617.14,2309.71,2862.64,2482.36,2249.64,3322.93,2042.5,1738.57,1811.21,2719.93,2745.14,2768.86,393.571,372.143,376.429,566.143,526.643,496.643,361,371.929,393.929,,
1797.94,2727.86,3567.36,3508.07,2617.71,2610.86,2367.07,2584.14,2307.21,2841.57,2445.36,2260.43,3333.43,2044.07,1752.93,1802.5,2712.5,2725.71,2788.57,392.214,370.643,371,566.643,527,502.357,355.643,372.143,395.214,,
1799.44,2725.29,3584.5,3512.36,2609.93,2633.57,2366.5,2592.5,2322.5,2834.71,2452.86,2252.5,3328.29,2055,1745.64,1802.93,2703.5,2721.86,2775.86,393.714,373.357,373.929,553,509.857,502.5,354.929,369.143,390.357,,
2400.51,1852.93,1882.14,1877.79,1893.79,1916.36,1502.36,1785.57,1714.57,1795.71,1131.57,1087.43,1829.93,903.143,844.929,850.071,1236.57,1292.36,1319,202.571,203.286,198.929,292.5,285.429,278.143,194,205.786,217.214,,
2401.91,1845.57,1874.64,1857.36,1891.43,1933.79,1501.79,1788.21,1726.57,1789.14,1128.29,1098,1842.79,897.286,843.286,849.5,1255.29,1297.64,1314.5,207.5,197.071,202.357,295,284.071,276.286,194.857,204.714,215.571,,
2403.31,1850.36,1887.21,1867.21,1891.14,1917.79,1488.43,1789.79,1708.5,1778.64,1131.64,1094.71,1839.07,907.857,841,846.214,1266.57,1298.86,1316.71,205.857,199.429,203.929,288.786,281.286,273.714,199.643,204.357,217.214,,
2404.71,1855.64,1884,1874.57,1895.5,1914.21,1490.29,1783.21,1719.36,1795.43,1134.21,1083.29,1836.5,891.286,846.5,839.143,1248.79,1299.57,1321.21,208.857,203.857,202.286,292.286,279.429,274.429,194.643,207.929,216.143,,
2406.11,1849.36,1878.43,1861.79,1891.71,1912.21,1501.79,1792.79,1689.29,1784.64,1124.21,1091.21,1856.93,901.929,854.786,840.786,1248.36,1301.36,1314.79,212.786,206.286,207.571,293.857,279.429,268.071,195.286,203.786,216.857,,
2407.51,1865.43,1873.07,1858,1899.57,1902.79,1487.36,1794.64,1715.79,1788.71,1121,1074.93,1837,895.571,849.857,848.857,1245.93,1299.5,1315,199.071,199.214,206,289.143,277.929,280.143,194.5,204.214,218.643,,
2408.92,1852.21,1873.57,1881.43,1884.29,1919.36,1504.36,1787.5,1711.36,1776.71,1129.64,1083.86,1829.14,899.714,848.643,847.214,1257.64,1299.64,1321.29,205.357,203.714,203,290.429,276.857,271.714,194.643,204.286,214.357,,
2410.32,1855,1881.21,1862.29,1902.64,1940.79,1492.64,1786.36,1715.43,1802.5,1131.5,1082.07,1854.57,901.143,847.714,839.714,1254.36,1299.43,1308.79,206.286,204.071,205.571,284.786,277.214,276.214,199.5,209,217.357,,
2411.71,1842,1882.79,1876.21,1882.43,1927.29,1488.21,1790.71,1703.93,1783.57,1135.36,1078.14,1842.93,904.643,838.143,849.714,1243.57,1283,1326.71,210.643,203.714,205.214,289.214,280,265.571,196.714,205.786,217.143,,
2413.12,1854.43,1882,1855.93,1895.07,1923.43,1493.36,1794.43,1712.86,1777.71,1128.5,1085.43,1846.93,891.786,840.357,842.143,1255.57,1297.14,1316.64,204.929,199.214,203.786,286.357,278.857,272.786,200.143,205.714,212.929,,
2414.51,1839.86,1876.71,1864,1888.57,1925.07,1491.07,1795.71,1715.79,1786.14,1126.64,1086.29,1834.79,892.714,839.357,861.286,1245.57,1286.43,1313.64,208.857,198.857,204.5,290.714,281.357,270.571,194.5,204.929,218.286,,
2415.91,1855.86,1879.71,1878.5,1888.86,1926.36,1483.43,1790.64,1724.71,1792.36,1139.79,1092,1839.5,896.929,841.929,850.286,1251,1298.14,1316.07,208.071,205.5,202.429,286.071,277.286,275.929,198,209.5,213.143,,
2417.31,1851.29,1879.21,1877.36,1885.93,1913.71,1499.5,1782.64,1712.86,1790.57,1128.5,1099.29,1850.57,895.214,848.286,845.071,1243.36,1289.07,1314.79,204.571,206.714,206.643,290.357,283.929,279.929,199.786,203.429,213.643,,
2418.71,1861.29,1883.79,1872.57,1879.71,1917.14,1493.29,1793.29,1718,1776.29,1143.21,1073.29,1843.79,893.071,853.571,840.214,1241.36,1304.36,1312.71,207.643,204.429,201.786,292.071,282.214,276.143,193.429,207.286,215,,
2420.11,1846.43,1877.79,1868.5,1892.07,1908.14,1472.21,1795,1706.93,1776.21,1139.43,1100.29,1840.14,908.929,845.071,844.786,1249.5,1290.14,1311.93,212.5,201.929,204.357,285.929,277.786,275.786,194.429,208.214,213.143,,
2421.51,1847.64,1881.43,1866.57,1875.21,1916.29,1495.71,1790.57,1708.43,1789.93,1138.36,1090.36,1852.93,904.929,846,849.929,1247.21,1295.5,1323,206.286,204.643,205.571,294.143,269.071,280.143,193.071,206.786,214.571,,
2422.91,1851.21,1884.57,1863.86,1877.43,1910.36,1488.29,1782.86,1709.14,1779.21,1137.07,1084,1845.86,900.5,849.786,851.929,1243.57,1303.57,1324.71,206.143,207.643,205.071,295.071,277.214,279.286,198.5,205.214,214.857,,
2424.3,1840.36,1867,1864.64,1881.43,1915.5,1491.07,1796.43,1712.21,1785.71,1136.57,1085,1838.5,899.714,837.714,854.071,1259.79,1302.36,1321.64,204.5,201.357,203.857,293.571,280.571,278.143,197.714,208.143,217.5,,
2425.7,1849.43,1863.57,1869.79,1883.86,1912,1494,1784.86,1699.86,1778.57,1119.93,1088.93,1828,902.643,847.714,841.357,1258.07,1289.71,1314.29,208.357,204.286,201.643,292,272.571,275.357,195,206.857,211.571,,
2427.1,1858.86,1856.29,1873.79,1891.14,1910,1497.71,1799.07,1713.07,1783.36,1130.93,1098.21,1838.93,901.357,847.5,853,1246.71,1300,1314.57,209.5,202.143,209.643,288.357,274.643,277.929,200,205.571,217.5,,
2428.49,1839.5,1890.43,1871.64,1883.71,1925.29,1490.36,1787.64,1725.5,1786.86,1137.21,1083.64,1837.07,911.357,847.429,851.357,1248.93,1294.86,1312.07,209,204.357,204.929,288.429,280.857,275.071,196.429,203.857,221.286,,
2429.89,1859.64,1892.29,1876.21,1872.71,1910.21,1504.29,1793.57,1715.93,1790.5,1139.93,1083.14,1850.93,894.214,845.714,840.857,1248.36,1296.57,1310.79,205.786,203.714,205.714,287.357,281.286,278.357,199.929,203.214,217.429,,
2431.29,1858.43,1879.07,1870.93,1897.29,1926.21,1493.29,1789.14,1718.64,1784.71,1130.71,1089.43,1851.21,896.571,848,844.571,1254.86,1307.36,1327.79,204.857,206.214,207.429,285.357,277.929,277.857,197.143,204.857,217.214,,
2432.68,1848.71,1888.86,1875.43,1885.43,1910.64,1494.57,1788.71,1722.93,1784.07,1141.36,1091.07,1840.5,900.357,844.928,855.5,1265.14,1292.14,1325.14,205.5,204.071,203.429,292.643,277.571,276.143,200.214,201.143,220.786,,
2434.08,1873.14,1881.93,1865.43,1892.71,1919.79,1487.21,1809.86,1724,1794.64,1142.29,1083.5,1843.36,910.571,855.214,858.571,1247.36,1306.57,1323,210.714,199.929,205.857,291.786,279.143,279.571,200.214,210.714,217.143,,
2435.48,1858.71,1887.14,1870.86,1880.5,1904.79,1500.21,1808.93,1714.14,1788.14,1135.64,1096.57,1849.93,904.786,844.643,855.143,1260.21,1289.43,1331.29,209.143,203.643,205.5,292.071,274.143,270.214,196.857,207.071,215.571,,
2436.87,1853.57,1878.57,1857.21,1886.14,1906.86,1493.79,1799.57,1728.86,1794.14,1135.36,1090.79,1855.07,914.357,851.5,857.571,1252.57,1303.07,1319.36,209.286,201,205.929,287.429,279,276.857,194.857,209.714,220.071,,
2438.27,1868.79,1877.64,1883.36,1889.43,1910.57,1492.21,1784,1726.79,1792.43,1137,1093.86,1859.07,908.857,861.214,853.357,1252.57,1295.36,1319.57,214.357,205.643,204.5,293.214,278.929,274.357,197.214,209.429,217.643,,
2439.66,1854.57,1887.36,1874.57,1885.5,1918.43,1494.5,1784.14,1726.5,1785.64,1146.64,1097.93,1844.79,908.571,853.429,851.786,1259.71,1313.71,1312.93,207.429,204.286,199.929,291.714,283.643,280.286,195.929,206.929,220.214,,
2441.06,1841.43,1876.29,1866.14,1892.36,1923.71,1493.71,1786.21,1710.79,1798.14,1140.21,1105.07,1852,916.929,857.071,857.643,1253.21,1301.29,1335.57,208.786,203.429,206.5,297.714,279.429,275.786,198,210.071,220.143,,
2442.45,1863.07,1871.14,1872.86,1886.21,1917.43,1497.93,1809.86,1722.07,1792.93,1147.36,1095.79,1844.86,907.571,855.714,856.357,1262.29,1299.86,1335.57,213.786,204.429,205.929,293.071,281.286,273.714,196.357,208,222.143,,
2443.85,1845.79,1870.14,1866.07,1893,1909.64,1500.29,1790,1723.43,1793.93,1150.71,1097.07,1846.43,911.357,853.143,860.571,1264.36,1314,1333.36,214.071,203.857,204.214,296.5,280.5,277.571,200.571,205.071,224.357,,
2445.24,1842.07,1869.21,1875.5,1895.14,1932.79,1486.29,1798,1703.5,1797,1136.86,1092.07,1848.07,898.786,859.429,857.286,1259.64,1320.36,1328.86,209.571,202.929,204,287.643,286.214,274.286,201.929,206.071,217.071,,
2446.63,1871.64,1890.86,1862.57,1892.07,1926.79,1508.79,1788.07,1722.71,1791.14,1155.43,1098.21,1853.14,918,851.857,856.571,1262.29,1312.21,1336.14,207.143,203.714,207.786,295,282.286,283.929,200,208.643,222.643,,
2448.03,1855.21,1895.93,1871.21,1889.79,1938.71,1507.36,1798.43,1724.57,1788.64,1135.79,1098.36,1840.21,910.786,858.857,865.429,1264.29,1310.36,1330.64,210.571,205.429,209.143,294.071,284.857,273.786,196.429,210.357,220.214,,
2449.42,1852.14,1880.43,1881.71,1881.5,1937.29,1504.93,1802.07,1728.57,1801.29,1147.79,1110.5,1837.43,919.786,856.143,860.5,1264.5,1307,1331.86,217.857,205.857,207.5,293.5,282.786,279.714,197.5,209.429,220.714,,
2450.81,1858.79,1870.14,1885.07,1896.36,1922.64,1513.93,1794.29,1714.79,1795.21,1142.43,1103.36,1859.07,909.286,861.714,861.786,1250.5,1317.43,1321.29,212.643,202.571,205.643,289.857,278.929,277.786,198.214,210.643,218.429,,
2452.21,1876.21,1891.43,1878.71,1911.57,1924.29,1512.07,1796.5,1734,1800.71,1135.07,1105.57,1846.93,910.214,848.214,863.286,1261.14,1317.21,1332.86,214,202.5,206.571,295.071,278.571,278.286,201.286,206.643,217.5,,
2453.6,1852.79,1897,1881,1908.79,1916.93,1513.29,1798.93,1722.36,1795.93,1143.93,1102.14,1849.07,915.214,845.214,857,1264.43,1314.71,1337.43,212.643,205.357,207.286,292.286,276.643,278.643,200.929,210.357,220.214,,
2454.99,1864.29,1887.93,1874,1903,1929.64,1498.71,1813.29,1725.93,1779.93,1137.29,1105.79,1854.93,915.714,853.5,864.357,1254.5,1307.21,1330.07,207.143,204.143,206.214,293.786,277.143,280.571,197.857,208.571,221.214,,
2456.38,1855.14,1888.79,1870.29,1895.43,1918.93,1506.57,1795.21,1727.64,1790.86,1156.5,1106.21,1858.21,910.857,845.714,867.5,1262.07,1308.93,1321.64,216.5,207.357,208.929,299.071,282.071,284.857,197.857,207.5,221,,
2457.77,1868.64,1879.71,1884.07,1894.71,1915.79,1495.36,1794.5,1732.29,1777.5,1152.14,1092.21,1862.79,919.143,864.429,862.714,1249.43,1299.79,1323.86,211.786,202,207.571,286.5,276.286,281.357,204.071,208.286,213.714,,
2459.17,1849.93,1875.14,1888.57,1904.64,1931,1513.21,1792.43,1713.71,1795.43,1147.36,1100.14,1864.5,906.786,858.071,861.286,1259.29,1296.64,1329.79,214,208.857,207.071,292.643,279.5,277.786,201.857,204.643,216.714,,
2460.56,1855,1886.86,1877,1895.57,1916.14,1497.21,1793.21,1711.93,1794.21,1140.29,1085.5,1850.07,901.571,853.786,854.143,1266.43,1302.71,1333,207.286,202.357,204.357,292.214,280.786,279.5,198.429,205.786,221.286,,
2461.95,1861.29,1881.93,1855.71,1905,1925.29,1491.79,1793.29,1719,1790.93,1137.86,1095.5,1854.14,914.571,851.857,866.714,1255.07,1311,1331.07,209.643,203.643,208.571,294,278.357,273.786,198.071,208,215.429,,
2463.34,1862.93,1890.93,1877.07,1905.43,1922.07,1506.57,1800.71,1732.86,1787.07,1129.79,1101.21,1851.14,908.5,846.143,863.429,1258.07,1294.57,1327.79,209.714,207.5,204.786,297.786,282.929,277.429,199.571,205,222.786,,
2464.73,1854.5,1896.57,1878.43,1891.21,1914.93,1505.79,1812.57,1727.71,1806.57,1149.57,1093.93,1865.86,907.071,861.929,857.643,1258,1303,1322.5,210.714,207.429,212,295.357,282.571,280.714,202.214,208.929,225.071,,
2466.12,1867.86,1892.14,1868.86,1896.29,1925.36,1505.5,1800.57,1726.29,1801.43,1138.36,1093.21,1853.93,919.929,862.857,860,1258.79,1306.21,1332,212.571,202.571,208,298.5,280,279.571,201.143,206.714,219.286,,
2467.51,1876.64,1892.93,1882.64,1902.21,1927.14,1500.21,1806.43,1730.86,1806.79,1135.36,1089.5,1865.71,908.071,848.786,860.929,1262.29,1298.36,1315.79,213.643,206.786,206.571,289.929,287,277.857,199.929,211.857,221.214,,
2468.9,1858.36,1882.79,1874.21,1891.79,1932.5,1509.21,1807.93,1732.07,1810,1139.21,1092.71,1856.14,906.857,857.857,853.5,1255.93,1310.5,1339.43,213.714,201.857,203.643,293.714,282.786,283.214,192.929,210.357,219.857,,
2470.29,1871.93,1885.21,1866,1909,1919.14,1500.5,1799.93,1734.07,1797.71,1127.5,1093.64,1861,911.714,862.714,853.571,1261.36,1300.21,1325.71,212.643,204.714,207.357,294,283.786,279.357,199.071,208.786,223.786,,
2471.68,1862,1881.64,1880,1901.93,1929.71,1519.36,1811.43,1716.71,1790.93,1148.86,1087.93,1862.71,914.714,857.643,869.286,1263.86,1308.29,1339.79,214.071,200.643,209.286,291.357,277.5,281,203,204,221.5,,
2473.07,1859.14,1878.43,1874.64,1900.21,1916.43,1509.5,1790.07,1718.57,1784.57,1135.93,1095.93,1857.29,913.857,852.643,861.786,1257.86,1304.93,1317.71,209.929,206.286,204.786,294.429,275.5,276.429,200.857,206.714,218.929,,
2474.46,1885.93,1900.36,1885.57,1890.57,1930.14,1511.93,1805.21,1735.5,1801.29,1141.21,1092.57,1852,908.714,867.429,862.714,1253.64,1310.79,1329.57,207.929,204.929,205.5,293.071,274,282.929,204.929,210.571,221.071,,
2475.84,1868.5,1883.07,1874.93,1899.79,1938.64,1505,1808.86,1731.5,1809.43,1143.93,1104.86,1860.43,919.714,873.143,861.357,1265.43,1314.79,1335.14,208.429,207,205.071,296.071,283.714,279.143,199.786,207.929,217.643,,
2477.23,1876.5,1890.57,1880.29,1888.36,1938,1511.21,1811.43,1721.07,1795.5,1142.79,1101.29,1864.57,911.643,857,863.286,1249,1307.29,1328.64,211.786,208.929,206.143,294.071,280.429,277.286,202.357,207.5,218.643,,
2478.62,1870.21,1884.86,1887.07,1896.5,1926.36,1502.14,1802.71,1724.29,1796.07,1137.5,1094.43,1854.43,909.857,853.071,866.286,1266.14,1317.5,1333.29,214.714,207.643,203.357,294.786,280.5,278.357,198.143,210.071,218.143,,
2480.01,1867,1890.14,1889.43,1908.79,1930.43,1506,1791.86,1731.07,1803.93,1139.71,1094.71,1858.07,911.214,855.571,862.929,1259.5,1310.71,1343.93,207.929,204.786,204.714,292.143,287.786,282.071,199.143,209.857,218.143,,
2481.4,1855.07,1887.5,1859.71,1912.29,1934.57,1498.29,1806.14,1723.86,1801.43,1129.43,1105,1862.79,912.929,865.786,870.143,1264.36,1308.21,1331.71,209.286,214.429,209.571,293.286,279.786,280.071,199.643,210.857,219.714,,
2482.78,1876,1893.64,1885.93,1902.21,1949.86,1507.5,1798.29,1729.43,1790.36,1144.86,1107,1877.36,912.571,850.071,855.857,1270.07,1317.64,1333.57,211.5,203.357,205.143,294.857,286.643,282,193.429,206.929,217,,
2484.17,1881.36,1896.14,1879.36,1909.5,1935.07,1516.43,1819.64,1723.21,1797.07,1141.29,1091.71,1855.36,922.214,853,845.071,1254.86,1315.93,1329.86,207.714,205.571,204.857,292.5,287.714,278.357,200.714,210.929,226.571,,
2485.56,1866.93,1892.86,1890.79,1895.86,1930.93,1510.57,1825,1740.71,1798.29,1146,1097.79,1853.93,915.357,855.5,866.429,1256.93,1299.5,1333.29,211.357,204.5,211.214,288.929,284.5,277,202.357,207.571,220.571,,
2486.94,1874,1886.07,1887.36,1907,1935,1513.21,1791.57,1725.5,1785.57,1144.14,1096.71,1865.14,915,850.714,852.357,1259.93,1324.43,1331.57,214.143,207.571,207,291.571,276.071,274.714,199.357,205.429,218.286,,
2488.33,1865.71,1902.57,1874.14,1902.36,1923.14,1496.14,1807.07,1724,1801.79,1130.71,1087.5,1865.71,912.786,844.286,854,1261.86,1309.86,1323.5,211.714,204.5,208.071,297.286,285.143,281.786,200.5,210.714,221,,
2489.71,1861.57,1897.71,1879.21,1912.07,1934.86,1515.43,1827.07,1732.93,1806.36,1139.43,1114.43,1853.86,919.5,856.286,855.643,1273.79,1303.71,1319.79,211.714,207.143,206.429,291.714,283.857,278.5,198.643,215,218.429,,
2491.1,1873.57,1898.57,1881.36,1894.79,1926.71,1519.07,1809.71,1731.71,1805,1140.79,1103.57,1874.79,914.714,864.143,863.143,1262.64,1305.86,1321.93,212.5,205.643,209.286,296.5,288.786,280.5,202.357,213.071,219.5,,
2492.49,1869.86,1894.79,1889.5,1898.21,1953.36,1499.21,1818.43,1727.5,1797.29,1149.93,1092.64,1865.14,913.857,865.857,864.214,1262.5,1310.43,1328.71,210.786,206.286,211.5,291.357,284.643,282.857,200.786,206.286,221.857,,
2493.87,1875,1898.14,1886.93,1910.93,1938.71,1508.86,1809.64,1731.57,1801.29,1150.14,1089.5,1862.86,908.429,865.714,867.571,1254.29,1298.21,1330.5,210.571,211.143,205.643,292.786,283.857,280,201.286,208.143,220.857,,
2495.26,1858.71,1893.43,1874.29,1900,1928.14,1505.36,1808.71,1720.36,1816.93,1146.93,1114,1870,907.286,862.857,860.714,1266,1310.43,1328.29,212.786,209.571,207.857,296.357,284.214,278.571,198.214,207.143,219.571,,
2496.64,1874.57,1899.14,1886.57,1913.36,1929.71,1503.07,1815.71,1734.29,1806.5,1154.43,1102.36,1860.57,921.5,866.5,863.214,1268.29,1315.79,1333.5,213.857,209.143,204.786,294.643,284.214,282.071,203.143,204.571,215.643,,
2498.03,1873.43,1894.64,1888.14,1895.86,1925.57,1509.57,1802.71,1724.5,1789,1140.14,1089.71,1860.93,907.571,863.857,861.857,1263.36,1309.86,1339.79,208.429,208.929,208.286,301.857,283.714,280.571,197.786,207.786,220.5,,
2499.41,1877,1894.64,1877.29,1916.43,1935.36,1508.29,1806.79,1728.86,1808.21,1142.64,1099.93,1861.79,923.857,863.929,869.214,1268.93,1313.14,1327.86,209.071,204.143,209.286,289.357,286.857,282.357,204.214,211.286,220.786,,
2500.79,1874.86,1894.71,1887.43,1917.14,1936.21,1516.36,1788.71,1726.29,1801.21,1141.57,1100.14,1855.64,910.357,860,858.5,1268.21,1312.86,1334.21,207.643,205.071,213,288,280.357,282.357,199.071,207,219.857,,
2502.18,1876.79,1904.5,1884,1906.36,1945.71,1510.07,1816.36,1739.93,1809.64,1142,1102.14,1865.36,920.571,863.643,871.929,1272.36,1315.29,1329.36,210.857,204.071,209.357,291.929,278,282.357,201.071,210.214,226.786,,
2503.56,1870.93,1882.43,1885.93,1913.07,1923.64,1506.29,1822.43,1734.71,1818.29,1147.29,1095.07,1867.21,924.071,870.786,871.5,1275.36,1318.43,1336.07,207.143,206.143,209.143,295.929,286.714,279.714,204.286,207.429,220.714,,
2504.94,1861.71,1892.29,1884.57,1915.86,1950.36,1510.64,1796.93,1736.14,1787.36,1141.64,1105.71,1855.93,923.643,869.429,870.929,1273.93,1317.57,1334.57,210,205.214,209.786,296.286,277.714,280.571,202.571,212,219.571,,
2506.33,1873.86,1882.57,1895,1906.21,1937.43,1509.93,1804.57,1731,1806.57,1154.07,1109,1862.71,916.929,860.929,855.357,1267.5,1310.29,1331.93,212.214,207.143,203,296.714,287.143,280.143,195.571,210.357,223.929,,
2507.71,1877.71,1889.79,1887.07,1910.86,1934.93,1509.5,1816.43,1736.14,1799,1146.21,1099.43,1839.36,920.571,864.714,871.857,1256.86,1304.21,1342.57,211.5,206.429,211.643,294.5,285.5,285.643,201.143,211,219.571,,
2509.09,1879.93,1895.43,1891.79,1918.29,1936.64,1508.57,1814.36,1739.71,1797.5,1156.57,1107,1860.21,926.643,858.786,862.429,1267.21,1309.79,1329.79,210.857,206.214,209.071,295.214,285.214,278.571,198.929,215.071,219.429,,
2510.48,1885.86,1899.14,1884.57,1912.5,1950.43,1527,1822.71,1736.93,1796.43,1154.14,1095.71,1879.57,917.786,870.143,864.714,1260.93,1310.21,1334.5,212.071,210.214,206.571,295.286,287,280.5,204.857,210.143,221.286,,
2511.86,1885.93,1901.64,1896.64,1917.07,1929.93,1513.14,1811.93,1726.86,1812.14,1148.93,1101.21,1874.07,914.929,864.714,863.929,1277,1316.21,1340.43,211.786,206.429,210.429,298.214,284.5,286.071,200.643,204.857,220.929,,
2513.24,1878.21,1888.36,1896.21,1914.5,1949.36,1524.14,1814.14,1735.71,1805.71,1145.43,1097.5,1873.64,933.929,866.929,858.714,1277.43,1304.57,1342.93,216.429,204.643,210.714,295.143,283.214,282,199,207.071,221.286,,
2514.62,1884.64,1893.79,1891.57,1903.21,1947.79,1521.71,1821.86,1740.64,1813.21,1158.5,1102.57,1858.57,913.214,869.929,869.071,1268.57,1310.71,1345.14,212.857,207.571,209.857,296.357,290.571,278.357,200.214,212.929,223.214,,
2516,1865.21,1890.14,1877.64,1904.29,1931.93,1509.21,1814.29,1743.5,1815.57,1149.93,1099.57,1879.79,917.714,863,876.643,1270.57,1316.64,1346.71,212.5,204.214,209.429,297,285.643,283.5,202.5,212.643,223,,
2517.38,1881,1907.07,1888.5,1906.93,1937.64,1521.5,1809.86,1740.21,1812.21,1149.5,1104.57,1854.07,920.929,866.214,870.214,1270.07,1323.07,1344.29,212.714,206.286,211.786,296.643,282.5,280.929,203.357,205.643,219.643,,
2518.76,1875.79,1893.5,1891.57,1906.21,1946.29,1518.36,1817.14,1740.57,1809.57,1148.43,1098,1870.79,911.857,858.571,875.143,1275.93,1320.43,1333.07,213.857,206.143,209.857,301.5,291.143,281.571,201.357,213.571,219,,
2520.15,1877,1892.43,1873.07,1909.71,1939.36,1511.86,1825.64,1730.29,1810.07,1156.57,1106.57,1858,924.429,861.929,882.214,1273.79,1322.79,1336.5,214.786,210,210.786,299.929,288,290.214,201.357,208.5,223.214,,
2521.52,1885.29,1893.64,1894.14,1915.5,1941.21,1516.93,1819.29,1730.57,1796.86,1147.36,1107.29,1869.14,912.071,867.643,864.571,1278,1330.21,1344.07,213.214,206.714,204.286,296.214,283.214,283.857,199.714,210.714,226.714,,
2522.9,1884.5,1911.64,1872.86,1906.5,1940.86,1509.29,1827.43,1731.64,1816.14,1152.57,1100.57,1865.86,924.857,867.214,866.071,1257.64,1320,1342.43,213.571,208.286,208.929,299.357,283.214,284.643,203,213.214,217.143,,
2524.28,1887.79,1901.71,1890.14,1933.86,1956.86,1526.57,1806.71,1728,1810.57,1151.14,1101.43,1879.64,906.5,864.857,863.429,1269.71,1315.93,1350.36,208.357,209.5,208.929,297.929,282.5,278.286,195.286,209.714,219.571,,
2525.67,1869.07,1898.57,1891.5,1923.64,1941,1524.43,1801.79,1731.14,1798,1145.29,1088.64,1884.86,924.571,855.643,859.214,1276.71,1320.36,1334,211.286,208.643,205.857,290.643,282.357,278.929,201.571,215.643,221.5,,
2527.04,1864,1904,1883.86,1911.36,1942.07,1517.64,1820.29,1741.79,1819.07,1148.57,1107,1862.43,923.5,863.5,867.214,1271.64,1318.79,1330.07,216.071,208.429,211.429,297.214,284.5,283.214,201.143,211.643,220.214,,
2528.42,1878.36,1903.79,1887.57,1925.07,1946.29,1524,1814.86,1725.79,1806,1154.57,1099.5,1862.5,918.429,860.786,862.286,1254,1307.43,1339.29,208.357,207,211.5,292.714,286.5,287.643,204.286,209.357,223.143,,
2529.8,1892.07,1895,1881.36,1908.14,1941.36,1518.79,1805.14,1731.36,1805.64,1152.86,1095.29,1858.14,930,873.643,867.857,1260.43,1315,1334.93,211.214,207.286,204.643,295.714,286.5,284.857,201.857,210.643,224.786,,
2531.18,1877.93,1901.57,1893.93,1900.93,1937.29,1519.5,1816.36,1736.36,1812.57,1156.43,1100.71,1863.79,909,877.5,866.786,1267.64,1306.43,1330.86,212.5,210.214,207.286,290.643,288.143,284.143,201.143,210.286,223,,
2532.56,1884.29,1909.86,1883.79,1921.64,1926.36,1516.14,1807.43,1726.86,1820.86,1140.57,1104.14,1870.64,921.214,857.786,866.643,1260.43,1319.29,1334.57,215.071,212.643,210.143,295.5,281.5,284.214,201.714,208.214,228.357,,
2533.94,1881.71,1905.29,1879.36,1905.21,1925.93,1527.79,1804.79,1723.36,1813,1144.57,1106.57,1871.29,918.357,866.214,870,1252.29,1303.21,1330.36,213.571,206.571,206.214,296.286,281.643,285.214,202.429,206.071,221.929,,
2535.31,1875.57,1896.57,1883.64,1906.29,1929.71,1505.29,1820.21,1732.71,1799.14,1148.64,1091.43,1867.29,914.714,854.786,860.5,1257.57,1307.29,1320.93,216.357,209.786,209.929,297.714,282.071,278.214,199.714,208.214,218.143,,
2536.69,1878.93,1890.57,1896.93,1908.93,1940.79,1512.29,1801.93,1741.71,1812.29,1145.43,1092.79,1868.64,919.5,857.714,856.929,1265.07,1302.86,1349.43,211.714,209.214,207,293.143,282.214,286.786,201.643,211,221.071,,
2538.07,1873.57,1907.14,1888.5,1914.43,1930.79,1517.43,1809.57,1737.14,1799.07,1146.29,1096.57,1873.5,921.214,859.286,865.857,1267.43,1312.07,1334.79,208.357,208.286,209.571,296.643,284.214,282.643,200.286,207.857,220.071,,
2539.45,1876.64,1903.57,1881.57,1913.64,1940.5,1514.5,1806.86,1740.71,1794.43,1139.93,1098.21,1866.79,918.929,859.643,863.857,1274.57,1318.29,1332.14,213.643,208.929,209.643,297.571,282.857,281.857,198.929,212.714,222.429,,
2540.82,1864.64,1887.93,1886.14,1921.21,1934.79,1517.5,1811.57,1741.21,1806.14,1140.79,1090.57,1866,921.143,863.286,866.429,1269.71,1303.07,1330.64,213.5,210.143,203.929,295.786,287.857,278.5,200.571,210.357,223.643,,
2542.2,1872.36,1894,1880,1909.5,1943.71,1510.5,1807.21,1736.36,1818.07,1139.43,1097.71,1876.86,926.714,860.071,868.857,1263.71,1310.21,1332.36,213.357,208.786,214.714,300.571,284.571,279.571,204.143,212.857,220.143,,
2543.58,1883.86,1893.79,1896.64,1920.36,1946.21,1520.86,1813.64,1740.36,1800.5,1139.07,1105.79,1863.29,906.143,857.5,866.071,1274.64,1314.07,1324.07,212.5,206.5,204.714,295.571,281.786,287.071,199.571,218.357,224.643,,
2544.95,1876.43,1892.36,1887.14,1905.86,1949.14,1524.5,1808.5,1729.21,1806.64,1136.71,1101.71,1867.86,920.929,856.714,871,1268.14,1317.07,1326.71,213.286,206.143,207.643,295.214,281.357,281.214,202,211.357,215.714,,
2546.33,1879.93,1911,1902,1923,1949.14,1525.57,1828.14,1731.21,1805.64,1141.21,1104.79,1874.21,916.929,852.214,863.572,1254.29,1306.21,1338.43,214.429,205.714,210.429,301.643,289.5,284.429,202.857,212.571,224.571,,
2547.7,1897.79,1922.93,1878.14,1930.14,1948.14,1535.29,1804.5,1729.29,1816.64,1138.93,1102.43,1873.64,913.071,861.857,863.286,1257,1294.21,1341.57,210.643,208.786,208.929,298.357,284.857,286.571,204,206.429,224.143,,
2549.08,1873.71,1891.21,1872.5,1914.43,1947.79,1517.36,1815.71,1748,1806.43,1145.79,1105.57,1867.43,919.429,862.357,863.929,1269.79,1309.5,1326.43,210.857,205.929,210.929,295.571,280.5,279.929,203.071,210.5,223.714,,
2550.46,1885.71,1897.93,1901.5,1912.93,1949.36,1516.07,1815.93,1733.21,1824.57,1155.5,1100.14,1874.14,919.143,860.714,872.429,1263.93,1315.43,1330.14,212.714,205.286,210,299,284,283.857,200.643,212.214,219.857,,
2551.83,1874.64,1890.21,1899.07,1916.43,1947.36,1516.57,1816.29,1737.29,1813.79,1148.29,1096.36,1866.79,925,860.286,861.071,1268.71,1310.86,1328.57,214.357,204.786,209.286,300.286,288.143,277.5,203.357,209.357,225,,
2553.21,1883.36,1895.64,1894.5,1916,1949.07,1527.5,1811.71,1732.64,1816.29,1150.86,1103.79,1877.5,926.286,853.429,861.571,1271.79,1304.43,1340.36,211.571,208.071,210.786,301.143,284.143,284.357,202.857,210.929,224.643,,
2554.58,1867.21,1899.43,1869.93,1918.43,1945.36,1515.71,1818.86,1736.71,1819.64,1148.43,1094.36,1875.71,924.429,852,869.714,1263.57,1313.36,1332.64,210.071,204.5,209.357,296.071,287.429,283,198.571,210.571,221.714,,
2555.95,1887.79,1900.64,1877.71,1926.07,1949.93,1515.43,1824.64,1751,1803.07,1142.93,1108.14,1885,916,871.714,864.286,1275.14,1314.93,1334.86,210.214,209.929,211.714,296.643,283.857,286.714,204.071,209.786,222.929,,
2557.33,1877.43,1909.29,1874.14,1910.29,1938.21,1519.71,1825.64,1731.29,1810.79,1139.21,1094.21,1871,916,863.214,864.286,1270.14,1305.36,1339.36,214.286,203.714,205.143,300.286,289.429,283.857,201.714,209.643,225.143,,
2558.7,1871.93,1898.57,1895.43,1916.71,1931.14,1507.86,1816.43,1744.5,1798.36,1145.57,1101.5,1867,922.286,853.786,859.286,1267.86,1322.71,1335.43,210.429,207.643,212.571,300.643,284.5,286.214,200.857,214.714,223.071,,
2560.07,1883.5,1905.07,1891.36,1909.71,1944.07,1520.93,1822.43,1739.07,1804.07,1151.36,1099.29,1871.86,918.5,859.643,873.429,1257.21,1310.57,1343,212.429,209.286,211,297.857,286.857,283,205.571,210.643,226.929,,
2561.45,1881.21,1899.29,1891.29,1931.43,1954.5,1517.14,1808.5,1755.57,1812.21,1146.36,1110.57,1873.64,913.571,877.429,868.214,1268.71,1317.21,1345.5,210.071,210.5,207.357,298.071,284.571,288.643,199.786,214.714,225.214,,
2562.82,1889.14,1892.93,1885.93,1917.29,1947.21,1526.71,1817.57,1735.43,1817.57,1150.86,1105.86,1879.86,929.643,864.214,867.214,1279.43,1313.21,1336.64,214.714,210.214,209.071,303.286,286.929,283.429,204,211.214,223,,
2564.19,1894.79,1903.07,1894.86,1925.21,1947.14,1522.64,1817.36,1738.21,1814.93,1158.29,1106.14,1873.5,921.643,874,870.357,1280.64,1327.86,1331.86,213.071,206.357,216.643,295.429,280.357,284.714,204.929,214.929,218.857,,
2565.57,1877.36,1917.29,1896.43,1920.93,1958,1523.57,1826.71,1738.79,1817.86,1159.29,1100.79,1880.14,923,865.786,875.643,1257.29,1297.5,1337.36,217.786,207.429,209.429,295.143,282.5,286.071,203.643,210.857,222.929,,
2566.94,1896.14,1924.79,1908.86,1928.43,1947.5,1523.93,1839.43,1744.36,1832.07,1135.29,1114.93,1887.79,924.857,865.714,877.643,1269,1320.14,1334.71,211.571,210.786,210.357,296.214,287.071,286.714,204.286,217.643,226.643,,
2568.31,1884.64,1925,1910.29,1909.29,1944.14,1523.86,1838.14,1746.79,1819.86,1165.71,1108.64,1888.57,927,865.429,870.714,1263.36,1314.21,1339.43,211,206.786,211.857,302.286,287.357,284.5,202.286,212.643,225.071,,
2569.68,1903.14,1913.79,1889.29,1941.21,1957.71,1536,1824.36,1743,1825,1148.43,1098.93,1880.64,917.071,864,869.929,1265.64,1314.21,1343.79,213.071,208.071,211.071,294.929,286.929,284.857,202.286,209.786,225.857,,
2571.05,1907.07,1905.36,1897.5,1930.5,1955.79,1530.07,1822.36,1747.64,1828.29,1152.29,1107.43,1874.29,920,869.143,870.5,1274.21,1329.79,1331.5,216.857,210.286,212.571,297.143,285.857,285.286,205.786,211.929,218.071,,
2572.43,1885.36,1909.86,1896.79,1920.71,1941.71,1525.14,1824.07,1751.21,1825.21,1154,1105.86,1886.86,916.929,872.214,856,1270.43,1322.93,1336.86,209.643,205.357,211.643,298.071,289.143,287.571,202.357,213.143,225,,
2573.8,1892.93,1914.64,1895.86,1929.71,1942.93,1516,1831.93,1745.29,1818.64,1152.5,1105.93,1888.57,928,873.714,877.357,1274.79,1332.29,1335.57,208.286,205.429,212.571,293.5,287.5,288,203.071,209.786,222.5,,
2575.17,1884.43,1905.43,1907.29,1931.93,1961.5,1529.21,1827,1748.86,1825.29,1151.14,1110.29,1893.21,918.571,877.643,876.571,1273.14,1323.93,1349.86,217.571,209.643,213.357,301.429,293.429,284.786,205.429,212.857,227.429,,
2576.54,1900.71,1911.79,1895.29,1938.79,1960.29,1521.79,1827.64,1750.71,1829.43,1162.79,1114.36,1886.57,933.929,870.857,863.214,1274.5,1324,1341.64,219.786,212.857,217.571,301.929,287.857,282.714,201.929,216.357,225.714,,
2577.91,1889.21,1909.5,1898.86,1929.93,1952.57,1534.5,1824.64,1749.29,1821.36,1155.57,1111.36,1881,924.643,873.286,880.214,1274.57,1324.21,1343.21,217.143,208.5,212.429,299.071,288.071,289,201.286,212.071,224.786,,
2579.28,1896.57,1930.21,1901.43,1930.07,1964.79,1533.57,1830.43,1754.64,1830.5,1158,1114.93,1879.93,922.357,869.214,877.857,1272.64,1317.29,1347.93,214.929,209.571,213.929,300.786,290.571,288.857,203.714,215.071,219.5,,
2580.65,1890.36,1915.79,1923.14,1944.14,1953.64,1542.36,1838.07,1750.21,1829.64,1160.29,1104.5,1895.93,926.071,878.857,868.214,1275.71,1325.86,1354.36,214.643,212.786,212.071,295.643,283.786,287.929,206.643,211,224.429,,
2582.02,1900.86,1905.21,1902.07,1939.5,1956.14,1538.14,1823.93,1757.57,1833.57,1145.43,1108.64,1875.71,932.143,871.571,868.286,1279.29,1320.57,1344.43,215.214,212.643,208,300.286,288.429,279.643,209.286,210.286,226.643,,
2583.39,1898.29,1916.5,1918.79,1938.86,1955.43,1540.29,1836.36,1769.64,1829.43,1168.14,1116.14,1898.93,919,876.214,878.786,1276.5,1321.64,1346.86,215.929,212.571,214.071,294.071,287.929,283.071,200.786,210.214,224,,
2584.76,1901.93,1923.21,1915.5,1926.86,1952.21,1550.21,1845,1760.71,1844.93,1154.93,1116.21,1899,931.571,874.643,871.214,1276.21,1323.57,1344.43,213.429,212.857,216.143,302,289.143,285.071,210.071,213.286,225.143,,
2586.12,1904.64,1924.21,1914.14,1937.43,1973.5,1546.29,1852.5,1774.14,1839,1169.5,1113.43,1901,935.571,876.571,879.857,1271.14,1316.71,1355.93,216.071,211.214,214.143,304.143,291.286,285.786,200.5,208.643,225.429,,
2587.49,1901.64,1930.79,1900.36,1960.07,1950.57,1546.43,1839.64,1753.57,1841.29,1165.29,1117.43,1887.71,929.5,880.643,872.143,1286.5,1329.86,1357.79,216.143,210.357,213.357,308.071,290.429,282.214,202.429,215.643,226.929,,
2588.86,1907.86,1921.21,1914.64,1931.07,1981.57,1555.86,1843.14,1769.14,1825.36,1158.43,1119.86,1903.57,932.071,873.429,880.5,1290.36,1327.07,1347.93,215.857,211,218.286,301.286,286.429,290.357,205.143,211.357,220.143,,
2590.23,1889.86,1917.93,1903,1946.86,1964.29,1536.43,1831.79,1760.57,1840.57,1165.29,1114.36,1901.21,938.357,870.357,877.786,1266.86,1335.86,1363.07,221.929,209.929,213,302.643,288.071,292.5,207.5,213.143,225.429,,
2591.6,1904.79,1928.71,1914.21,1951.14,1973,1539.5,1849.64,1771,1838.71,1165.43,1107.21,1902.86,925.143,886.071,880.214,1288.36,1320.93,1349.36,215.143,208.5,213.786,306.071,287.714,283.286,203.857,214.643,225.143,,
2592.97,1903,1931.21,1918.79,1944.43,1968.07,1539.36,1833.57,1762.29,1837.86,1165.93,1119.5,1896.21,937.071,884.857,882.214,1286.64,1336.79,1360.29,212.5,211.071,212.571,306.786,294.786,289.071,204.857,214.357,230.929,,
2594.33,1917.64,1930.86,1914.71,1940.71,1967,1543.71,1844.14,1759,1853.5,1172.64,1117.43,1901,941.214,882.071,879,1284.86,1334.71,1355.93,216.929,213.143,212.571,303.429,290.357,288.286,206.571,218.857,224.071,,
2595.7,1912.21,1915.57,1906.21,1947.14,1983.07,1542.93,1838.64,1753.21,1840.36,1163.21,1119.07,1892.36,931.143,880.071,876.571,1291.64,1343.71,1358.93,215.929,213.786,216.5,305.071,287.286,282.857,202.786,217.571,224,,
2597.07,1917.79,1926.86,1921.43,1944.14,1976.71,1540.86,1845.79,1783.79,1829.14,1166.14,1117.21,1909.14,941.786,884,887.429,1295.07,1338.43,1366.5,216.857,213.5,215.429,303.714,288.929,292.786,207.286,218.286,230.5,,
2598.43,1911.43,1923.36,1920.71,1941,1978.29,1550,1844.57,1774.93,1841.64,1169.57,1120.64,1893.86,932.286,871.071,884.643,1293.21,1334.14,1362,219.857,214.571,217.786,299.071,292.857,287.071,207.571,218.714,226.071,,
2599.8,1915.36,1938.14,1915.79,1946.71,1976.79,1544.21,1839.36,1758.43,1847.5,1171.57,1120.14,1898.93,940.929,879.286,892.571,1291.43,1335.79,1359.21,215.643,214.643,215.5,303.429,295.143,285.5,210.786,219.214,232.571,,
2601.17,1896.29,1934.5,1916.07,1954.14,1967.36,1546.36,1855.5,1774,1849.14,1167.43,1109.93,1901.43,938.571,881.143,886.571,1294.21,1344.07,1355.21,219.5,215.071,217.5,301.857,284.357,288.857,204.214,213.5,228.071,,
2602.53,1917.43,1940.14,1930.5,1952.29,1986.79,1555.21,1842.21,1774.21,1846.71,1169.71,1117.29,1915.43,939,876.143,880.571,1287.29,1328.79,1352.43,217.286,216.714,212.214,301.5,292.214,289.929,206.786,217.429,229.357,,
2603.9,1935.14,1937.79,1944.21,1961.21,1999.36,1555,1850.21,1774.93,1854.36,1172.64,1127.07,1911.86,943.286,884.857,880.571,1283.64,1347.86,1358.07,215.429,214.714,218.429,301.071,286.571,292.214,207,218.571,226,,
2605.26,1913.86,1929.07,1911.79,1958.5,1992.93,1556.21,1859.57,1779.14,1849.36,1166.14,1126,1908.14,936.929,883.5,886.643,1289.07,1338.86,1356.21,213.929,213.357,214.571,304.429,294.714,292.143,207.071,212.786,229.786,,
2606.63,1930.57,1935.5,1932.79,1960.07,1992.57,1541.71,1855.71,1757.57,1848.36,1168.21,1117.43,1909.36,945.5,879.286,889.714,1287.29,1348.79,1364.71,217.5,210.786,209.286,306.357,295.143,290.429,208,213.286,229.786,,
2607.99,1924.29,1949.79,1899.64,1958.57,1983.57,1553.43,1864.21,1779.57,1849.93,1176.07,1121.5,1915.79,943.857,883.143,892.357,1299.79,1329.21,1366.57,217.286,212.286,217.857,301.786,290.643,291.929,203.143,217,230.5,,
2609.36,1909.57,1948.79,1915.21,1961.36,1997.07,1549.43,1859.79,1780.36,1839.36,1176.43,1119.36,1909.79,941.143,885.643,889.071,1294.36,1342.5,1360.21,219.357,209.857,214.429,298.714,296.429,291.571,208.786,214.929,227.429,,
2610.72,1923.79,1937.43,1920.57,1952.43,1989.29,1552.79,1859.21,1771.64,1853.43,1171.71,1123.36,1911.43,931.286,883.714,900.714,1288.86,1345.93,1376.36,218.429,213.286,214.357,306.5,287.429,291.571,211.714,218.786,223.857,,
2612.09,1924.5,1939.29,1941.43,1954.21,1987.14,1550.21,1851.71,1766.86,1848.93,1170.93,1128.71,1920.5,939.714,896.429,885.071,1304.07,1335.79,1367.79,215.929,210.071,215.214,302.286,295.143,292.5,206.929,220.143,231.5,,
2613.45,1928.86,1946.64,1927.07,1964.43,1994.14,1558.21,1852.86,1774.07,1865.64,1181.93,1131.07,1912.43,949.643,881.143,897.357,1291.14,1342.43,1373.5,215.786,216,215.857,308.286,295.071,290.643,206.429,216.643,231.786,,
2614.81,1937.21,1932.71,1922.36,1960.43,1988.57,1552.29,1859.5,1764.36,1850.21,1172.5,1140.64,1922.21,950.571,888.429,881.929,1300,1348.36,1363.36,221.929,214.857,219.786,305.143,298.286,283.071,209.786,214.429,226.714,,
2616.18,1916.5,1953.79,1924.93,1950.86,1986,1554.5,1863.64,1783.57,1844.14,1184.64,1123.79,1921,947.071,885.214,901.214,1303,1354,1358.86,218.714,213.571,214.071,299.357,295.286,286.429,207,216.929,227,,
2617.54,1929.14,1944.57,1940,1970.57,1991.14,1555.07,1844,1782.79,1857.36,1165.14,1129.43,1905.21,946.143,893.357,886.714,1305.14,1362.14,1381.64,218.357,218.786,219.071,308.643,295.214,289.5,202.214,220.429,228.143,,
2618.9,1919.64,1948.93,1924.64,1967.86,1997.21,1554.43,1857.14,1787.14,1860.29,1170.57,1127.14,1924.79,947.786,895.571,892.286,1299.71,1354,1370.36,218.286,214.357,213.357,311.357,293.643,292.5,210.429,220.071,228.357,,
2620.27,1927.57,1948,1933.36,1972.07,1995.43,1563.29,1866,1791.21,1856.86,1184.93,1142.71,1905.36,948.143,889.214,891.929,1309.14,1358.43,1360,219.643,213.429,216.786,306.643,291.929,290.643,209.929,219.786,228.5,,
2621.63,1938.36,1955,1932.71,1962.5,1996.14,1566.29,1873.21,1784.64,1858.79,1169.86,1131.57,1918.79,946.786,893,891.5,1296.93,1357.21,1363.93,221.429,211.929,212.214,303.857,290.571,292.429,208,214.643,229.357,,
2622.99,1942.64,1932.36,1927.21,1980.29,1986.43,1565.64,1862.5,1795.71,1860,1184.29,1136,1907.86,941.786,891.643,891.071,1299.43,1347.57,1367.79,219.357,217.286,220.714,307.286,291.357,284.643,204,222.429,227.643,,
2624.35,1923.71,1953.5,1932.36,1969.07,2005,1557.29,1868.29,1794.21,1856.86,1176.57,1136.86,1925.07,946,891.5,904,1302.71,1341.79,1382.64,221.071,216.286,217.143,306.143,288.643,287.429,205.929,220.857,227.786,,
2625.72,1926.86,1956,1940.64,1962,1984.43,1577.79,1867.14,1775.29,1855.64,1184.64,1124.43,1924.5,959.429,897.929,897.929,1298.14,1350.79,1379.43,219.714,210.857,214.929,308,291.714,292.143,205.786,215,231.143,,
2627.08,1939.43,1958.29,1943.14,1974.86,2001.71,1568.64,1864.21,1774.79,1858.57,1191.86,1137.79,1923.93,950.643,889,904.357,1299.43,1346.64,1387.93,217.714,206.143,213.5,309.643,296.643,287.571,212.571,217.929,227.5,,
2628.44,1938.79,1952.21,1937.29,1972.57,2000.29,1564.36,1866.43,1765.93,1858.79,1186.71,1144.79,1930,950.714,891.643,908.714,1305,1350.21,1374.64,217.286,211.714,214,310.071,296.643,285.929,208.929,218.071,227.929,,
2629.8,1935.14,1945.43,1933.36,1966,2001.21,1572.86,1873,1788.29,1868.64,1198.43,1153.36,1927.07,960.357,902.071,903.071,1311.14,1357.21,1381.43,220.214,217.5,222.714,306.714,298.929,294.929,211.786,222.5,233.143,,
2631.16,1949.36,1959,1936.14,1965.64,1998.57,1579,1858.29,1780.64,1851.07,1192.43,1144.07,1938.64,952.286,891.5,902.929,1323.79,1361.57,1381.43,216.643,216.143,221.929,311.214,300.714,292.214,207.786,219.714,224.429,,
2632.52,1935.64,1939.14,1937.29,1961.71,1986.36,1553.21,1878.21,1785.57,1864.79,1193.21,1143.14,1937.21,960.857,894.357,897.714,1306.57,1371.86,1392.29,219.429,213.786,214.643,309.571,295.071,297.143,206.286,218.143,230.357,,
2633.88,1929.79,1948.5,1943.43,1979.93,1992.93,1555.07,1858.36,1786.43,1858.07,1190.36,1132.43,1925.14,957.143,894.143,897,1327.43,1370.29,1392.14,223.857,214.857,220.571,308.214,295.857,297.357,211.571,217.857,230.643,,
2635.24,1941.71,1932.86,1947.86,1985.36,1982,1566.93,1874.64,1782.79,1845.86,1191.29,1150.36,1939.5,958.214,896.214,903.214,1306.79,1365,1379.5,219.643,213.857,219.071,311.357,294.5,295.357,206.5,220,231.429,,
2636.6,1938.93,1944.07,1946.29,1985.5,2008,1570.43,1874.14,1788.14,1868.79,1198.79,1137,1936.43,946.143,911.571,903.357,1301.57,1360.5,1389.86,221.571,212.929,222.714,309.429,301.286,289,211.929,222.5,230.429,,
2637.96,1938.07,1946.14,1927.79,1979.64,2006.07,1567.5,1866.86,1791,1858.43,1196.36,1145.36,1926.5,961.143,908.643,909,1305.21,1369.64,1390.36,225.714,215.214,213.571,311,299.429,293.357,208.929,221.929,229.143,,
2639.32,1938.29,1952.79,1945.64,1992.64,2006.21,1569.21,1880.64,1792.14,1862,1198,1148.86,1942.64,962.714,911,915.286,1321.71,1366.86,1404,222.357,218.143,219.571,310.643,296.143,293.286,208.929,221.143,231.857,,
2640.68,1935.64,1969.71,1933.93,1965.79,2003.29,1575.29,1868.71,1807.43,1883.36,1190.43,1151.5,1919.86,963,903,900.5,1321.14,1373.86,1391,220.643,214.643,219.786,304.714,295.643,299.5,210.571,219.857,232.143,,
2642.04,1944.86,1965.14,1940.36,1997.64,2012.79,1582.93,1864.79,1793.79,1875.64,1202.43,1151.79,1939.14,971.643,911.429,915.143,1332.29,1369.43,1388.36,224.857,213.143,219.429,305.5,301,295.786,216.643,220.571,228.5,,
2643.4,1960.57,1965.93,1935.57,1981.79,2002.43,1572.07,1884.57,1811.29,1875.29,1192.79,1158.07,1929.5,970.357,909.786,906.357,1298.29,1371.64,1404,225.786,215.643,221.071,308.714,297.5,294.857,212.429,225,229.5,,
2644.76,1943.29,1954.07,1943.5,1977.43,2006.14,1575.86,1881.43,1796.43,1867.36,1194.29,1153.14,1937.14,965.786,906.786,917.786,1335.79,1376.07,1400.57,218.571,213.357,219,305.714,300.286,296.214,206.571,219.214,231.429,,
2646.12,1961.64,1977.29,1954.71,1987.29,2012.43,1573.43,1865.93,1798.71,1868.21,1206.71,1153.86,1935.29,966.357,911.143,910.714,1323.21,1372.21,1404.57,224.571,217.071,217.143,306.643,301.286,295.214,213.214,221,232.5,,
2647.47,1955.64,1954.36,1944.86,1983.29,2021.29,1582.29,1885.29,1797.07,1879.5,1212.57,1150.29,1948.43,968.286,912.857,922.571,1338.64,1357.5,1414.64,224.214,211.929,216,310.071,297.429,301.929,210.5,221.357,232.214,,
2648.83,1952.93,1956.21,1945.29,1986.79,2022.07,1579.57,1889.57,1808.07,1864.86,1203.07,1157.93,1933.71,976.286,916.857,912.929,1332.71,1381.79,1409.14,221.429,216.571,223.714,306.857,300.071,296.357,210,222,235.143,,
2650.19,1954.57,1962,1950.14,1982.64,2015.29,1575.5,1876.21,1812.86,1864.43,1211.43,1164.21,1937.86,959.071,918.929,924.929,1349.21,1386.93,1407.64,223.429,219.071,219.071,311.214,296.571,290.857,207.143,225.071,230.429,,
2651.55,1947.86,1949.29,1954.07,1992.21,2019.71,1583.07,1872.36,1799.71,1875.71,1216.29,1164.14,1936.36,966.571,906.071,929.286,1327.5,1383.79,1407.79,221.357,220.286,217.214,310.571,299.143,296.857,211.714,224.214,230.643,,
2652.9,1957.14,1958.71,1967.93,1990.5,2011.5,1576.71,1879.5,1791.14,1875.29,1219.21,1173.36,1962.07,981.857,919.143,924,1344,1388.79,1415.21,223.357,218.5,220.357,316.786,300.857,296.929,210.929,224.786,230,,
2654.26,1946.07,1960.36,1959.36,1994.93,2019.07,1576.64,1883,1794.07,1875.29,1214.07,1158.07,1956.64,975.714,917.643,932.786,1344.36,1395.07,1409.21,223.286,220.071,216.857,312.786,302.643,300.429,210.786,224.214,235.357,,
2655.62,1961.79,1965.57,1952.36,1994.86,2027.36,1595.71,1884.79,1815.14,1876.5,1211.14,1156.5,1955.29,980.929,923.071,915.071,1341.86,1380.5,1419.93,223.143,215.929,222.643,311.786,302.571,300.786,210.643,226.286,233.643,,
2656.97,1947.93,1983.93,1941.57,1987.43,2013.71,1587.79,1885.71,1800.07,1867.57,1222.43,1172.86,1951,977.357,910.5,929.071,1345.86,1387.43,1410.14,223.571,215.286,223.286,311.643,301.286,293.857,213.5,223.071,238.286,,
2658.33,1955.21,1965.64,1946,1980.93,2027.71,1588.07,1892,1813,1887.86,1217.86,1168.64,1944.71,970.357,909.429,936.5,1336.79,1375.57,1405.07,226.429,219.929,224.5,313.357,296.714,296.786,213.143,223,233.929,,
2659.69,1948.07,1968.29,1949.64,2000.57,2031.64,1597.57,1883.07,1804.5,1877.43,1209.07,1171.57,1951.29,979.429,919.286,926.857,1346.57,1391,1408,222.357,221,224.286,313.429,297.929,299.214,219.429,224.214,230.571,,
2661.04,1966.93,1970.21,1941.14,2003.64,2031,1605.43,1893.14,1807.57,1878.79,1215.29,1172,1959.79,976.643,926.071,921.429,1335.14,1387.07,1421.36,221,220,218.571,318,306.357,295.143,215.071,222.214,238.929,,
2662.4,1957.07,1978.43,1972,1995.79,2022.79,1593.21,1891.71,1798.14,1884.36,1218.93,1158,1952.93,987.571,931.071,935.214,1339.29,1393.21,1421.64,219.286,213,218.714,317.929,299,299.857,216.5,221.214,232.857,,
2663.75,1956.36,1977.14,1942.79,1995.29,2016.21,1598.5,1903.36,1804.07,1890,1212.79,1167.29,1947.07,982.143,924.143,915.5,1342.43,1387.14,1412.79,223.286,215.5,221.286,316.786,303.214,298.143,216.857,221.5,233.429,,
2665.11,1966.14,1985.21,1955.71,2004.07,2029.36,1588.29,1889.14,1804.36,1892.71,1227.36,1159,1951.14,981.857,921.571,939.714,1341,1391.93,1419.71,225.786,214.5,216.786,316.143,299.714,302.571,212.143,221.643,233.714,,
2666.46,1972,1959.29,1959.5,1987.5,2028.64,1595.86,1891.43,1807.21,1886.79,1223.14,1164.29,1945.07,981.643,924,923.214,1338.79,1391.14,1414.21,226.786,222.071,220.929,316.571,300,304.143,214.857,223,236.5,,
2667.81,1955.86,1979.36,1945.21,1989.64,2030.79,1588.57,1887.71,1792.36,1886.21,1216.71,1156.5,1963.64,974.357,930.357,924.643,1335.5,1378.57,1429.86,223.5,219.929,222.429,317.571,299.786,305.786,211.286,222.214,230.571,,
2669.17,1949.93,1983.5,1940.71,1986.79,2030.93,1585.79,1884.14,1807.21,1875.36,1203.36,1149.14,1949.5,980.357,912.429,925.643,1336,1397.36,1429,225.857,217.857,219.214,319,302.429,301.571,213.143,221.5,235.143,,
2670.52,1957.93,1969.93,1935.79,1986.21,2044.71,1576.14,1886.07,1803.43,1887.29,1211.14,1160.86,1952.5,976.786,916.5,920.571,1335.29,1388.14,1407.29,226.143,221.429,221.714,312.929,300.786,300.857,212.429,221.143,237.5,,
2671.88,1958.71,1965.29,1955.93,1992.07,2025.29,1585.93,1877.5,1802,1871.79,1212.57,1159.07,1965.14,979.357,916.214,923.643,1347.57,1375.64,1418.64,224.214,218.714,220.714,317.929,302.643,295.143,211.143,224.929,232.643,,
2673.23,1964.86,1964.36,1973.43,1996.14,2014.36,1587.36,1900.14,1808.21,1877.36,1209.29,1138.93,1949.79,980.786,908.286,918,1341.64,1391.21,1413,224.357,218.357,218.714,311.429,304.143,301.5,211.071,226.214,233.714,,
2674.58,1961.93,1969.29,1959.86,1992.29,2017.43,1595.14,1883.14,1810.5,1880.64,1207.64,1167.07,1939.57,971.286,916,919,1337.93,1387.29,1387.29,222.857,218.857,225.214,314.786,300.143,298.5,218.643,220.429,235,,
2675.94,1972.71,1971.07,1940.79,1981.93,2015.64,1580.36,1888.21,1803.5,1881.64,1211.36,1147.5,1950.21,973.571,912,914.5,1345.57,1389.57,1407.5,225.357,218.429,222.5,314.143,301.071,299.5,214.429,225,229.786,,
2677.29,1948.07,1972.71,1957.64,1997.43,2034.93,1584.93,1879.14,1815.07,1884.57,1210.57,1161.86,1939,962.286,911.5,926.929,1325.21,1394.07,1407.5,222.286,218.357,219.429,314.857,300.643,300.143,211.571,222.714,241.071,,
2678.64,1964.43,1970,1961,1988.93,2020.43,1592.07,1884.79,1811.5,1887.93,1208.93,1147,1969.64,968.714,911.5,912.786,1314.93,1372,1390.93,224,219.071,217.071,314,299.5,295.143,213.714,226.429,234.286,,
2679.99,1955.57,1970.21,1963.79,1988.64,2025.21,1583.5,1899.79,1811.64,1873.79,1207.64,1156.14,1939.5,975.143,904.071,918,1328.36,1386.14,1394.93,221.071,215.714,218.714,315.071,305.214,298,213.143,222.929,232.929,,
2681.35,1951.43,1974.86,1947.21,1988.29,2023.64,1574.71,1892.21,1810.43,1890.21,1197.57,1151.29,1941.29,970.786,903.572,908.429,1314.43,1377.43,1389.5,221.357,214.857,218.643,309.714,298.643,294.643,204.429,220.214,235.071,,
2682.7,1953.86,1965.43,1957.29,1990.14,2011.29,1585,1883.5,1805.79,1878,1184.57,1155.5,1951.57,967.786,904.786,908.286,1330.93,1353.86,1397,218.857,213.714,218.714,307.357,297.786,291.071,212.143,220.929,236.286,,
2684.05,1961.36,1968.07,1955.29,1985.71,2025.64,1585.29,1883.21,1808.21,1882.29,1200.36,1157.29,1940.93,976.214,907.214,908.571,1331.71,1378.07,1392.86,223.286,215.143,219,312.857,302.929,299.571,211.5,216.286,235.929,,
2685.4,1955.14,1973.21,1955.71,1997.21,2019.93,1591,1898.57,1809,1890.14,1214,1155.64,1935,965.571,912.714,910.571,1316.71,1365.21,1388.93,220.071,220.357,217.286,314.357,304.643,299.857,213.643,220.071,235.286,,
2686.75,1950.93,1964.79,1948.86,1991.43,2025.36,1580.79,1884.29,1807.71,1863.79,1200.07,1163.64,1958.86,965.643,918.786,921.071,1332.93,1369.21,1387.71,225.929,219.643,219.143,314.929,305.214,292.857,207.357,225.214,231.857,,
2688.1,1956.36,1949.43,1957.86,1997.71,2014.79,1573.57,1884.93,1801.5,1888.71,1196.93,1151.71,1959.71,968.429,916.786,922.643,1321.57,1376,1388.64,225.143,217.429,220.786,312.357,304,299.786,212.429,224.5,235.643,,
2689.45,1946.64,1962.79,1949,1979.93,2021.29,1578.14,1879.21,1794.29,1873.43,1196.86,1149.43,1923.07,964,906.786,908,1324,1372.86,1393.71,221.643,220.786,222.429,311.429,300.571,304.857,213.214,225,234.429,,
2690.8,1964.43,1968.79,1952.93,1993.79,2025.71,1576.36,1874.86,1805.43,1876.79,1193.93,1147.14,1945.79,958.786,917.5,912.928,1329.29,1383.36,1418.07,221.286,219.214,217.786,312.714,303.571,298.357,211.929,226.143,234.357,,
2692.15,1956,1963.93,1949.07,2001.36,2019.5,1575.36,1880.29,1819.86,1870.93,1196.64,1147,1949.86,965,905.857,913.714,1322.71,1367.93,1389.29,228.571,218.429,218,312.714,297.071,297.571,213.429,220.786,237.214,,
2693.5,1966.21,1965.21,1965.36,2002.71,2039.79,1584.43,1879.93,1803.5,1883.43,1204.71,1139.71,1957.64,965.571,912.428,909.571,1331,1368.36,1389.36,224.5,220.357,218.786,316.857,301.5,296.214,212.143,223.571,231.214,,
2694.85,1968.86,1976.71,1939.86,2008.43,2036.43,1582.43,1903.57,1814.29,1880.14,1193.14,1149.71,1956.71,979.571,902.857,906.857,1313.5,1374.43,1388.79,220.143,217.571,222.643,312.857,300.571,301.071,216.857,223.929,237.786,,
2696.2,1967.93,1965.5,1970.43,1998.43,2043.57,1593.79,1885.07,1824.14,1884.29,1198.21,1147.79,1949.29,976.429,903.357,903.929,1311.14,1360.93,1384.64,223.143,222.143,214.143,311.071,299.786,298.5,209.929,226.143,233.5,,
2697.55,1963.86,1974.64,1963.43,1993.71,2029.64,1591.57,1880.57,1823.21,1895.86,1196.71,1154,1937.86,976.286,909.143,900.5,1309.36,1361,1397.07,225.643,217.214,219.929,310.429,304,297.857,213.071,222,234.071,,
2698.9,1969.86,1981.93,1965.93,2000.36,2028.79,1587.64,1895.43,1813.5,1883.93,1193.93,1145.64,1949.71,979.143,903.643,913.071,1325,1377.71,1400.64,222.857,215.643,224.071,308.214,298.714,301.143,214.429,220.714,238.143,,
2700.25,1976.57,1995.5,1965.14,1994.64,2034.14,1593.21,1902.21,1812.93,1884.07,1209.93,1157.71,1960.93,961.786,910.786,916.286,1318.57,1373.29,1385.57,225.786,219.214,220.071,315.071,295.429,300.857,213.786,222.357,232.071,,
2701.6,1962.29,1989.5,1961.71,2003.79,2007.71,1584.57,1891.14,1829.43,1890.36,1207.36,1146.43,1956.5,965.643,906.857,896.714,1324.36,1368.29,1390.71,220.429,216.929,222.429,317.786,303.786,300,210.143,223.143,239.571,,
2702.95,1972.86,1976.36,1967.86,2013.64,2035.86,1587.43,1911.29,1820.07,1884.71,1214,1159.71,1957.29,971.929,916.929,910.643,1318.07,1387.79,1393.07,226.786,215.571,219.571,310.5,303.071,300.071,214.786,223.571,236.714,,
2704.29,1948.93,1973.29,1978.86,2009.79,2031.36,1590.86,1906.79,1806.93,1892.64,1192.07,1158.14,1959.21,971.714,901.286,924.143,1317.14,1378.29,1395.79,224.214,217.071,217.143,309.5,302.643,297.857,212.357,224.714,233.786,,
2705.64,1978.79,1988.21,1956.79,2001.86,2032.79,1597.21,1899.71,1809.71,1896.43,1198.86,1154.29,1958.5,966.286,911.714,925.857,1324.21,1374.21,1390,222.429,220.643,225.286,312.5,303.643,301.929,209.143,223.5,237.643,,
2706.99,1964.14,1964,1979.29,1999.36,2023.57,1591.57,1893.71,1811,1882.07,1209.64,1149.5,1956.14,977.857,910.929,915.286,1333.79,1366.93,1401.14,226,220.071,222.857,314.429,300.071,294.714,214.071,230.286,233.571,,
2708.34,1958.79,1983.14,1958.21,2002.64,2030.79,1580.71,1901.71,1822.5,1878.21,1198,1160.57,1960,966.786,909.714,914.786,1337.14,1382.71,1388.5,223.857,219.429,219.714,317.714,303.143,299.5,210.571,222.929,233.857,,
2709.68,1961.79,1975.71,1965.79,2006.36,2033.71,1575,1895.36,1803.79,1889,1205.57,1157.79,1956.29,970.357,903.5,922.072,1320,1371.36,1408.43,223.571,219,224.929,314.357,297.714,300.857,214.071,225.286,231.857,,
2711.03,1975.43,1964.29,1968.64,2001.5,2032.57,1596.64,1905.5,1812,1900.43,1219,1145.93,1957.21,975.929,904.786,904.857,1327.43,1382.64,1396.07,223.714,216,219.714,317.786,299.429,298.214,213.714,224.643,238.214,,
2712.38,1964.79,1983.43,1968.07,2002.21,2040,1588.14,1895.36,1821.21,1877.64,1200.5,1159,1974.07,976.571,920.143,911.857,1335.5,1382.21,1408.79,225.5,219.643,219.714,317.214,301,306.357,211.929,224.5,231.143,,
2713.72,1971.93,1981,1970.71,2012.57,2049.79,1601.93,1914.36,1820.21,1887.86,1205.64,1168.93,1962,980.929,918.643,919.071,1338.5,1382.57,1406.43,224.643,219.857,214.643,315.214,304.357,302,215.714,226.071,237.214,,
2715.07,1963.71,1976.93,1959.43,2013.36,2035.14,1611.36,1893.07,1811.29,1892.93,1204.29,1148.36,1961.29,967.786,905.571,920.286,1328.57,1379.21,1402.5,219.429,223.5,224.571,320.214,299.5,299,214.071,222.429,233.143,,
2716.41,1972.64,1991.93,1981.36,2001.36,2044.07,1600.79,1910,1818.43,1890.5,1211.07,1162.21,1956,975.571,913.929,916.929,1331.36,1386.79,1407,225.357,224.643,222.857,313.5,297.286,297.714,214,220,235.571,,
2717.76,1989.07,1991.64,1974.93,2020.21,2049.21,1612.64,1921.71,1831.64,1903.5,1222.36,1163.64,1984.93,981.5,916.071,923.071,1319.64,1376.29,1406.14,222.357,215.714,225.143,311.571,305.5,305.5,217.357,225.857,236.429,,
2719.1,1982.57,1986.14,1967.79,2027.29,2046.21,1595.43,1910.07,1826.86,1910,1197.71,1157.93,1968.43,976.643,925.571,931.286,1334.21,1377.36,1402,228.643,222.429,217.929,314.857,303.643,299.857,212.929,223.5,241.357,,
2720.45,1972.5,1989.71,1962.79,2007,2048.14,1599.29,1896.14,1806.07,1887.79,1211.5,1176.5,1972.21,991.071,919.214,929.786,1328.43,1385.21,1405.14,223.571,221.429,221.857,312.429,305.5,296.786,219.786,222.857,235.214,,
2721.8,1988.5,1991.93,1969.21,2028.64,2038.07,1594.14,1910.29,1819.43,1904,1222.07,1156.57,1971.64,988.429,925.357,928.857,1337.79,1381.14,1410.43,230.929,221.071,221.357,316.429,307.5,305.786,214.071,225.571,238.357,,
2723.14,1986.71,1991.07,1975,2014.64,2025.14,1597.71,1907.93,1825.36,1907.43,1207.36,1180.79,1985.14,988.286,925.929,923.786,1339.21,1386.93,1407.86,223.429,222.786,221.643,315.857,306.429,299.571,213.643,224.5,238.786,,
2724.48,1980,1978.79,1976.29,2007.14,2048.5,1597.64,1918.21,1815.86,1906.93,1215.57,1167.21,1966.79,984.643,922.5,926.643,1329.43,1403.5,1414.43,228.429,219.286,220.357,325.143,307.857,301.714,209.357,221.857,239.643,,
2725.83,1967.5,1994.79,1977.43,2012.21,2030.5,1598.5,1916,1816.86,1910.07,1208.36,1173.14,1970.43,985.572,927.214,928.429,1340.93,1397.64,1418.29,229.643,218.214,223,317.143,302.214,300.429,214.143,227.929,236.071,,
2727.17,1961.07,1987,1960.57,2015.36,2045.5,1609.36,1893.43,1817.64,1892.64,1211.5,1159.21,1978.79,976.857,921.357,925,1338.86,1381.07,1412.86,220.929,216.929,227.214,318.571,309.214,306.071,219,225.071,236.071,,
2728.52,1984.86,1997.79,1980.14,2026.64,2040.5,1598,1902.71,1826.93,1903.14,1219.57,1167.79,1966.36,995.357,917.643,921.786,1347.93,1402.86,1428,224.929,220.714,228.429,321,310.071,307.357,217.286,227.429,238.571,,
2729.86,1985.86,1990.29,1972.36,2017.64,2041.79,1603.64,1913.5,1839.57,1889.29,1218.21,1162.93,1976.36,994.857,924.143,930.786,1344.5,1400.57,1421,229.929,224.643,225.286,319.643,306.071,300.857,213.857,226.714,234.5,,
2731.2,1983.14,1997.36,1980.5,2016,2050.79,1607.5,1918.5,1828.57,1898.29,1216.21,1164.93,1974,988.5,931.286,923.357,1324.93,1385.71,1398.07,230.357,223.643,226.714,321.571,304.643,303.214,214.714,224.571,237.571,,
2732.54,1987.14,1989.86,1985.14,2022.71,2058.29,1608.71,1915.79,1830.29,1918.57,1228.79,1169.71,1983.71,987.357,926.786,934.429,1339.14,1376.29,1409.36,228.643,229.714,226.429,313,304.5,299.929,217.214,228,242.429,,
2733.89,1989.79,2012.79,1971.07,2028.93,2038.64,1604.93,1917.71,1840.79,1914.71,1228.79,1177.14,1983.5,977.429,919.429,936.571,1344.71,1397.07,1414.57,223.786,223.643,226.5,320.929,301.214,302.929,217.714,230.214,236.357,,
2735.23,1987.36,2003.21,1966.93,2033.5,2064.07,1608.21,1922.29,1850.57,1900.5,1220,1171.29,1981.57,986.5,927.643,920.786,1347.79,1400.21,1427.5,224.357,223.214,227.214,317.714,310.571,299.214,219.786,229.5,240.214,,
2736.57,1985.57,2000.64,1977.07,2023.5,2057.5,1615.86,1919,1848.79,1906.57,1225,1176.36,1990.79,998.929,930.143,921.143,1344.36,1397.57,1405.14,225.786,217.071,226.214,315.929,310.5,307.143,218.071,227.357,235.786,,
2737.92,2006.43,2007.86,1994.71,2030.29,2055,1610.07,1921.79,1841.21,1921.36,1219.29,1183.36,1983.21,996.714,936,931.357,1349.14,1388,1403.29,227.643,221.286,224.857,318.286,305.357,301.786,225.071,232.286,239.857,,
2739.26,1985.07,1999,1970.29,2026,2049.79,1609,1922.14,1840.79,1898.79,1216.29,1179.5,1992.29,983.143,924.286,924.714,1344.93,1397.79,1418,222.929,220.571,223.071,322.571,306.929,298.857,219.5,228.571,234.429,,
2740.6,1984.43,1986,1984,2018.93,2060.57,1612.93,1918.14,1834.29,1921.21,1220.79,1166.21,1978,989.357,925.429,923.786,1339.07,1394.71,1429.14,224.286,227.286,221.286,319.214,312.143,304.571,218.357,225.786,238.643,,
2741.94,1989.64,2008.5,1988.36,2032.43,2055.43,1608.64,1923.71,1837.29,1906.07,1227.14,1180.57,1974.43,989.143,932.214,934.786,1337.71,1401.07,1410,226.071,222.071,221.286,324.214,307.929,305.929,216.786,226.786,237.071,,
2743.28,1993.5,1992.5,1989.79,2027.86,2062.07,1605.79,1911.93,1839.93,1903,1241,1163.43,1984.93,988.071,926.786,932.571,1347.57,1400.36,1422,227.143,221.857,219.214,323.571,304.643,306,215.214,227.143,238.214,,
2744.62,2009.29,2013.43,1987.43,2024.57,2069,1610.5,1914.29,1845,1915.64,1226.29,1173.29,1979.93,985.357,931.571,929,1334.43,1395.21,1410.5,232.857,225.714,224.786,317.571,311.929,308.071,224.214,229.714,242.714,,
2745.96,2005,2012.57,1980.86,2020.36,2053.5,1604.21,1924.86,1833.14,1921.79,1216.71,1171.57,1979.86,986.643,929.643,929.286,1340.79,1392.29,1411.36,225.714,215.071,229.143,320.714,308.071,310.571,216.571,225.571,240.429,,
2747.3,1998.86,1992.36,1980.64,2029.21,2065.71,1613,1921.29,1840.07,1920.29,1226.14,1167.86,1990.07,998.929,924.643,922.071,1341.43,1409.14,1422.57,228.857,223,222,317.214,308.571,298.643,220.714,226.571,242.357,,
2748.64,1993.86,1992.71,1992.07,2034.57,2065.36,1609.57,1923.93,1832.5,1908.29,1221.36,1181.71,1969.93,1000.29,909.071,940.429,1345.93,1407.93,1429.07,227.071,221.786,223,316,306.857,306.5,217.857,226,237,,
2749.98,1986.57,2006.64,2000.5,2029.29,2060.14,1606.64,1935.29,1850.5,1923.07,1227.21,1170.5,1989.5,998.357,930.714,928.429,1347.5,1412.64,1419.29,227.714,223.5,220.786,319.929,312.286,300.357,217.143,228.571,241.071,,
2751.32,2002.43,2001.86,1984.79,2039.07,2058.79,1621.29,1919,1837.93,1927.21,1225.21,1175.14,1996.86,989.286,927.5,936.143,1363.93,1397.43,1431.64,229.214,223.071,228.571,321.571,312.714,303.929,221.214,229.071,242.929,,
2752.66,2007.07,2004.21,1996.36,2043.71,2053.86,1613.5,1923.71,1839.79,1926.71,1215.36,1180.29,1987.07,991.857,934,928.214,1351.36,1395.79,1427.29,232.286,225.786,223.786,316.786,305.929,308.643,219.571,226.5,239.643,,
2754,2008.86,2009.29,1984.93,2038.29,2059.36,1625.29,1928.36,1840.86,1932.21,1219.21,1169.93,1989.93,987.571,926.214,939.429,1333.14,1401.43,1427.07,231.929,228.214,224.214,316.143,308.857,306.286,219.214,233.857,242.5,,
2755.34,1994.71,1998.36,1998.64,2055.14,2068.07,1618.71,1926.79,1849.79,1923.79,1232.86,1163,1999.79,984.429,935.857,934.357,1343.36,1404.36,1421.5,233.143,223.857,223.571,314.857,303.929,299.643,216.714,230.857,235.786,,
2756.68,2003.93,2020.5,1997.14,2038.21,2060.43,1622.43,1913.07,1851.64,1921.07,1232.86,1187,1979.57,996.357,935.571,931.929,1348.21,1387.79,1424.79,226.857,222.214,226.643,320.286,307,309.357,220.786,226.714,245.429,,
2758.02,2008.57,2012.79,1991.14,2041.64,2081.5,1610,1928.64,1855.07,1913,1229.64,1173.71,2004.93,994.071,936.571,943.143,1356.14,1394,1421.43,228.214,221.786,225.714,318,306.714,302.429,216.143,229.571,241.071,,
2759.36,2008.14,2014.86,2003.21,2022.93,2072.86,1617.29,1935.64,1836,1917.29,1233,1179.93,2008.93,980.643,938.714,936.357,1341,1394.36,1417.79,228.357,222.214,222.571,321.857,304.857,309.5,218.214,228.357,238.143,,
2760.69,2014.71,2006.29,1998.57,2044.79,2056.64,1627.79,1921,1851.07,1929.57,1239.5,1183.57,2003.21,994.714,929.429,944.143,1345.86,1397.21,1426.5,227.786,222.5,225.929,315.571,308.643,305.5,218.143,232,236.643,,
2762.03,2004.43,2024.14,1993.93,2060.43,2065.79,1609.57,1931.64,1848.21,1906.36,1226.79,1185.79,2011,1002.07,931,949.5,1350.71,1416.5,1425,227,220.5,220.714,323.071,311.429,314.071,218.857,229.5,239.286,,
2763.37,2017.57,2021.07,1999.93,2043.21,2085.14,1621.29,1927.57,1834.43,1924.71,1237.43,1175.5,1993.36,1014.21,936.643,938.143,1346.71,1407.43,1422,232.643,227.857,228.357,319.571,308.643,307.571,214.071,229.786,243.5,,
2764.71,2000.36,2017.93,1997.29,2031.57,2083.14,1622.5,1932.71,1851.57,1927.21,1233.86,1174.93,1992.79,1003,935.929,949.5,1359.86,1416.29,1433.64,231.286,226.214,225.214,327.5,309.643,308.929,218.857,228.714,240.5,,
2766.04,2009.79,2010,1997,2036.29,2068,1613.64,1931.79,1841.86,1928.64,1228.14,1181.86,1998.71,1002.14,934.5,939.143,1359.86,1417.14,1438.29,228.214,224.143,220.571,331.143,307.643,307.071,217.643,228.214,243.143,,
2767.38,2016.86,2016.5,2003.36,2037.5,2068.43,1625.57,1926.36,1848.07,1920.21,1238.86,1184.93,2006,997.929,936.571,943.786,1359.93,1420.64,1433,229.786,224.357,225.286,322,305.143,313.286,213.571,233.643,244.357,,
2768.72,2012.71,2018.29,1990,2042.21,2072.64,1618.93,1940.07,1865.5,1926.14,1233.14,1183.93,2004.43,995.643,943.286,951.071,1360.29,1415.57,1423.29,227.071,230.071,227.214,327.643,315.5,309.857,217.929,226.071,241.5,,
2770.05,2004.86,2016.57,1995.5,2035.5,2086.5,1632.43,1936.21,1849.71,1938.29,1250.71,1176.71,2006.86,1005.57,943.714,947.286,1359.93,1404.71,1443.86,234.286,227.643,229.643,322.357,312.143,305.357,219.857,231.929,245,,
2771.39,2022.21,2026.5,2016.79,2033.43,2082.36,1623.43,1931.79,1857.14,1948.29,1235.57,1198.71,2000.64,1005.14,934.643,944.5,1374.43,1403,1437,229.929,223.714,223.143,318.786,315.143,308.786,217.357,231,241.929,,
2772.72,2022.21,2023.21,2000.86,2043.36,2088,1637.21,1936.79,1850.93,1942.93,1242.07,1182.93,2010.79,1004.07,941.429,953.857,1362,1406.71,1432.86,230.643,222.5,230.214,322.857,314.214,304.5,225.143,230.286,240.143,,
2774.06,2026.14,2019.93,2006.36,2052.57,2079.79,1631.14,1925.93,1870.86,1917.64,1240.86,1186.5,2010.57,1001.57,931.071,950.643,1358.64,1421.5,1442.07,229.429,224.786,226.143,321.143,308.857,301.714,219,232.357,246.857,,
2775.4,2015.86,2027,2011.57,2057.86,2100.86,1639.57,1938.93,1872.71,1952.57,1242.71,1184.57,2013.93,1003.43,935.5,956.786,1361.86,1410.07,1433.43,225.857,227.786,223.714,322.929,310.357,299.071,220.286,233.286,242.857,,
2776.73,2009.93,2025.57,2020,2043.5,2093.14,1616.57,1950.14,1870.43,1947.21,1233.71,1187,2021.36,1009.36,943.857,944.929,1363.5,1405.5,1434,232.286,226.857,230,321.929,308,307.143,223,236.357,244.714,,
2778.07,2018.29,2036.57,2016.79,2059.21,2082.79,1631.29,1941.79,1874.43,1926.71,1247.5,1173.57,2023.93,1014.93,934.643,951.5,1361.86,1423,1434.57,230,220.643,232.571,325.429,308.214,316.071,222.643,231.286,242.571,,
2779.4,2021.64,2036.21,2018.57,2053.21,2095.43,1643.57,1938.07,1870.36,1945.29,1249.36,1197.43,2015.14,1006.43,947.929,945.786,1371.21,1415.57,1445.29,233.143,232,229.143,318.571,314.143,309.571,224.286,232.929,241.143,,
2780.74,2031.21,2023.64,2012,2048.14,2100.93,1635.43,1952,1859.14,1942.07,1252.79,1189.64,2020.57,1012.43,950.143,955.929,1373.07,1413.5,1436.29,233.786,223.929,224.929,329.357,315.143,309.071,217.143,228.286,245.357,,
2782.07,2023.07,2034.5,2016.93,2056.14,2087.93,1632.5,1966.07,1856.79,1949.5,1251.71,1205.79,2020.43,1000.29,956.214,956.643,1370.64,1423.79,1464.79,233.286,229.286,227.286,322.286,318.643,305.571,222,230.857,248.143,,
2783.4,2037.64,2039,2023.36,2069.86,2084.36,1639.21,1946.07,1868.43,1947.86,1255.57,1198.57,2021.29,1023.93,957.071,952.5,1368.86,1429.29,1453.93,231.857,226.714,228.143,327.929,318.071,305.5,220.143,230.786,242.214,,
2784.74,2030.43,2039.64,2015,2061.14,2108,1652.86,1959.36,1874.86,1941.07,1251.07,1200.14,2024.36,1009.29,955.571,963.214,1378.07,1428.64,1454.14,232.857,223.786,227.429,332.286,315,307.643,228.929,231.714,238.357,,
2786.07,2031.07,2037.29,2024.5,2058.07,2097.64,1635.71,1941.43,1870.36,1955.43,1258.29,1197.14,2024.64,1028.71,951.714,954.286,1378.93,1436.71,1449.21,235,229.143,226,325.5,314.429,313.143,224.357,231.786,246.071,,
2787.4,2020.21,2043.29,2011.21,2062.93,2087.86,1640.57,1968.5,1872.79,1950.36,1245.64,1210.43,2029.71,1027.86,952.071,964.286,1388.93,1423.71,1457.5,239.786,230.214,229.643,333.286,316.857,312.214,224.071,237.214,246.714,,
2788.74,2028.79,2057.14,2011.64,2055.57,2092.79,1649.29,1937.93,1872,1934.79,1242.36,1191.5,2011.07,1015.79,935.714,959,1377.43,1423.93,1455.29,230.143,229.5,233.571,325,314.143,312.929,225.214,230,244.571,,
2790.07,2042.93,2036,2026.14,2079.93,2124.71,1647.79,1950.79,1875.21,1948.5,1249.79,1210.93,2036,1023.93,953.571,965.286,1370.36,1437.07,1448.86,234.357,230.5,226.071,328.286,312,308.143,224,233.571,248.286,,
2791.4,2024.36,2037.43,2018.86,2074.14,2098,1642.36,1969.14,1872.71,1960.93,1251,1205.5,2024,1003.36,946.286,957.714,1381.71,1434,1453.21,233.714,225.571,229.786,329.929,316.714,307.857,226.286,241.214,247.357,,
2792.74,2045.21,2048,2043.5,2079.14,2115,1662.64,1961.5,1888.71,1947.5,1248.79,1203.86,2039.07,1015.21,972.929,956.286,1374.21,1430.86,1455.5,232.214,226.5,233.786,323.214,311.143,312.357,222.071,233.786,248.071,,
2794.07,2034,2054.21,2024.14,2063.5,2107.86,1652.79,1957.93,1880.36,1965.86,1263.79,1194,2031.14,1022.64,961.5,965,1388.14,1434.79,1458.29,233.714,222.571,230.143,330.071,318.143,312.5,222.357,230.429,250.929,,
2795.4,2047.93,2063.14,2025.21,2088.86,2106.86,1646.14,1977.43,1872.57,1973.71,1260.57,1219.29,2047.21,1024.93,966.857,965.571,1380.64,1436.36,1449.07,236,228.857,230.786,330.786,313.357,311.571,226.643,234,247.071,,
2796.73,2026.64,2056.14,2039.57,2088.64,2101.79,1664.86,1961.21,1877.64,1954.71,1267.07,1211,2050.29,1035,961.357,961.643,1377.36,1430.57,1456.64,237.786,227.857,233.643,324.071,315.286,315.286,225.786,235.571,251.5,,
2798.06,2035.57,2063.86,2034.86,2091.29,2103.71,1649.07,1971.21,1892.29,1960.43,1272.93,1208.79,2050.43,1033.21,964.786,969.5,1393,1441.64,1462.07,230.357,223.286,230.429,330.929,315.929,315.143,225.214,233.5,247.143,,
2799.39,2063.21,2046.64,2026.79,2085,2097.43,1661.36,1977.14,1889.57,1965.29,1268.86,1219.64,2047.64,1027.07,963.643,971.357,1382.21,1441.5,1461.36,233.857,228.929,226.571,332,320.5,309.786,224.357,237,247.071,,
2800.72,2049.86,2053.57,2031.36,2094.86,2121.29,1657,1969.29,1886.43,1963.36,1273.64,1211.14,2059.71,1025.14,957.857,966.786,1382.79,1446,1459.79,235.071,228.571,227.857,337.071,322,320.357,226,235.786,253.214,,
2802.06,2036.86,2053.43,2052.93,2077.57,2114.21,1660.07,1971.71,1879.5,1980.29,1269.07,1220.07,2049.14,1020.71,967.571,979.429,1397.86,1439.93,1482.14,233.929,229.214,236.071,327.357,313.714,314.071,223.643,233.857,244.929,,
2803.39,2059.57,2050.43,2042.57,2089.07,2123.36,1674.79,1975.14,1896.14,1980.86,1271.07,1220.79,2060,1025.71,971.071,969,1387.5,1456.71,1477.71,236.357,229.357,235.357,331.786,316.5,322.071,227.857,237.714,248.071,,
2804.72,2061.36,2064.5,2025.64,2091.21,2123.07,1670.29,1970.93,1899.36,1955.64,1271.5,1223.86,2040.93,1037.79,974,977.929,1394.5,1453.86,1471.5,238.857,231.929,231.5,331.071,319.643,316.929,227.071,242.286,250.714,,
2806.05,2063.29,2049.29,2039,2093.5,2115.21,1670.93,1983.14,1889.36,1966,1273,1208.29,2048.86,1026.14,976.643,977.714,1394,1448.21,1469.86,239.357,231.357,239.857,334,317.286,321.5,222.571,236.5,246.214,,
2807.38,2067.93,2052.07,2038.14,2083.43,2128.64,1663.79,1975.64,1913.29,1981.93,1276.57,1215.14,2057.79,1028.71,975,973.714,1407.07,1452.93,1486,230.786,233,234.786,337.5,317.929,312.5,222.786,235.571,251.786,,
2808.71,2061.64,2070.79,2057,2089.93,2129.64,1665.14,1973.07,1895.43,1972.36,1272.57,1212.86,2055.57,1035.07,967.929,981.5,1392.29,1455.07,1475.86,238.857,231.786,231.786,329.714,313.857,320.714,228.286,233.786,253.071,,
2810.03,2058.5,2070.64,2053.07,2112,2129.86,1671.29,1987.64,1895.64,1964.14,1280.93,1222.57,2071.29,1031.93,975.857,981.214,1398.14,1453.5,1469.86,238.143,230.643,236.214,331,322.5,320.857,224.286,241.714,244.286,,
2811.36,2071.79,2065.21,2046.29,2097.21,2119.64,1681.57,1978,1905.29,1981.79,1281.36,1216.21,2065.64,1031.57,979.357,973,1407.93,1457.5,1475.86,230.714,232.643,235.286,329.857,319,317.429,230.5,234.929,250.929,,
2812.69,2077.5,2073.36,2056.36,2096.07,2137.21,1673.79,1998.79,1913.79,1982.43,1275.79,1227.43,2058.5,1036.21,981.5,984.786,1410.71,1453.14,1483.29,237.643,227.786,235.643,334.214,323.5,315.643,230.357,236.357,248.143,,
2814.02,2067.79,2089.14,2076.64,2099.57,2148.79,1681,1990.43,1909.64,1984.14,1284.43,1226.71,2069,1033.64,989.357,993.929,1418.36,1453.14,1492.79,237.643,231.214,232.429,335.143,324.357,316.643,230.643,239.214,252.429,,
2815.35,2070.93,2085.43,2054.79,2113.93,2145,1674.86,2004.79,1913.71,1980.07,1291.14,1231.07,2079.86,1046.14,972.714,984.929,1413.64,1462,1472.93,236.929,231.857,236.357,338.786,321.143,324.286,228.357,241.929,250.571,,
2816.68,2082.07,2095.64,2073.21,2121.71,2146.79,1677.5,2003.14,1913.86,1977.86,1290.86,1234.36,2073.93,1047.21,985.143,987.214,1401.5,1456.86,1486.64,242.857,229.071,230.929,336.357,321,322.071,234.571,237.643,249.143,,
2818.01,2079.07,2098.21,2078.43,2113.21,2146.86,1684.07,1997,1914.21,1982.14,1285.93,1233.57,2097.43,1038.93,991,984.429,1416.71,1464.86,1484.93,236.571,232.857,235.286,339.214,324.357,319.929,226.071,235.929,246,,
2819.33,2086.93,2086,2067,2102.57,2138.86,1678.14,1991.07,1923.14,1997.5,1305.21,1246.71,2081.79,1055.43,984.5,993.429,1416.64,1462.93,1487.43,235.929,233.357,233.143,335.071,324.5,318.214,229.143,241.071,252.357,,
2820.66,2089.57,2099.21,2055.5,2110.71,2136.57,1689.29,1997.5,1918.29,2000,1291.07,1247.43,2091.21,1054.36,987.643,989.214,1401.29,1474,1487.86,242.5,238.143,236.286,336.643,324.571,320.071,232.429,238.071,253.143,,
2821.99,2076.36,2081.93,2076.21,2114.43,2128,1688.79,2003.71,1920.21,1997.14,1293,1249.79,2094.36,1059.14,996.929,999.929,1422.07,1476.07,1499.36,238.571,232.143,234.143,330.714,323,320.143,230.214,238.786,249.143,,
2823.32,2077,2080.79,2071.14,2123.43,2149.07,1684.07,2002.57,1908.93,1990.79,1296.07,1242.29,2111.57,1049.93,989.286,983.429,1421.36,1474.86,1503.71,245.929,233.643,232.143,339.643,323.071,321.714,225.071,238.429,255.857,,
2824.64,2081.57,2086.64,2060.93,2113.86,2147.14,1683.36,2008.36,1915.43,1984.36,1290.93,1233.71,2101.64,1057.57,990.786,996.786,1423.86,1476.71,1502.57,240.786,237.5,238.214,337.214,320.643,328.571,234.643,242.071,251.143,,
2825.97,2084.79,2076.14,2073.5,2115.21,2149.57,1681.64,2022.43,1920.79,2002.93,1296.57,1253.64,2093.21,1057.86,999.714,1001.79,1423.36,1478.29,1505.36,239.857,236.571,236.286,338.143,324.429,322.286,229.571,237.357,252.786,,
2827.3,2077.5,2108.29,2081.79,2133,2144.5,1678.93,2004.71,1930.21,2008.36,1303.14,1241.86,2092.43,1063.43,985.5,994.214,1428.07,1486.57,1529.86,240.929,231.571,232.857,343.286,326,325.643,229.214,241.143,252.5,,
2828.62,2093.71,2104.71,2078.64,2127.43,2173.21,1697.5,2027.29,1931.36,1995.14,1309.57,1243.93,2110.43,1062.93,1000.5,1014.79,1433.36,1480.21,1509,240.714,231.786,237.571,338.714,324.571,319.357,231.214,243.857,254.929,,
2829.95,2088.71,2099.36,2088.21,2122.43,2157.71,1699.21,2016.79,1927.43,2014.36,1314,1257.36,2114,1066,999.286,999.286,1420.86,1489.36,1506.43,242.214,232.5,238.5,340.214,332.643,323.429,226.5,241.357,257.5,,
2831.27,2091.86,2085.57,2096.07,2141.29,2169.64,1698.57,2016.64,1939.21,2010.86,1320.86,1265.07,2106.57,1078.36,1005.93,1012.43,1433.43,1491.36,1515,238.929,235.143,238.643,338.214,322.714,322.571,231.357,245.071,260.214,,
2832.6,2099.5,2103.07,2103.79,2143.93,2186.36,1706.07,2032.57,1934,2019.14,1312.93,1264.64,2116,1078.86,1006.57,1020.57,1435.86,1501.36,1515.21,241.214,238.929,236.214,340.571,324.357,319.143,233.857,239.857,253.786,,
2833.92,2106.57,2115.86,2092.29,2147.14,2167.07,1699.07,2042.71,1943.21,2021.14,1313.43,1271.07,2110.5,1073.93,1007.57,1014.29,1428.07,1492.5,1519.5,241.214,235.643,240.357,336.786,328.5,329.643,232.071,242.357,253.643,,
2835.25,2105.86,2114.71,2079.29,2151,2176.79,1711.57,2025.57,1942.57,2023.36,1319.07,1264.79,2124.14,1086.14,1010.29,1017.79,1449.93,1504.36,1512.5,244.214,233.5,235.071,346.214,327.214,323.357,232.214,243,256.143,,
2836.57,2118.43,2130.5,2102.71,2153.36,2181.36,1707.36,2027.86,1958.57,2026.93,1326.21,1274.93,2147.29,1088.36,1008.43,1025.86,1446.43,1502.64,1524,244.214,237.571,236.5,340.786,324.786,321.929,237.429,248,253.143,,
2837.9,2112.64,2117.36,2101.5,2156.86,2192.93,1727,2028.21,1950.07,2016.43,1334.29,1288.36,2136.43,1079.64,1014.64,1025.14,1455.21,1502.07,1534.36,245.643,234.5,238.143,340.643,332.286,326.929,229.286,244,258.429,,
2839.22,2121.86,2116,2103.5,2160.71,2180.14,1707.5,2025.07,1944.5,2021.07,1341.5,1290.36,2148.64,1088.07,1014.57,1020.5,1454.86,1515.64,1547.86,244.5,234.571,238.929,341.143,329.714,326.214,233.786,247,257.429,,
2840.55,2109.93,2127.57,2109.36,2147.64,2199,1728.43,2039,1961.21,2029,1334.36,1291.21,2157.93,1096.36,1035.29,1025.64,1456.86,1522.43,1533.29,245.214,238.429,235.786,347.143,333,330.714,231.143,247,261,,
2841.87,2128.36,2116,2117.21,2146,2200.79,1723.07,2031.21,1960.29,2018.64,1349,1299.29,2156.14,1102.5,1033.86,1044.14,1473.29,1519.93,1554.14,246.714,241.786,239.643,348.571,330.786,332.429,229,246.571,261.714,,
2843.19,2128.36,2120,2120.14,2164,2218.71,1718.93,2042.29,1945.86,2040.36,1350.43,1306.36,2174.64,1104.21,1035.64,1053.86,1478.07,1540.86,1550,241.929,236.429,246.571,345.429,332.5,327.857,233.5,246,262.5,,
2844.52,2136.71,2122.79,2105.79,2164.43,2194.64,1734.93,2047.5,1964.36,2041.14,1358.5,1305.07,2169.14,1115.5,1045.64,1051.64,1474.36,1543.21,1547.5,245.5,237.286,240.429,342.143,327.429,337.643,236.357,242.357,257.5,,
2845.84,2115,2122.79,2109.21,2156.14,2210.21,1736.29,2055.5,1944.64,2047.86,1380.29,1324.43,2182.14,1124.64,1040.5,1060,1479.36,1541.64,1571.79,240.786,238.643,236.714,341.5,330.929,328.286,233.786,248.929,258.786,,
2847.16,2141.71,2136.5,2101.07,2188.57,2214.5,1750.64,2053.86,1956.64,2044.36,1376.86,1328.86,2175.93,1119.86,1054.21,1064,1488.36,1553.43,1572.86,243.071,240.643,240.143,346.929,333.714,324,234.929,242.929,262.571,,
2848.48,2140.93,2119.93,2106,2166.21,2213.36,1745.43,2059.71,1967.71,2042.5,1381,1320.79,2168.5,1130.36,1062.43,1056.71,1479,1547.14,1570.79,253.214,244.071,243.714,350,335.571,326.714,237.357,247.357,264.571,,
2849.81,2140.93,2144.79,2113.36,2196.5,2215.36,1753.64,2054.64,1965.5,2049.5,1385.5,1332.07,2174.29,1133.64,1052.5,1052.64,1476.79,1558.86,1581.21,245.5,241.357,245.929,351.857,333.357,333.214,236.786,250.071,257.357,,
2851.13,2142.43,2142.79,2125.21,2190.79,2235.71,1750.71,2062.36,1950.79,2046.5,1393.57,1342.21,2175.21,1126.71,1064.43,1064.93,1496.86,1553.43,1587.36,247.786,237.857,241.429,347.5,331.5,332.571,237.143,241.857,260.143,,
2852.45,2131.07,2149.86,2135.71,2196.43,2234.5,1751.5,2052.36,1973.64,2062.07,1393.5,1337.36,2191.57,1145.14,1064.29,1073.07,1497.43,1570.93,1584.71,247.571,243.5,245.5,349.857,332.214,329.857,239.357,247.714,259.643,,
2853.77,2144.57,2134.93,2130.29,2205.79,2230.86,1753.43,2064.93,1986.07,2058.21,1396.5,1335.93,2193.93,1143.5,1076,1069.36,1498.36,1562.29,1581.36,244.429,243.357,242.571,351.286,337.786,333.714,241.714,243.357,262.214,,
2855.09,2164.5,2157.64,2149.71,2204.21,2246.64,1757.93,2066.43,1981.79,2072.5,1404.5,1346.29,2195.93,1147.79,1072.64,1085.79,1507.14,1575.5,1597.14,243.071,239.357,245.571,351.357,337.929,328.286,237.571,245.643,261.643,,
2856.42,2150.07,2167.5,2145.71,2206.21,2238.71,1764.21,2060.43,1981,2064.36,1398.57,1346.29,2182.36,1138.29,1073.93,1087,1503.21,1558.64,1595.64,248.714,237.571,241.071,352.5,336.857,333.929,240.429,252.714,263.929,,
2857.74,2152.57,2138.5,2133.86,2198.21,2250.29,1762.29,2082.29,1986.79,2057.79,1399,1338.71,2204.36,1153.93,1071.36,1081.36,1511.07,1575,1602,253.214,242.214,250.286,351,335.286,326.786,238.429,248.071,263.143,,
2859.06,2153.57,2161.07,2141,2205.07,2240.64,1760.79,2084.93,1983.93,2063.57,1415.21,1350.57,2207.57,1154.79,1085.71,1083.21,1522.5,1582.36,1609.07,249.357,238.571,242.929,354.714,343.071,333.286,240.714,248.357,265.5,,
2860.38,2152.14,2148.64,2136.93,2188.07,2245.07,1759.21,2061.07,1976.64,2076.71,1407.93,1346.79,2202.5,1157.07,1078.57,1074.14,1516.36,1588.29,1606.79,249.929,246.286,245.714,352.143,339.429,333.286,238.643,252,262.857,,
2861.7,2153.71,2159.71,2141.14,2205.21,2236.43,1761.5,2066.21,1991.5,2060,1411.5,1354,2213.43,1171.79,1077.93,1098.14,1518.64,1586.71,1605.43,250.929,246.5,248.143,346.214,335.714,340.071,238.714,250.857,266.714,,
2863.02,2165,2158.21,2147.36,2204.43,2254.71,1771.5,2081.21,1984.07,2076.21,1426,1372.86,2200.86,1167.5,1099.14,1086.71,1523.5,1591.43,1615.29,249.286,242.714,247.786,354.643,330.857,340.929,243.857,252.571,263.5,,
2864.34,2162.64,2162.86,2155.07,2220.07,2237.79,1753.71,2080.29,1992.43,2064.86,1429.57,1369,2217.93,1172.43,1085.14,1093.93,1532.29,1604.71,1623,251.571,241.286,242.571,354.571,348.857,342.286,240.786,253.571,267.714,,
2865.66,2162.71,2169.57,2161.5,2212.36,2239.07,1772.57,2075.71,1983.64,2074.5,1428.71,1375.64,2226.93,1178.71,1100.71,1109.21,1535.93,1602.36,1624.71,251.857,240.286,244.929,354.643,338.714,343,243.5,258.5,267.214,,
2866.98,2183.43,2177.5,2166.57,2208.21,2256.5,1767.5,2077.14,2006.29,2074.79,1438.86,1380.64,2232.5,1177.93,1098.79,1105.07,1551.21,1616.36,1641.5,253.071,240.857,248.714,353.857,337.786,340,246.071,250.857,260.429,,
2868.3,2177.07,2188.14,2168.93,2218.79,2261.36,1792.5,2072.57,2004.86,2076.93,1452.5,1382.5,2234.36,1179.71,1114.57,1108.14,1546.93,1632.79,1637.29,246.714,244.929,240.5,353.214,340.071,338.357,245.071,251.143,263.929,,
2869.61,2179.86,2178.79,2170.29,2231.86,2281.07,1798.07,2095,2015.14,2087,1463.21,1389.93,2254.93,1198.79,1122,1125.71,1553.29,1623.43,1658.14,252.929,245.571,244.429,355.857,340.5,342,243.571,256.571,273.143,,
2870.93,2170.86,2180.86,2159.93,2228.86,2277.21,1790.43,2098.93,2002.64,2081.71,1459.86,1395.93,2242.29,1196.57,1105.57,1115.07,1579.36,1627.79,1658.21,251.929,246.714,251.5,352.571,343.143,337.286,245.643,250.714,267.857,,
2872.25,2193.79,2189.86,2164.07,2235.43,2264.43,1798.21,2096,2027.86,2090.79,1465.21,1406.29,2258,1207.79,1121.93,1133.21,1563.64,1630.64,1664.36,251.214,244.929,245.929,360.857,340.071,337.429,246.429,254.286,265.643,,
2873.57,2201.07,2182.07,2160.93,2229.93,2265.43,1789.5,2112.5,2016.57,2099,1467,1422.57,2244.07,1223.93,1127.93,1134.71,1573.86,1643.57,1658,253.786,248.214,252.929,358.643,342.786,341.929,245.214,257.143,270.929,,
2874.89,2205.21,2200.36,2164.36,2241.79,2265.14,1799.14,2106.71,2027.29,2091.07,1480.21,1410.79,2266.43,1212,1140.36,1146.64,1585.71,1659.86,1669.14,256.857,250.714,247.286,365.214,348.643,344.643,245.786,255,268.571,,
2876.21,2204.07,2181.79,2184.86,2247.43,2278.36,1792.14,2122.79,2018.29,2110.14,1473.79,1414.14,2274.21,1220.5,1132.64,1154.29,1587.07,1649.43,1679.14,257.143,245.714,249.214,359.5,344.786,345.929,243.929,255.429,268.786,,
2877.52,2198,2207.79,2196.71,2240.5,2279.71,1818.86,2109.21,2021,2104.14,1486.14,1419.21,2278.07,1227.71,1145.43,1154.57,1598.43,1667.64,1690.36,252.571,249.071,250.929,364,352,349.071,250.357,255,269.786,,
2878.84,2196.79,2194.79,2170.57,2237.5,2278.71,1810.29,2120.71,2022.07,2108.36,1490.86,1419.79,2265.79,1223.43,1146.79,1146,1595.5,1669.93,1696.29,257.857,250.643,253.571,359.143,343.786,339.214,248.143,254.714,275.786,,
2880.16,2218.07,2199.71,2179.14,2260.07,2281.14,1795.71,2110.86,2027.14,2094,1505.29,1431.21,2265.57,1230.71,1149.57,1159.64,1613.57,1682.21,1708.14,253.357,250.357,255.286,365.5,347.857,344.786,246.643,261.929,267.857,,
2881.47,2205.43,2211.93,2184.14,2256.93,2299.43,1809.93,2117.86,2042.79,2107.43,1503.64,1436.43,2263.71,1228.64,1143.93,1174.07,1610.07,1680.43,1700.79,259,256.143,253.643,365.429,347.071,346.643,247.214,264.643,273.071,,
2882.79,2197.86,2198.36,2185.64,2249.86,2282.5,1816.21,2119.79,2034.5,2107,1502.93,1432.64,2271.71,1225.57,1159.29,1166.21,1602.07,1688.93,1697.29,256.286,254.786,249.786,364.071,348,349.786,251.571,258.786,274.643,,
2884.11,2210.07,2216.36,2190.57,2266.29,2293.93,1825.07,2108.43,2036.86,2113.93,1509.57,1451.07,2280.64,1245.36,1157.79,1170.86,1619.29,1686.21,1707.86,254.357,252.429,252.429,364.286,346.857,351.786,250.214,256.357,278.214,,
2885.42,2204.43,2204,2195.29,2251.93,2301,1818.86,2119.07,2042.07,2095.36,1519.93,1448.5,2284.79,1233.43,1167.71,1167.64,1623.86,1687.79,1717.57,257.357,250.857,250.214,361.071,347.857,346,244.571,264.143,277.786,,
2886.74,2224.5,2216.79,2187.57,2256.64,2293.71,1821.86,2126.86,2035.21,2121.07,1517.64,1458.21,2287.21,1249.79,1175.21,1188.57,1625.14,1679.64,1717.14,261.714,252.357,249.714,358,350,342.286,254,262.286,276.286,,
2888.06,2239.36,2205.14,2191.93,2276.21,2306.57,1834.29,2127,2037.86,2117.21,1525.07,1461.21,2300.29,1244.71,1169.29,1177,1610.57,1698.64,1718.36,256.714,247.5,251.571,358.5,356.857,341.357,249.071,265.714,272.5,,
2889.37,2214.57,2222.93,2180.93,2266.43,2310.43,1825.79,2128.36,2040.57,2112.07,1523.86,1474.79,2309.71,1246.64,1164.86,1192.71,1618.36,1707,1725.43,257.714,244.571,251.071,365.643,349,353.714,252,260.857,277.143,,
2890.69,2225.64,2221.07,2195.5,2274.57,2314.07,1825.64,2131.36,2047.93,2136.93,1528.79,1456.5,2310.21,1251.43,1181.36,1177.79,1624.79,1699.07,1728.5,260,255.571,259.643,368.5,357.071,349,252.5,267.929,278.857,,
2892,2215,2231.21,2204.07,2264.43,2316.79,1839.57,2123.86,2026.29,2120.21,1537.71,1474.86,2286.64,1250.07,1181.93,1183.86,1617.29,1701.21,1726.71,257.714,252.571,251.786,369.786,353.214,349.143,246.714,260,278,,
2893.32,2226.21,2224.43,2198.36,2282.43,2301.71,1835.21,2141.57,2044.07,2135.5,1547.93,1471.71,2297.86,1251.21,1175.14,1191.64,1642,1705,1743,260.071,250.714,250.571,373.5,350.143,351.857,253.929,260.786,277.357,,
2894.63,2241.57,2220.07,2195.36,2276.5,2320.86,1847.21,2135.86,2057.5,2118.14,1540.14,1481.29,2304.93,1246.43,1186.86,1201.57,1647.29,1728.43,1732.93,260.429,254.286,256.143,367.786,353.071,351,247,260.5,278.071,,
2895.95,2233.57,2234.43,2194.07,2274.93,2317.5,1830,2131.36,2032.86,2126.43,1540.21,1485.71,2308.93,1262.86,1188.21,1206.86,1646.93,1735.43,1742.57,258.786,255.286,253.929,372.071,356.5,349.429,250.357,265.286,273.357,,
2897.26,2211.64,2222,2195.93,2280.79,2301,1841.07,2126.57,2052.79,2117.43,1550,1484.71,2289.07,1266,1186.64,1201,1634.79,1717.57,1747.5,259,251.857,257.214,371.071,357.071,351.571,254,263.286,278.857,,
2898.57,2226.86,2224.21,2185.36,2274.93,2307.71,1829.21,2145.43,2051.21,2126.71,1543.07,1493.21,2292.5,1263.57,1193.21,1207.36,1642.29,1730.57,1768,258.143,255.429,254.143,365.571,358.286,350,253.786,262.357,278.429,,
2899.89,2230.43,2217.64,2204.5,2278.29,2316.43,1850.5,2128.43,2053.57,2126.21,1552.79,1479.21,2312.07,1262,1181.79,1205.57,1655.57,1723.21,1753.5,262.429,254.357,257.714,369.429,364.286,347.929,254.143,264.071,280.357,,
2901.2,2231.93,2219.14,2211.71,2269.5,2318.86,1842.21,2125.64,2049.36,2130.29,1540,1480.64,2315.14,1267.64,1207.71,1203.71,1647.21,1722.86,1754.07,261.5,256.214,254.214,372.929,355.429,350.071,249.571,265.643,279.571,,
2902.51,2228.14,2218.79,2208.79,2268.07,2340,1843,2151.43,2060.29,2136.86,1566.43,1475.36,2334,1269.64,1190.64,1207.14,1652.93,1722.43,1754,258.214,256.929,254.571,369.571,353.714,357.143,250.357,270.5,278.286,,
2903.83,2238.5,2226.36,2203.14,2276.14,2309.36,1840.21,2137.93,2054.64,2123.43,1559.14,1497.71,2313.07,1287.71,1193.79,1212.36,1649.93,1723.29,1758.29,264.143,258.929,260.714,370.786,350.643,354.143,254.571,267.071,283.143,,
2905.14,2234.14,2234.14,2195.21,2288.93,2317.07,1842.21,2137.93,2044,2137.5,1555.64,1490.36,2313.21,1280.79,1206.14,1201.93,1665.14,1727.86,1738.86,260.714,253.714,257.857,373.214,351.214,352.214,257.929,265.286,278.071,,
2906.45,2221.64,2211.79,2216.57,2275.57,2334.64,1844.71,2141.93,2054.79,2139.71,1563.71,1491.29,2313.5,1280.93,1206.21,1219.43,1671.43,1738.79,1756.36,262.357,254.571,260.143,369.143,354.357,353.929,253.214,269.357,280.286,,
2907.76,2232.86,2223,2216.5,2276.86,2322.29,1852.64,2160.5,2052.5,2130.36,1557.57,1501.57,2317.79,1280.79,1199,1212.43,1653.5,1739.07,1768.07,261.786,257.357,259.929,370.929,355.5,353.786,256.929,268.143,280.357,,
2909.08,2232.86,2228,2204.07,2303,2326.86,1849.07,2138.86,2067.07,2125.57,1568.64,1498.36,2333.57,1295,1207.07,1223.93,1661.14,1728.86,1771.71,261.571,258.714,262.714,370.286,360.857,357.214,248.071,262.071,280.929,,
2910.39,2238.64,2233.36,2216.64,2288.79,2323.36,1856.79,2157.07,2058.36,2137.71,1573.36,1505,2341.43,1291.86,1208,1228.64,1664.36,1742.93,1775.86,259.714,254.786,261.429,372.143,357.286,361,260.214,261.143,278.571,,
2911.7,2236.14,2232.36,2223.86,2294.64,2339.36,1857.29,2150.21,2049.43,2143.57,1579.93,1506.14,2345,1296.71,1212.29,1230.43,1672.57,1745.57,1759.43,260.286,258.643,257.429,367.071,353.786,349.357,252.571,269.929,284.643,,
2913.01,2228.43,2237.29,2223.71,2294.93,2325.07,1853.36,2156.21,2066.71,2152.36,1580.71,1522.86,2340.07,1298.86,1214.5,1229.14,1664.29,1761.5,1783.86,266.857,258.5,251.929,373.214,358.929,350,257.357,267.571,275.571,,
2914.32,2260.07,2258.71,2218.71,2302.14,2335.64,1861.71,2170.21,2071,2141.64,1593.43,1529.14,2350,1314.21,1228,1232.43,1676.36,1763.29,1792.29,266.429,257.214,256.786,375,362.857,360.071,260,264.857,278.786,,
2915.63,2249.71,2252.86,2212.21,2320,2344.93,1869.07,2164.43,2068.21,2158.79,1582.93,1532.29,2347.57,1296.43,1231.36,1242.93,1686.21,1761.5,1803.93,264.143,251.643,257.929,377.357,363,362.786,255.714,273.714,280.786,,
2916.94,2259.93,2238.36,2232.86,2312.71,2327.5,1864.14,2167.36,2075.43,2146,1602.07,1521.29,2327.71,1309.29,1244.57,1264.64,1694.14,1773.43,1803.71,265.286,258.643,260.071,374.857,363.929,351.071,255,268.571,284,,
2918.25,2258.71,2243.71,2221.93,2303.71,2332.93,1863.64,2158.14,2064,2143.64,1596.21,1533,2353.5,1314.29,1241.79,1250.5,1700.36,1771.14,1797.29,265.643,256.929,265.714,380.214,363.286,359.214,256.071,266.857,284,,
2919.56,2258.14,2239.5,2222.79,2307.29,2324.64,1867.36,2146.86,2066.14,2151.21,1597.57,1540.07,2352.79,1317.86,1227,1257.86,1705.93,1785.07,1804.43,264.286,258.286,262.214,374.714,362.143,359.857,258.214,271.071,288.143,,
2920.87,2265.14,2258.29,2214.93,2297.36,2335.5,1875.07,2145.71,2068.93,2143.43,1612.14,1554.21,2358.43,1335.57,1242.29,1263.43,1715.93,1793.21,1811.14,264.929,257.286,262.429,371.286,361.571,360.571,261.429,268.143,287,,
2922.18,2263,2261,2219.64,2307,2361.36,1876.14,2146.21,2087.57,2155.93,1616.79,1533.5,2362.79,1324.64,1245.86,1259.5,1713.29,1800.43,1827.5,268.071,258.857,255.286,372.857,365,355.357,264.143,268.571,289.143,,
2923.49,2257.43,2253.5,2234.5,2317.07,2351.71,1881.86,2168.29,2076.43,2150.29,1625,1561.36,2371.57,1333.29,1249.86,1275.86,1723.71,1763.36,1841.71,262.214,259.786,260.714,373.643,363.5,364.214,257.143,278,291.357,,
2924.8,2264.21,2256.07,2230.86,2320.93,2345.36,1885.5,2175,2094.71,2158.36,1632.36,1569.79,2365.07,1339.29,1258.36,1282.14,1725.5,1809.14,1843.43,270.357,262.643,265.857,376.643,358.143,365.571,261.714,277.714,288.143,,
2926.11,2279.64,2267.71,2246.86,2331.5,2367.71,1889.36,2161.07,2091.86,2170.14,1638.86,1575.93,2390.86,1344.64,1278.64,1287.36,1729.07,1808.79,1841.14,265.643,263.571,265.357,380.929,366.929,361.357,266.286,273.214,287.929,,
2927.42,2270.64,2262.71,2231.43,2326.57,2358.29,1895.43,2188.64,2088.07,2159.43,1649.79,1580.93,2385.93,1363.14,1283.79,1295.36,1733,1824.79,1854.14,267.071,263.357,263.214,372.643,368.214,360.429,262,274.143,291.643,,
2928.73,2275.29,2258.93,2248.71,2328.93,2371.57,1893,2178.07,2091.43,2178.14,1665.43,1589.64,2380,1371.93,1289.64,1300.64,1750.43,1828.21,1868.36,268.571,259.786,264.929,381.929,366.357,366.786,262.429,273.286,289.643,,
2930.04,2279.43,2261.43,2258.5,2352.64,2359.57,1911.5,2167.64,2107.07,2172.14,1676.79,1596.43,2404.07,1369.43,1286.29,1317.57,1771.36,1835.43,1881.64,268.429,264.286,265.071,384.214,362.929,369.214,266.5,272.357,291.071,,
2931.35,2280.64,2268.14,2242.5,2335.86,2365.57,1893.14,2182.57,2093.79,2182.64,1682,1615.57,2388.93,1376.21,1293.43,1318.21,1766.29,1835.5,1884.21,267.571,257.571,266.714,385.714,368.429,361.357,262,276.929,290.357,,
2932.65,2281,2274.07,2253.93,2331.29,2371.86,1886.29,2185.21,2114.79,2171.86,1692.93,1618.14,2386.71,1377.64,1303.07,1322.07,1777.36,1857.07,1897.64,269.714,268.571,265.5,386.357,380.214,366.714,267.786,274.071,289,,
2933.96,2305.21,2291.86,2253.93,2338.36,2367.71,1912.36,2195.21,2100.36,2183.93,1697.5,1631.64,2388.79,1389.21,1322.5,1339.57,1798.5,1876.21,1898.07,267.786,266.429,267.143,387.5,372.786,368.5,267.143,274.786,288,,
2935.27,2290.43,2281.71,2256.64,2344.43,2385.07,1912.5,2202,2106.64,2181.5,1716,1620.57,2394.36,1384.07,1325.71,1336.57,1812.57,1874.79,1910.21,266.786,266.357,267.214,392.357,378,370.071,268.5,279.643,296.929,,
2936.58,2292.57,2285.14,2256.5,2358.93,2374.36,1920.79,2197.93,2110.14,2180.36,1707.36,1654.14,2384.14,1405.93,1328.36,1334.79,1801.43,1884.14,1913.43,276.643,269.643,268.143,391.714,372.571,374.214,268,277.786,299.5,,
2937.88,2305.5,2279.93,2260.21,2356.93,2381.36,1921.93,2200.86,2105.93,2178.86,1720.71,1636,2377.29,1396.64,1323.07,1345.57,1805.57,1886.36,1910.36,274.429,263.143,269.357,387.786,378,373,267.071,280.429,291.571,,
2939.19,2287.14,2287.64,2277.57,2345.93,2383.21,1919.5,2207.07,2092.71,2187.93,1712.79,1656.14,2382.36,1406.07,1316.21,1345.29,1815.14,1907.79,1925.29,277,267.5,269.643,385.714,379.857,373.643,271.786,282.929,292.571,,
2940.5,2305.14,2281.57,2279.36,2343,2393.57,1903.07,2188.29,2104.07,2186.71,1718.79,1638.86,2384.64,1407.79,1343.71,1360.14,1808.21,1898.07,1915.71,274.571,271.286,270.857,388,379.286,377.286,265.143,282,298.286,,
2941.8,2307.36,2296.29,2284.07,2365.5,2383.5,1907.21,2199.5,2110,2174.71,1704.14,1637.79,2378,1374.5,1323.36,1356.86,1813.57,1901.57,1916.64,267.714,270.5,266.5,392.429,377.214,375.857,265.429,284,294.857,,
2943.11,2312.29,2300.07,2265.07,2352.86,2375.07,1930.07,2207,2120.5,2194,1704.93,1633.07,2359.71,1389.07,1319.86,1342.43,1805.71,1888.5,1918.07,272.786,266,267.571,387.929,375.643,371.143,270.857,281.929,299.857,,
2944.41,2297.5,2292.5,2269,2358.14,2382.36,1915.93,2203.93,2102.21,2186.43,1690.5,1630.5,2359.5,1382.79,1323.71,1314.86,1785.14,1870,1901.79,270.5,261.857,271.357,385.786,375.286,369.143,270,283,295.429,,
2945.72,2307.79,2293.71,2268.07,2339.71,2386,1930.71,2191.14,2126.29,2177.21,1693.36,1612,2361.07,1376.71,1313.71,1334.5,1776.36,1853.71,1889.14,272.071,267.286,270.929,385.643,371.357,366.714,267.286,275.5,297.357,,
2947.02,2309.43,2286.79,2269.07,2365.79,2377.29,1914.14,2189.64,2098.14,2172,1679.5,1605.14,2343.71,1368.71,1297.71,1316.86,1768,1848.14,1882.64,271.714,264.429,274.286,393.5,375.214,370.357,266,284.357,292.786,,
2948.33,2288.86,2298.71,2257.86,2333.29,2383,1905.29,2192.21,2099.07,2168.14,1651.21,1606.57,2357.21,1359.14,1294.64,1294,1748.36,1830.21,1885.79,273.857,266.143,263.5,387.286,370.071,372.429,264.286,278.5,296.786,,
2949.64,2287.07,2279.64,2256.64,2343.5,2392.29,1903.14,2186.5,2096.79,2173.79,1659.29,1580,2337.36,1357.93,1287,1297.5,1753,1835.07,1860.5,273.929,264.786,263.643,391.143,376.929,380,266.571,274.5,285.786,,
2950.94,2287.57,2269,2238.71,2337.07,2357.57,1889.14,2190.64,2096.36,2178.64,1644.57,1581.36,2329,1335.86,1272.14,1295.14,1754.86,1828.43,1854.29,269.143,264.857,271.857,394.286,374.786,366,264.786,278.714,292.857,,
2952.24,2289.5,2276.93,2253.14,2338,2371.79,1895.5,2185.57,2096.79,2155.71,1645.14,1567.71,2318.93,1349.71,1267.21,1285.36,1743.64,1813.79,1866.36,267.857,263.429,268.786,380.5,374.429,368.643,267.214,277.714,291.571,,
2953.55,2294.43,2276,2240.36,2317.79,2355.57,1879.64,2169.86,2095.64,2159.57,1630.07,1557.57,2310.43,1321.21,1256.64,1273.5,1735.07,1804.57,1829.36,268.143,267.286,263.571,393.571,373.214,370.357,263.071,268.929,292.786,,
2954.85,2277.43,2275.43,2255.64,2314.07,2345.93,1883.43,2183.71,2101.64,2163.93,1622.64,1547.79,2323.86,1330.93,1260.93,1270,1734.64,1800.29,1836,272.929,259.714,266.857,382.429,373.214,362.214,261.786,276.571,296.5,,
2956.16,2276.5,2260.36,2243.64,2329,2365.64,1871.79,2170.93,2091.07,2153.86,1621.64,1548.07,2310.43,1315.21,1255.43,1267.86,1729.5,1802.5,1829.5,271.857,266.429,269.5,382.643,370,364.286,263.214,276.714,289.357,,
2957.46,2271.14,2237.14,2244.36,2312.14,2339.71,1877,2175.5,2091.79,2147.64,1617.43,1529.86,2314.21,1309.57,1249,1266.5,1731.43,1780.64,1830.71,267.929,266.929,268.929,379.643,372,369.714,265.357,278.429,292.143,,
2958.76,2257.5,2258.43,2235.36,2319.43,2348.64,1868.14,2160.43,2081.79,2145.86,1607.71,1541.29,2308.79,1324.71,1258.79,1269.57,1714.29,1801.57,1834.86,266.714,266.143,268.071,385.214,371.143,367.857,259.357,272,289.786,,
2960.07,2268.43,2265.64,2237,2311.79,2347,1859.57,2160.36,2072.36,2134.71,1599.5,1538.07,2304.57,1306.71,1251.29,1259.71,1706.21,1789,1815.64,269.214,261.714,264.5,377.071,367.857,367.571,262.857,269.857,290.857,,
2961.37,2270.79,2249.71,2238.71,2314.36,2332.5,1872.14,2170.43,2081.64,2158.14,1602.71,1538.43,2309.36,1319.5,1241.71,1261.86,1701.14,1785.29,1802.86,267.714,260.857,261.571,380.5,369.5,358.643,260.929,275.643,286.214,,
2962.67,2246.71,2254.64,2232.07,2312.57,2331.71,1866.71,2171.93,2085,2148.43,1609.36,1543.79,2314.93,1314.07,1254,1259.43,1712.21,1788.86,1816.86,274.429,265.714,263.643,385.286,367.071,362.429,262.857,274.643,290.071,,
2963.97,2268.71,2263,2236.93,2305.93,2348.57,1860.14,2174,2083.5,2150.57,1613.21,1545.29,2304.57,1309.43,1239.21,1260.21,1701.86,1780.71,1819.64,271.5,257.143,261.214,378.357,373.5,372.357,262.071,277.714,293.857,,
2965.28,2276.36,2263.36,2235.43,2316.14,2334.07,1869,2171.5,2073.43,2144.07,1602.64,1536.93,2299.21,1310.71,1246.14,1250.14,1715.86,1781.5,1801.79,269.5,260.5,258.429,385.214,371.786,362.429,263.143,272,291.643,,
2966.58,2284.71,2267.43,2238.5,2316.71,2328.57,1876.93,2174.71,2088.21,2171,1603.29,1539.36,2307.71,1315.93,1237.71,1266.79,1700.79,1783.07,1816.86,267.429,261.786,267.5,380.071,366.143,363,265.143,274,287.357,,
2967.88,2281.64,2261.29,2209.79,2327.57,2335.86,1877.43,2170.21,2094.5,2162.64,1609.14,1541.14,2304.64,1309.07,1244.36,1261,1706,1794.86,1808.93,269.214,265.786,263.071,377.786,367.857,371.071,258.571,276.857,289.429,,
2969.18,2262.07,2270,2241.14,2311.79,2336.14,1868.86,2184.36,2086.71,2159.29,1603.29,1542.36,2310.07,1312.07,1248.14,1253.86,1717.71,1768.5,1817.21,261.214,263.643,260.5,383,367.929,367,265.071,274.071,289.286,,
2970.48,2284.79,2267,2235.14,2318.79,2333.36,1883.64,2185.36,2080.79,2156.93,1603.36,1535.07,2305,1310.64,1243.64,1249.79,1710.36,1784.29,1816.71,264.929,258.571,260.643,385.071,366.857,370.214,260.571,275.643,289.357,,
2971.78,2271.43,2274.71,2255.43,2325.07,2334.57,1868.64,2173.79,2085.93,2151,1608.43,1536.71,2306.43,1304.43,1245.86,1261.57,1711.36,1776.21,1825.07,266.143,266.071,258.714,384.714,373,366.857,263.786,271.714,284.643,,
2973.09,2281.79,2253.14,2241.64,2321.07,2349.57,1875.29,2196.93,2081.43,2154.57,1598.57,1527.5,2289.36,1323.93,1249.93,1262.36,1704,1784.07,1834.86,265.714,265.429,264.214,389.929,377.571,366,267.929,279.643,295.714,,
2974.39,2272.36,2247.79,2246.29,2328.86,2341.93,1887.86,2168.93,2080.29,2154.29,1604.29,1542.86,2292.71,1323.79,1248,1255.64,1703.86,1788.07,1821.5,268.429,261.929,263.071,381.786,371.286,371.286,267.929,279.286,288.786,,
2975.69,2268.5,2261.57,2224.43,2319.5,2334.86,1863.29,2187.79,2076.86,2147.71,1594.93,1530.64,2313.36,1303.71,1252.14,1256.86,1713.71,1797.93,1815.21,273.357,267.357,265.929,389.857,371.5,361.643,269,274.643,294.5,,
2976.99,2264.5,2251.5,2252.5,2317.36,2352.36,1888.79,2180.86,2088.21,2162.07,1609.36,1546.71,2289.5,1308.21,1258.93,1258.71,1738.14,1783.07,1826.5,267.929,262.786,268.5,387.643,372.143,368.143,262.571,273.857,294.214,,
2978.29,2267.43,2278.07,2239.71,2326.07,2344.36,1876.93,2170.79,2071.64,2144.93,1599,1541.86,2305.71,1308.14,1243.21,1269.14,1716.86,1778.29,1829.36,268.143,262.5,268.643,388.857,373.429,372.286,266.571,276.357,290.929,,
2979.59,2290,2275.86,2236.86,2316.79,2351.71,1874.21,2170,2091.5,2164.71,1608.21,1535.29,2315.36,1321.36,1252.79,1262.29,1720.36,1777.5,1815.36,271.857,261.714,268.714,381.786,372.571,369.357,268.286,279.286,295.571,,
2980.89,2290.93,2262.43,2234.71,2322.93,2366.57,1861.57,2182,2091.86,2167.64,1611.64,1543.29,2292.93,1311.79,1249.5,1269.57,1728.57,1773.5,1821.36,262,266.286,269.643,389.429,369.643,372.857,264.786,279.286,290.5,,
2982.18,2285.57,2262.64,2239.71,2318.79,2354.86,1881.43,2189.71,2075.79,2164.43,1609.71,1542.07,2309.07,1321.57,1252.86,1271.79,1721.86,1791.57,1832.64,269.214,268.286,269.571,385.929,374.929,368.5,258.357,277.929,291.357,,
2983.48,2272.29,2272.5,2244.43,2315.36,2343.57,1879.14,2183.93,2095.64,2163.79,1614.07,1536.07,2308.93,1312.07,1258,1264.71,1726.14,1780.93,1813.07,272.429,264.786,266.143,387.071,370.357,369.929,264,278.357,290.786,,
2984.78,2280.93,2273.71,2240.79,2332.21,2360.57,1879.79,2189.36,2103.21,2162.14,1620.43,1550.36,2313.71,1326.14,1252.07,1265.5,1721.07,1797.64,1823.64,269.357,263.357,267.357,386,370.857,367.357,266.714,276.5,291.143,,
2986.08,2292.64,2264,2242.5,2344.14,2356.93,1889.29,2181.43,2099.5,2165.93,1619.93,1538.07,2306.29,1322.43,1260.86,1273.64,1736.07,1802.57,1815.43,269,261.286,266.071,391.357,371.357,369.643,269.5,282.357,295.786,,
2987.38,2277.71,2273.43,2240.93,2340.07,2351.57,1882.5,2198.71,2088.64,2160.5,1613.36,1552.29,2304,1318.79,1244.14,1274.36,1718.07,1795.5,1825.79,268,266.786,269.357,393.429,371.929,372.071,266.643,276.429,289.571,,
2988.68,2285.21,2280.21,2249.71,2347.64,2355.79,1882.79,2166.79,2104.43,2179,1617.43,1538,2317.71,1320.64,1252.43,1273.5,1711.36,1781.57,1825.93,270.643,263.786,265.929,387.571,375,371.571,265.071,280.714,294.571,,
2989.98,2287.21,2275.29,2240.07,2328.93,2361.43,1888.36,2187.71,2097.5,2158.14,1621.93,1546.79,2310.64,1323.29,1266,1268.21,1738.36,1792.29,1838.36,268.857,262.571,270,397.5,364.714,373.929,264,282.143,291.857,,
2991.27,2287.64,2268.57,2243.86,2328.36,2363.07,1879.57,2177.29,2101.93,2168.93,1610.5,1545.21,2315.07,1312.79,1253.5,1266.57,1720.5,1783,1842.43,267.857,260.5,270.857,385.714,370.143,371,261.786,284,290.786,,
2992.57,2279.71,2272.36,2249.86,2337.36,2370.79,1883.64,2161.21,2092.07,2152.07,1621.64,1544.21,2297.43,1324.07,1248.5,1275.5,1724.71,1772.86,1831.29,274.5,270.214,269.643,385.5,375.357,370.571,271.286,277.429,291,,
2993.87,2282.29,2271.07,2251.36,2313.64,2351.86,1874.29,2183.86,2098.5,2151.29,1614.57,1536.07,2302.21,1318.14,1258.07,1261.43,1730.86,1791.29,1829.93,266.929,267.929,267.071,386.429,375.214,368.5,269.214,280.643,293.071,,
2995.17,2284.79,2267.57,2244.86,2311.21,2347.36,1877.5,2181.43,2087.64,2170.64,1615.64,1547.57,2278.36,1322.29,1253.14,1275.93,1730.29,1787.43,1824.21,272.571,266.714,266.143,392.5,371.857,371.643,268.214,276.571,290.857,,
2996.46,2284.29,2258.5,2235.57,2311.29,2349.71,1889.29,2176.14,2109.64,2155.86,1612.5,1542.86,2288.71,1304.86,1252.36,1267.29,1712.71,1787,1815.14,267.714,262.357,270,391.286,377.429,368.857,267,278.071,296.857,,
2997.76,2289.14,2277.57,2234.5,2331.64,2339.29,1879.36,2183.14,2093.21,2168.07,1616.43,1543.36,2290.29,1317.93,1251.86,1259.93,1721.29,1789.64,1813,276.214,262.571,266.786,382.714,374.929,364.643,267.429,281.357,291.929,,
2999.06,2279.36,2272.07,2247,2329.29,2343.07,1878.79,2180.79,2106.64,2160.79,1620.43,1545.29,2297.57,1315.64,1250.14,1262.14,1722.14,1776.07,1826.64,269.643,267.5,265.571,385.5,375.286,368.714,266.429,277.786,294.214,,
3000.35,2277.93,2256.57,2253.14,2316.79,2348.29,1889.43,2182.21,2090.07,2156,1607.5,1540,2284.07,1310.43,1246.14,1268,1707.43,1788.36,1819.86,272,266.143,270.357,391,377.357,374.571,266.071,282.786,294.214,,
3001.65,2279.07,2256.86,2250.64,2332.5,2353.64,1874.71,2176.43,2083.07,2162.5,1606.64,1538.86,2304,1318.71,1242.86,1279.21,1718,1803.93,1836.43,271.786,263.5,268.857,387.357,370.5,373.857,269.643,283.429,296.857,,
3002.94,2283.93,2286.36,2257.07,2338.64,2354.71,1896.5,2186.14,2095,2174.93,1618.64,1533,2290.21,1315.71,1265.14,1270.57,1709.71,1775.43,1828.36,273.286,268.643,269.357,385.786,379.214,365.357,270.071,287.571,299.643,,
3004.24,2277.93,2268.79,2249.86,2335.57,2345.43,1884.14,2187.79,2091.86,2168.93,1623.21,1547.64,2291.5,1322.79,1263.07,1267.79,1731.5,1791.79,1823.71,273.286,266.286,264.571,391.786,379.643,367.143,262.714,283.143,292.214,,
3005.53,2296,2276.79,2257.57,2324.14,2347.64,1881.14,2183,2103.21,2169.79,1619.79,1548.86,2306.5,1316.57,1256.14,1272.14,1735.86,1779.64,1829.07,272,270.143,267.5,390.214,376.857,371.071,271.071,278.286,296.286,,
3006.83,2284.93,2276,2253,2339.07,2362.64,1897.14,2202.36,2113.14,2170.21,1619.71,1555.36,2318.21,1333.64,1260.71,1273.57,1736.29,1801.93,1822.64,271.5,266.857,269.929,394.143,375.214,376.5,271.5,280.857,298.429,,
3008.12,2275.71,2277.36,2250,2330.93,2353.07,1881.14,2189.21,2104.79,2180.64,1626.36,1548.57,2305.93,1336.5,1262.57,1280.86,1733.5,1803.21,1843.43,276.143,268.5,271.071,392.929,378.571,383.5,271.571,281.5,301.786,,
3009.42,2285,2276.36,2234.64,2325.07,2354,1892.86,2181,2101.29,2168.36,1621.57,1536.29,2300.71,1327.29,1277.14,1294.57,1735.5,1788.64,1838.79,270.143,265.857,273.714,395,382,374.071,269.857,283.571,293.857,,
3010.71,2296.43,2274,2246.43,2344.43,2342,1879.64,2175.79,2093.57,2174.29,1628.93,1551.14,2286.79,1324.79,1261.21,1276,1735.14,1800.36,1839.86,274,266.929,270.071,395.5,379.643,373.714,270.143,278.643,295.929,,
3012.01,2286.29,2269.64,2254.79,2330.29,2344.79,1886.43,2180.5,2085.5,2159.57,1626.71,1562.93,2310.07,1341,1277,1285.64,1728.43,1812.57,1845.79,276.214,269.357,273.143,393.429,374.643,378.143,269,286,305.643,,
3013.3,2300.57,2282,2249.79,2328.14,2353.21,1889.36,2187.07,2091.79,2173.36,1638.64,1561.64,2305.5,1346.71,1282.36,1296.71,1727.29,1825.64,1847.71,272.429,266.571,273.571,397.643,377.643,379.857,269.5,278.857,297.357,,
3014.59,2285.43,2279.57,2257.21,2336.36,2359.57,1880.43,2187.71,2089.64,2161.79,1641.5,1569.79,2294.36,1330.79,1270.21,1290.21,1739.07,1814.29,1861.86,273.429,267.643,265.714,397.5,383,380.429,269.143,287.857,302.357,,
3015.89,2291.29,2274.21,2247.79,2325.43,2361.29,1882.43,2183.43,2103.07,2161.29,1642.79,1551.14,2286,1321.07,1271.07,1299.86,1750.86,1811.57,1868.71,275.286,267.714,268.214,387.357,378.786,378.857,269.929,289.571,299.929,,
3017.18,2277.57,2279.64,2251.36,2318,2361.43,1908.14,2177.36,2102.57,2167,1645.07,1578.07,2296.64,1341.36,1281.07,1298.5,1750,1822.14,1852.86,281.643,273.143,271.5,395.929,374.429,377,275.071,288.286,296.857,,
3018.47,2298.36,2291.07,2236.93,2349.5,2377.57,1878.36,2171.57,2102.14,2161.5,1662.07,1582.64,2319.07,1334.86,1276.57,1310.57,1761.71,1835.07,1865.43,274.286,270.429,268.214,397.071,387.786,371.714,273.643,277.214,301.143,,
3019.77,2288,2285.21,2267.79,2350.29,2366.86,1892.36,2181,2120.93,2164.64,1656.79,1579.21,2296.43,1345.57,1290.86,1317.14,1761.21,1820.29,1866.29,272.929,270.714,276.214,394.429,377.857,381,273.857,285.429,303,,
3021.06,2307,2276.64,2255.79,2352.93,2363.71,1894,2178.14,2094.5,2163.71,1653.64,1586.71,2300.43,1348.43,1284.79,1307.93,1753.64,1835.64,1863.57,274.643,267.5,272.071,401.571,376.714,382.714,269.786,283.571,298.714,,
3022.35,2303.57,2281.86,2259.79,2347.29,2384.71,1901.86,2182.79,2119.07,2183.57,1661.5,1589.07,2313.71,1359.93,1303.93,1316.5,1759.71,1842.64,1865.86,276,271.214,274.571,388.214,384.643,380.214,271.571,284.786,300.286,,
3023.64,2308.93,2291.21,2263.36,2347.29,2365.21,1911.64,2196.79,2095,2182.57,1669.21,1588.86,2309.14,1355.79,1291.07,1314.71,1757.14,1834.14,1865.57,272.929,269.857,274.929,398.929,385.571,376.929,272,282.5,293.643,,
3024.94,2307.29,2283.64,2256.57,2352.5,2370.14,1884.71,2203.79,2112.93,2179.86,1664.07,1588.36,2314.86,1355.93,1305.57,1321.79,1775.57,1847.93,1875.29,270.786,271.071,272.5,395.714,380.786,377.643,275.643,281.5,300.5,,
3026.23,2297.71,2280,2260,2348.79,2370.21,1888.43,2206.21,2096.93,2158.79,1670.14,1587.64,2310.21,1370.57,1297.07,1322.64,1777,1851.64,1887.79,280.071,276.143,274.643,400.214,386.214,382.643,276,287.571,299.857,,
3027.52,2301.14,2287.07,2269.64,2342.21,2375.57,1898.86,2189.5,2102.07,2179.14,1672.36,1590.79,2305.79,1365.5,1301.64,1318.71,1765.71,1850.21,1882.14,282.214,269.714,272.643,398.5,378.357,381.857,276.929,288.786,299.429,,
3028.81,2293.5,2283.07,2266.93,2350.71,2363.07,1899.29,2188.64,2113.64,2172.57,1660.43,1603.36,2308.07,1371.07,1306.71,1324.5,1780.93,1849.21,1893.86,278,269.5,274.357,399.5,382.429,384.571,274.929,287,305.786,,
3030.1,2306.29,2287.21,2252.64,2342.86,2371,1902.71,2199.71,2116.43,2176.43,1679.29,1600.14,2303.36,1361.43,1318.5,1337.57,1790.86,1861.36,1896.57,280.214,270.071,278.929,403.5,387.214,382.357,271.286,288.786,301.929,,
3031.39,2304.43,2267.36,2261.14,2331.79,2367.5,1908.21,2202.79,2108.57,2173.29,1686.21,1600.07,2300.57,1373.71,1306.29,1329.79,1791.57,1854.57,1891.29,276.857,277.214,277.571,397.786,386.429,388.714,274.643,290.929,301.714,,
3032.68,2305.57,2304,2243.14,2346.07,2363.21,1914.43,2202.5,2110.79,2172.57,1682.21,1610.64,2307.57,1377.71,1314.21,1322.71,1790.79,1866.36,1900.93,279.857,277.357,281.714,398.143,386.214,386.143,277.5,292.5,304.857,,
3033.97,2292.57,2295.57,2255.43,2348.21,2362.57,1906.86,2195.79,2117,2179.64,1690,1601.14,2304.79,1390.5,1311.29,1340.21,1775.79,1864.14,1895.86,277.571,271.429,276.214,403.071,385.643,383.571,277.5,288.571,311.071,,
3035.26,2304.07,2289,2258.14,2357.86,2363.79,1905.36,2191.36,2101.5,2166.5,1683.64,1608.86,2317.57,1384.14,1315.64,1343.57,1791.43,1863,1912.14,275.643,275.5,275.429,401.429,386.286,383.143,277.571,286.429,311.143,,
3036.55,2289.14,2290.57,2248.86,2340.07,2376.86,1907.21,2205.86,2103.43,2176.36,1692.43,1618.5,2313.43,1384.14,1324.5,1337.21,1792,1859.43,1902.93,281.357,274.929,275.714,398.143,387.643,378.643,277.714,294.143,305.357,,
3037.84,2308.29,2281.21,2243.5,2346.36,2365.43,1911,2201.14,2116.21,2175.86,1686.57,1621.71,2305.86,1389.07,1329.14,1342.93,1802.86,1866.43,1905.36,281,272,274.357,397.857,385.429,381,277.357,289.143,305.357,,
3039.13,2304.14,2287.43,2263.36,2352.93,2382.79,1896.86,2199.43,2114.86,2179.5,1699.07,1628.64,2323.57,1380.79,1329.43,1355.07,1792.43,1873.86,1911.86,285.143,278.714,283.286,402,388.071,385.857,284.929,294,308.429,,
3040.42,2312.64,2282.43,2272.71,2357.5,2393.57,1915.07,2212.93,2125.5,2187.86,1711.14,1627.29,2320.64,1401.14,1329.36,1353.5,1798.36,1894.07,1914.07,281.786,274.714,277.214,400.786,389.5,382.429,275.857,297.929,308.714,,
3041.71,2303.93,2306.21,2270.43,2368.64,2383.36,1913.29,2207.36,2114.93,2186.07,1713.71,1643,2315.36,1387.14,1331.64,1349.14,1807.5,1888.86,1938.5,278,271.071,273.571,399.214,388,384.786,279.571,289.571,310.857,,
3043,2303.29,2287.36,2274.71,2355.64,2396.57,1920.57,2210.64,2128.07,2194.07,1722.5,1642.14,2333.36,1409.14,1348.14,1366.43,1815.21,1887.64,1935.14,281.929,273.643,279.571,404.929,394.214,388,281.429,292.857,305.714,,
3044.29,2327.93,2292.86,2258.29,2375.57,2367,1913.07,2211.21,2129,2179.43,1732.71,1639.79,2324.86,1416.57,1344.5,1378.14,1807.64,1900.21,1939.36,279.357,273.429,275.571,405.286,391.214,384.286,277.571,291.214,309.857,,
3045.57,2311.93,2276.29,2274.5,2367.43,2383.36,1912.79,2210.64,2114.43,2186.79,1742.07,1652.93,2319.14,1408.07,1364.93,1384.5,1814,1910.14,1940.21,287,279.214,278.5,404.929,392.643,392.429,282.286,297.5,306.929,,
3046.86,2321.79,2300,2286.64,2356.36,2386.79,1926.29,2197.29,2122.5,2193.29,1742.36,1656.43,2320.5,1417.14,1345.43,1377.14,1828.14,1917.43,1948.43,286.643,279.643,277.786,401.857,393.143,388.929,282.429,294,313.857,,
3048.15,2314.36,2286,2258.64,2346.07,2376.79,1925.86,2189.57,2120.57,2199.07,1738.86,1647.43,2342.43,1414.5,1357.07,1375.64,1831.21,1907.93,1943.79,282.571,281,282.857,409.214,395.929,392.571,286.5,292.929,310.143,,
3049.44,2323,2286.86,2268.5,2359.36,2369.64,1920.14,2197.57,2132.14,2205.79,1730.21,1662.07,2329.86,1425.36,1361.14,1383.43,1842.86,1932.71,1963.79,286,278.571,278.5,408.857,394,390.357,282.286,299.786,315.071,,
3050.73,2310.36,2301.5,2273.93,2370.79,2386.14,1922.57,2203.29,2119.5,2176.14,1745.79,1657.64,2361.29,1430.64,1360.79,1385.93,1846.5,1920.36,1958.93,287.643,278.786,276.5,410.571,398.786,389.286,284.143,298.786,309,,
3052.01,2306.07,2295.5,2272.36,2340.21,2380.07,1923.29,2198.21,2110.5,2191.36,1756.5,1680.43,2330.64,1429.86,1357.64,1396.21,1840.93,1933.43,1994.64,286.929,285.786,281.714,413.786,391.857,391.786,282.571,297.071,306.929,,
3053.3,2311.86,2294.86,2280.07,2358.29,2410.43,1924.21,2218.79,2126.07,2186.71,1760.93,1674.71,2349.07,1424.36,1373.29,1405.57,1851.93,1940.21,1972.14,287.429,283,284.071,416.429,400.786,390.571,286.286,298.857,315,,
3054.59,2324.14,2301.29,2273.43,2357.86,2392.93,1914.86,2197.93,2117.86,2183.29,1756.93,1687.36,2349.14,1435.43,1383,1409.43,1857.36,1934.86,1988.5,292.214,284.5,289.571,415.929,398.143,398.643,288.571,300.286,309.786,,
3055.87,2323.21,2286.29,2273.57,2363.29,2375.14,1925.43,2206.29,2125.79,2205.79,1771.93,1684.57,2347.86,1449.93,1367.14,1405.29,1870.86,1956.29,1977.29,287,281,286.643,412.071,403.929,396.5,282.286,300.429,313.643,,
3057.16,2328.43,2300.21,2266.71,2378.79,2394.29,1933.29,2218.71,2131.93,2191.86,1761.71,1699,2342.86,1454.5,1385.14,1417.14,1876.71,1955.5,1993.71,292.071,285.714,286.429,411.714,396.571,390.286,285.857,298.071,320.429,,
3058.44,2320,2324.07,2279.43,2367.5,2391.36,1935,2223.71,2147.14,2201.57,1780.86,1698.43,2337.21,1448.43,1393,1427.14,1879.21,1956.93,2000.93,283.071,279,293.429,412.071,393.857,392.286,286.857,300,318.071,,
3059.73,2330.21,2309.36,2281.07,2375.14,2396.86,1943.21,2219.43,2133.07,2207.5,1790.36,1707.93,2333.86,1460.14,1403.5,1423.64,1871.86,1962.57,1994.43,289.857,285.143,288.071,417,399.429,395.286,285.286,304.357,314.286,,
3061.02,2337.64,2299.64,2280.71,2384.57,2396.07,1929.21,2227.07,2141.79,2197.86,1794,1711.43,2351.36,1463.71,1407.79,1436.29,1882.14,1972.86,2031,288.429,283.429,288.286,416.929,399.5,397.143,285.071,300,318.429,,
3062.3,2338.14,2320.71,2286.43,2381.5,2411.57,1957.71,2227.5,2141.21,2204.64,1814.36,1724.86,2357.64,1479.86,1406.36,1445.64,1894.57,1989.79,2033.14,286,286.857,285.071,412.929,400.357,402.643,286.429,302.643,320.286,,
3063.59,2345.57,2320.36,2287.43,2381.71,2409.71,1944.14,2229.14,2141.29,2200.29,1803.36,1740.21,2364.93,1471.79,1427.29,1443.43,1896.21,1969.36,2039.5,286.714,277.714,285.357,413.429,409.357,398.357,291.643,302.857,316.5,,
3064.87,2336.86,2320.71,2280.36,2397.36,2415.57,1952.64,2226.36,2136.86,2215.57,1807.57,1737.71,2378,1481.64,1418.43,1448,1905,1987.86,2050.71,288.571,283.429,288.429,421.571,404,400.571,293.643,305.5,317.857,,
3066.16,2339.64,2304.79,2299.36,2407.93,2419.21,1940.14,2210.29,2143.57,2212.5,1830.64,1746.64,2358.86,1480.5,1418.36,1463.5,1914.57,2010.29,2047.36,288.929,282.857,286.214,424.357,412,400.929,289.286,307.643,323.714,,
3067.44,2336.86,2324.93,2293.21,2395.57,2420.64,1950.86,2228.36,2152.36,2207.07,1818.93,1740.57,2372.71,1480.93,1433.79,1473.29,1935.43,2011.14,2042.93,289.214,283.929,287.429,421.429,401.929,402.643,291.857,301.143,320.357,,
3068.72,2348,2342.71,2291.5,2398.5,2386.07,1957,2227.64,2155,2216,1836.93,1746.93,2360.5,1505.21,1445.79,1471.79,1904.07,2014.14,2068.93,289.5,283.929,290.429,419.786,401.929,404.5,290.214,303.071,321.286,,
3070.01,2349.64,2337.07,2287.29,2397.14,2406.86,1961.07,2240.36,2144.07,2197.07,1851.21,1753.5,2364.86,1502.21,1452.71,1486.21,1921.71,2029.79,2071.5,288.143,283.643,290,423.571,405.714,401.714,291,307.357,323.5,,
3071.29,2347.64,2332.64,2290,2383.21,2419.07,1973.14,2231.57,2151.07,2205.71,1858.14,1771.07,2381,1506.86,1444.71,1489.71,1940.21,2039.21,2072.71,290.571,286.857,284.929,422.643,404.786,407.786,290.929,312.214,319.714,,
3072.58,2353.36,2334.07,2281.5,2407.93,2410.57,1970.43,2240,2136.57,2212.79,1834.64,1777.57,2372.93,1517.71,1455.57,1492.29,1925,2051.79,2091.64,292.786,287.786,290.857,419.5,411.714,395.571,293.643,307.143,324.5,,
3073.86,2353.21,2311.5,2301.79,2399.64,2409.5,1957.86,2242.71,2158.21,2203,1876.93,1784.07,2385.43,1521.86,1456.57,1488.86,1967.29,2049.29,2084.29,293.643,283.786,287.929,427.5,408.286,403.786,299.5,305.071,322.786,,
3075.14,2352.07,2326.43,2304.07,2398.71,2421.5,1966,2235.64,2153.64,2195.36,1854.93,1785.79,2389.71,1524.64,1476.5,1491.93,1957.93,2044.57,2092.21,287.5,289.643,284.286,425.429,403.786,402.5,289,305.429,322.286,,
3076.43,2354.79,2342.36,2328.36,2409.14,2437.43,1971.64,2232.79,2167.64,2199.5,1879.14,1793.57,2377,1522.14,1469.64,1503.43,1961.86,2066.29,2098.14,293.357,285.286,289.357,418.643,404.5,406.143,295.5,304.429,324,,
3077.71,2363.93,2330,2305.36,2406.29,2415,1973.14,2254.36,2175.36,2227.36,1887.36,1793,2384.07,1532.21,1474.71,1514.36,1969.93,2046.07,2102.14,290.571,288.429,289,430,407,400.429,291.429,311.357,320.786,,
3078.99,2373.29,2340.86,2319.79,2420.07,2446.21,1989.21,2244.5,2164.14,2233.79,1889.93,1810.5,2393.57,1550.07,1481.93,1514.43,1989,2079.5,2124,286.429,287.214,297.571,425.714,413.286,406.357,296.5,307.857,328.643,,
3080.27,2368.5,2345.79,2316.07,2431.14,2455.93,1992.79,2263.71,2167.07,2229.57,1907.5,1819.71,2378.29,1540.86,1497.36,1524.86,1989.21,2076.5,2115.43,294.214,286.357,283.429,426.714,407,411,297.643,308,319.357,,
3081.56,2374.93,2338.21,2308.43,2435,2441.86,1991.64,2264.79,2149.93,2241.71,1913.57,1825.86,2388.21,1554.71,1504.21,1536.93,1999.36,2103.14,2138.71,295.214,292,290.857,428.357,412.286,415.929,296.5,306.143,330,,
3082.84,2390.29,2354.79,2326.79,2443,2448.5,1990.07,2251.93,2177.07,2229.57,1921.07,1841.36,2408.79,1554.5,1513.14,1549.64,2012.79,2090.29,2148.5,289.857,289.5,291.214,431.857,415.571,410.5,298.071,305.429,329.429,,
3084.12,2386.71,2358.93,2319.36,2435.86,2450.36,2010.64,2254.57,2195.21,2245.86,1924.57,1842.5,2431,1572.5,1522.43,1564.36,2011.29,2109.21,2139.93,299.571,289.286,298.286,430.214,408.429,417.643,296.214,308.5,327.071,,
3085.4,2390,2363.29,2335.07,2437.71,2458.57,2004,2269.14,2186.29,2236.5,1933.29,1855.36,2406,1593.36,1520.5,1559.14,2017.86,2119.36,2174.86,297.643,294.5,289.071,431.714,411.714,416.643,294.5,309.429,331.214,,
3086.68,2401.79,2354.79,2329.36,2453.29,2456,2008.36,2280.21,2194.43,2242.57,1956.29,1855,2417.79,1582,1542.14,1577,2045.43,2131,2183.07,302.857,295.571,295.214,432.786,423,412.929,298.643,309.214,324.214,,
3087.96,2398.14,2367.79,2324.86,2452.57,2473.64,2014.07,2270.79,2205.86,2241.57,1959.07,1860.07,2421.71,1595.93,1546.79,1572.5,2029.86,2124.64,2193.21,294.5,294.857,292,439.286,420.357,416.929,302.357,312.214,328.714,,
3089.24,2404.07,2359.79,2354.57,2451.93,2474.79,2004.64,2270.5,2197.5,2243.43,1968.21,1879.36,2418.43,1603.5,1549.93,1596.07,2061.86,2142.79,2204.07,300.714,292.571,293.143,437.929,421.143,419.357,299.929,320.643,332,,
3090.52,2389.93,2375.21,2334.57,2461.79,2472.07,2007.79,2276.64,2200.43,2256.86,1976.14,1883.57,2420.93,1604.93,1549.29,1595.36,2066.5,2158.29,2211.71,304,292.929,299.429,436.857,421.714,411.357,300.857,316.786,338.857,,
3091.8,2415.5,2375.64,2356,2452.86,2487.57,2023.43,2282.36,2200.71,2251.21,1979.36,1917.79,2440.21,1619.5,1563.29,1612.21,2071,2176.14,2219.29,301.714,295.571,308.857,439.214,425.357,420.714,307.5,316.143,330.143,,
3093.08,2412.43,2389.79,2343.5,2473.86,2492.21,2032,2283.29,2207.93,2257.79,2004.57,1903.43,2423.79,1631.79,1573,1600.64,2076.43,2183.36,2218.36,303.857,288.714,300.786,439.071,427.357,423.643,300.357,320.857,341.643,,
3094.36,2424,2385.36,2363.5,2465.21,2492.43,2023.86,2289.14,2215.29,2266.29,2016,1914.57,2449.36,1637.57,1571.79,1625.64,2089.07,2190.43,2242.21,302.5,300.643,293.714,436.214,419.571,430.214,302.857,321.5,338.286,,
3095.64,2429.14,2381.36,2363.57,2477.64,2497,2038.07,2302.79,2233,2268.57,2025.86,1923.79,2449,1637.71,1586.57,1618.07,2107.5,2194.71,2263.43,303.5,294.286,302.143,443,422.5,422.786,306.286,323.286,341.5,,
3096.92,2422.71,2403.43,2382.57,2475.14,2499.79,2048.36,2302.93,2217.21,2287.21,2028.57,1943.21,2465,1650.79,1595.14,1646.71,2105.5,2206.5,2255.93,303.214,301.786,301.286,445,430.571,430.929,306.929,324,339.714,,
3098.2,2427.5,2404.29,2380.64,2489.5,2487.93,2051.14,2311.79,2225.21,2277.07,2047.71,1942.36,2446,1654.07,1605.64,1642.21,2118.64,2236.29,2269.36,309.071,306.214,299.929,443.071,427.643,428.071,311.214,321.5,342.786,,
3099.48,2441.5,2407.57,2392.5,2492.21,2504.71,2060.29,2310.93,2216.43,2280.43,2056.07,1955,2472,1672.21,1623.36,1668.79,2123.86,2236.5,2312.21,310.143,296.071,305.286,452.714,431.429,422.786,307.429,321.429,335.429,,
3100.76,2446.71,2414.57,2368.93,2506.57,2516.5,2072.86,2335.57,2239.79,2283,2080.21,1963.14,2481.29,1677.43,1633.79,1665.57,2157.07,2251.36,2317.43,308.214,300.5,300.071,444.286,432.643,435.643,311.357,320.429,344.071,,
3102.04,2440.07,2420.93,2390.07,2516.93,2529.29,2070.79,2328.43,2239,2301,2090.64,1991,2499.14,1692.21,1630.71,1673.36,2161.43,2267.79,2318.5,309.429,299.5,304,440.714,436.071,431.286,310.143,328.357,342.429,,
3103.32,2452.79,2423.29,2398.93,2504.86,2531.93,2073,2341.14,2235.14,2303,2089.71,1984.43,2501.71,1691.36,1643.21,1701.86,2170.79,2266.07,2340.86,311,304.143,312.643,463.857,440.429,430.714,313.071,331.5,346.429,,
3104.6,2475.36,2433.5,2396.29,2540.14,2542.79,2094.21,2343.64,2246.43,2303.86,2108.57,2011.21,2509.29,1695.93,1641.36,1703.43,2195.07,2286.79,2326.29,309.857,299.143,309.214,458,438.214,434.857,317.143,327.5,351.643,,
3105.87,2467.21,2430.71,2414.64,2537.79,2535.86,2082.29,2337.07,2256.36,2313.5,2119.21,2021.36,2517.71,1733.07,1671.64,1719.79,2200.86,2307.71,2369.64,312.5,306.214,311.786,453.571,436.857,442.214,313.357,330.571,346.214,,
3107.15,2476,2442.71,2398.86,2533.29,2524.79,2107.07,2331.14,2256.21,2312.43,2127.79,2029.79,2516.29,1729.64,1682.79,1722.43,2210.5,2312.21,2377.57,311.571,306.143,310.214,461.714,435.714,442.429,316.286,332.357,350.929,,
3108.43,2477.07,2463.64,2421.07,2540.71,2545.71,2085.57,2359.64,2266.93,2302.71,2147.79,2037.93,2515.57,1746.29,1687.93,1736,2246.86,2312.36,2394.36,315.286,307.786,314.857,464.286,446.786,439.357,317.643,330.643,353.643,,
3109.7,2474.14,2455.86,2417.43,2567.86,2555.36,2102.86,2351.21,2264.07,2320.86,2168.93,2065.43,2537.21,1755.93,1692.79,1751.93,2227.79,2356.79,2415.43,315.857,309.929,310.643,461.786,444.929,441.786,320.929,335.286,345.286,,
3110.98,2490.14,2455.57,2428.21,2554.57,2562.29,2101.86,2357.07,2279.07,2346.36,2173.29,2078.57,2529.36,1771,1698.43,1754.71,2242.5,2360.64,2420.86,324.143,319.214,309.929,460,439.929,437.071,325.071,337.071,348.5,,
3112.26,2502.29,2450.86,2430.79,2571.64,2562.64,2124.21,2358.71,2270.71,2316.71,2185.57,2083,2543.71,1777.36,1719.29,1768.64,2246.64,2378,2420.21,319.571,311.143,318.143,462.786,445.857,451.286,321.214,337.929,355.286,,
3113.53,2500.71,2454,2457.86,2582.5,2578.36,2130.57,2361.43,2287.29,2331.64,2186,2094.21,2541.57,1798.43,1733,1770.36,2265,2377.86,2450,321.143,314.857,315.071,467.071,456.714,449.286,325.643,340.5,360.929,,
3114.81,2512.14,2468.29,2447.57,2583.29,2587,2147.93,2375.5,2289.43,2342.5,2221,2134.86,2550.5,1812.79,1758,1786.43,2284.14,2406.43,2473.07,318.5,315.286,317.357,463.929,457.5,451.5,326.286,345.214,365.143,,
3116.09,2514.43,2483.29,2429.57,2587.43,2599.86,2126.07,2387.5,2313.21,2343.43,2220.57,2130.79,2577.14,1804.79,1749.36,1804.14,2306.36,2415.43,2475.57,315.857,312.643,316.5,467.5,461.786,454.786,319.714,343.643,357.929,,
3117.36,2528.43,2493.93,2446.71,2576.43,2608.79,2171.43,2399.29,2307.64,2363.21,2241.14,2143.14,2587.07,1828.36,1783.79,1809.79,2309.79,2436.57,2499.57,317.643,314.286,321.643,469.5,454.214,453.5,326.714,347.357,360.643,,
3118.64,2541.93,2489.71,2450.43,2598.5,2619.64,2162.21,2400.79,2325.21,2353.5,2253.79,2164.79,2589.93,1841.29,1779.14,1834.36,2323.14,2448.21,2515.5,320.929,317.857,325.071,475.5,456.286,457.929,325.714,341.786,360.5,,
3119.91,2551.5,2511.21,2457.29,2597.14,2625.71,2163.71,2411.07,2320.79,2387.79,2263.43,2180.93,2609.5,1861,1791.86,1849,2338.93,2464.5,2524.93,320.786,320,317.786,475.429,460.143,457.143,334.929,347.929,362.857,,
3121.19,2545.14,2505,2478.43,2627.71,2633.36,2188.86,2420.36,2330.29,2379.21,2281.14,2212,2606.79,1856.86,1801.86,1865.64,2354.43,2469.71,2533.14,326.429,318.143,329.786,477.429,463.571,462,331.286,349.071,366,,
3122.46,2566.86,2516.36,2493.71,2648,2639.86,2187,2413.29,2336.57,2381.21,2311.36,2201.21,2607.14,1869.86,1819.86,1880.57,2382.64,2494,2562.64,322.5,321.429,329.143,480.5,467.5,463.071,334.643,353.214,373.286,,
3123.74,2584.5,2528.79,2484.5,2639.71,2651.86,2201.43,2438.43,2343.5,2382.79,2321.14,2235,2605,1882.14,1828.86,1891.79,2394.07,2510,2578.36,328.429,326.5,331.071,486.857,464.571,464.5,333.214,351,368.643,,
3125.01,2576.5,2532.21,2490.93,2652.36,2645.71,2207.29,2438.36,2334.21,2410.93,2343.64,2224.43,2625.43,1898,1857.93,1889.5,2404.21,2529.21,2599.29,327.429,325.857,332.357,488.571,473,463.5,337.714,353,369.286,,
3126.29,2583.64,2550.64,2514,2655.07,2650.14,2210.14,2438.93,2353.64,2393.29,2351.43,2252.43,2621.93,1880.86,1864.5,1917.5,2412.86,2550.64,2613.43,330.857,321.929,331.571,488.571,464.429,466.214,332.143,355.143,373,,
3127.56,2598.71,2537.07,2519.79,2643.07,2659.79,2208.57,2451.57,2358.21,2401.21,2368.86,2265.86,2634.36,1916.14,1870.79,1926.21,2449.5,2555.29,2610.93,333.5,328.643,331.643,483.5,469.929,466.429,340.143,355.5,374.714,,
3128.84,2593.5,2549,2516.57,2667.86,2666.57,2224.79,2442.21,2369.93,2414.07,2410.86,2296.14,2635,1939.64,1887.64,1948.57,2461.57,2572.57,2639.36,335.286,328.286,331.143,489.786,475.5,468.143,336.929,356.857,380.643,,
3130.11,2605.21,2569.14,2531.5,2673.5,2675.14,2225.5,2443.43,2366,2429.29,2415.71,2280.43,2657.93,1950.43,1884.57,1959.57,2471.43,2596.14,2654.57,336.643,327.929,333.429,498.857,475.857,477.286,346.5,358.5,381.071,,
3131.38,2610.43,2570.5,2524.36,2664.21,2687.93,2245.36,2466.43,2362.29,2425.29,2435.93,2299.14,2674.21,1948.93,1924.64,1969.79,2481.36,2614.14,2677.79,332.143,330.857,338,501.429,472.214,472.429,344,362.5,384.143,,
3132.66,2613.21,2570.21,2538.57,2704.64,2695,2259.5,2477.79,2374.29,2426.57,2436.36,2331.79,2681.93,1964.57,1933.21,1988.36,2513.21,2618.57,2688.64,331.5,329.286,333.857,503.357,483.286,474.571,349.286,363.214,389.929,,
3133.93,2632,2564.21,2547.71,2697.14,2721.36,2262.71,2467.57,2401.57,2445.36,2465.29,2355.36,2686.57,1995.64,1943.64,2001,2525.29,2635.21,2708,337.071,338.286,343.571,493.857,478.786,478.143,345.786,367.143,389.357,,
3135.2,2657.93,2599.57,2563.64,2713.79,2723.21,2281.36,2494.86,2403.71,2451.21,2475.14,2340.43,2700,2000.21,1957.5,2010.36,2546.71,2639.29,2733.86,341.5,327.357,336.643,516.571,490.714,481.5,352.571,367.071,388.143,,
3136.48,2641.57,2608.93,2573.14,2705,2733.64,2270.86,2506.79,2420.29,2458.93,2494.36,2381.07,2708.07,2010.07,1964.29,2026.36,2541.29,2669.36,2728.64,346.143,336.214,336.714,501.857,487.143,480.714,351.643,370.929,388.286,,
3137.75,2653.71,2622.79,2554,2743.14,2741.36,2301.57,2534,2416.43,2480.14,2508.21,2411,2706.57,2022.64,1976,2022.79,2546.64,2703.29,2776.79,346,335.929,345,500.643,491.214,490.929,349.071,366.786,395.571,,
3139.02,2667.36,2629.29,2581.79,2728.64,2737.57,2291.14,2504.43,2419.14,2455.43,2533.5,2411.79,2722.21,2032.71,1983,2042.14,2571.14,2716.43,2804.14,348.857,332.357,338.143,513.214,498.286,494.286,355.857,369.643,395.857,,
3140.29,2687.36,2633.79,2598.29,2750.79,2757.14,2311.14,2518.64,2425.07,2476.71,2551.79,2409.57,2722.71,2054.21,2013,2071.5,2587.71,2741.86,2806.71,344.786,341.571,339.929,516.143,499,490.5,346.286,367.714,394.857,,
3141.56,2676.43,2635.79,2598,2766.21,2773.86,2316.57,2529.71,2430.64,2479.57,2549.5,2453.14,2736.5,2062.43,2019.21,2085.64,2625.5,2757.43,2817.36,348.214,347.071,349.5,511.857,496.714,492,353.571,375.071,395.214,,
3142.83,2701.36,2657.79,2601.07,2773.79,2760.93,2316.79,2534.79,2446.79,2495.71,2577.07,2449.57,2754.07,2069.29,2036.14,2085.86,2641.93,2777.14,2839.36,346,342.286,347.429,513.357,505.143,498.857,356.929,379.786,388.786,,
3144.1,2709.93,2661,2614.07,2780.14,2764.43,2330.57,2556,2461.64,2504.93,2591.21,2469.14,2757.43,2125.29,2026.43,2119.57,2648.14,2792.14,2870.64,350.071,341.143,347.286,523.571,509,496.714,353.214,378.929,397.214,,
3145.38,2710.29,2652.07,2616.07,2787.36,2792.14,2333.5,2560.71,2476.64,2496.5,2612.29,2496.21,2775.86,2107,2068.57,2123.93,2675.29,2789.71,2886.29,360.571,346.071,356.143,526.286,501.071,501.714,356.5,379.571,399.143,,
3146.65,2707.07,2664.93,2636,2797.07,2787.86,2331.21,2547.57,2466.07,2498.79,2611.43,2508.14,2766,2126.71,2080.43,2146.64,2668.14,2828.36,2903.21,348.857,343.786,355.429,522.143,497.786,505.214,356.5,381.214,404.929,,
3147.92,2712.43,2656.36,2640.71,2791.71,2792.29,2351.86,2550.86,2459.14,2514.71,2636.71,2517.86,2773.57,2129.07,2087.29,2144.14,2700.57,2836.43,2912.71,354.857,350.286,361.071,524.286,513.357,507.429,367,381.786,401.143,,
3149.19,2714.29,2659.07,2635.21,2811.14,2801.29,2359.14,2570.79,2476.43,2512.86,2654.29,2544,2802.71,2131.79,2096.86,2155.71,2725.79,2840.36,2919.07,359.071,346.714,352.571,526.786,505.571,504.214,365.714,390.571,407.214,,
3150.46,2738.71,2680.36,2641.64,2807.14,2824.14,2362.21,2571.07,2485.57,2527.07,2681.36,2561.29,2797.36,2151.57,2106.29,2174.86,2717.29,2879.07,2958.21,358.571,348.357,353,530.5,506.357,505.071,369.143,385.714,406.214,,
3151.73,2760.86,2683.36,2667.86,2822.79,2818.71,2374.93,2567.36,2498.86,2538.21,2695.79,2566.86,2821.36,2179.86,2132.07,2193,2732.86,2887.86,2960.14,353.214,355.643,357.786,523.643,513.286,513.214,372.286,390.857,413.857,,
3153,2747.5,2685.79,2655.64,2823.57,2828.64,2387.86,2589,2499.43,2546.07,2715.79,2579.5,2824.57,2189.86,2132,2223.86,2772.93,2885.71,2982.86,362.929,358.071,358.214,536.714,513,514.786,372.286,389.571,410.643,,
3154.27,2765.57,2707.93,2682.36,2847.43,2845,2390.21,2578.21,2499.07,2562.36,2720.71,2615.36,2842.79,2184.57,2161.07,2236,2782.5,2923.86,3001.07,354.786,355.571,366,535.928,520.214,515.214,369.143,392.071,420.286,,
3155.54,2765.29,2715.79,2672.71,2871.5,2850.71,2411.64,2601.36,2527.57,2560.43,2747.57,2626.64,2823.21,2215.93,2168.86,2246.64,2793.43,2947.64,3013.21,356.929,363.286,359.286,535.429,523.571,520.357,368.929,399.071,417.214,,
3156.81,2787.36,2716.79,2684.07,2857.86,2875.57,2425.93,2621.86,2524,2565.21,2764.57,2639.64,2843.57,2231.21,2190,2267.64,2820.86,2950.93,3039.14,365.214,353.929,360.643,537.857,522.429,524.929,371.714,389.214,420.929,,
3158.07,2788.21,2723,2688.21,2863.57,2871.79,2433.93,2620.43,2531.21,2566.36,2764.29,2643.5,2858.14,2250.93,2193.5,2264.36,2814.57,2983.64,3058.57,361,355.5,364.643,537.143,533.143,524,376,386.357,418.714,,
3159.34,2803.21,2752.07,2719.21,2876.21,2885.79,2433.64,2636.14,2538,2582.5,2800.07,2661.79,2873.93,2252.71,2211.5,2295.36,2835.07,3003.43,3073.5,369.429,361.571,366.357,542,533.643,523.357,385,396.786,420.857,,
3160.61,2811.29,2752.36,2735.57,2891.64,2883.21,2445.57,2623.43,2543.86,2587.43,2812.79,2686.86,2875.86,2269.5,2227.86,2290.93,2857.64,3003.07,3099.07,369.857,363.429,365.714,552,536.286,522,376.071,395.214,424.643,,
3161.88,2798.79,2753.21,2721,2889.79,2903.07,2449,2642.79,2549.29,2599.64,2836.5,2702.14,2885.93,2297,2240.71,2321.5,2881.93,3042.07,3129,369.571,364.786,370.286,553,535.214,534.643,383.286,395.929,429.071,,
3163.15,2839.14,2772.64,2730.57,2913.36,2909.71,2470.07,2642.21,2562.5,2605.71,2840,2706.86,2897.21,2295.93,2244.86,2327.36,2886.57,3045.64,3136.64,371.286,371.286,370.357,552.714,537.929,532,377.5,403.071,427.143,,
3164.42,2830.71,2771.86,2730.57,2908.29,2922.43,2474.64,2652.86,2565.07,2604.43,2868.71,2732,2900.29,2321.29,2262.07,2348.43,2902,3084.14,3159.14,378,367.286,373,562.357,545.929,529.929,384.643,402.071,433.714,,
3165.68,2830.93,2762.64,2726.5,2919,2917.71,2459.29,2652,2558.79,2606.36,2884.79,2748,2898.71,2315.5,2290.86,2346.36,2916.57,3084.07,3179.21,373.5,369.071,373.714,565.786,537.357,531.571,381.643,399.857,429.286,,
3166.95,2839.5,2792.64,2753,2927.5,2935.93,2486.29,2671.07,2573,2602.86,2882.43,2761.21,2897.86,2327.21,2282,2352.43,2940.93,3077.71,3183.21,373.071,375.429,381.571,566.429,539.429,540.571,385.929,409.857,425.857,,
3168.22,2850.71,2792.79,2756.14,2949.14,2911.79,2485.14,2666.21,2562.93,2608,2905.79,2783.71,2922,2353,2311.21,2383,2959.43,3114.07,3209.21,373.786,373,379,564.857,543.286,540.786,388.5,413.429,433.214,,
3169.48,2849.93,2797.29,2760.71,2937.21,2938.5,2495,2667.14,2590,2614.5,2934,2774.29,2927.14,2377.71,2303.64,2399.57,2962.57,3125.29,3229.86,373.857,368.571,382.643,569.929,547,538.786,386.929,411.857,436.429,,
3170.75,2855.5,2807.86,2760.93,2954.5,2937.79,2504.29,2680.86,2595.14,2639.36,2940.21,2812.21,2946.36,2366.43,2331.43,2408.64,2979.21,3132.57,3229.14,382,371.571,374.786,576.357,545.286,542,392.286,413.643,433.071,,
3172.02,2866.14,2813.43,2751.71,2954.29,2943.93,2497.64,2688.71,2597.86,2625.79,2960.93,2828.71,2956.79,2390.71,2335.21,2434,2998.86,3147.43,3246.43,376.357,381,378.929,565.214,550.286,543.286,392.214,417.5,435.286,,
3173.28,2889.14,2800.07,2783.79,2973.36,2968,2530.79,2692.07,2599.36,2638.14,2984.07,2839.07,2942,2403.71,2344.29,2433,3024.36,3165.07,3265.43,379.357,367.786,384,567.786,551.357,543.071,392.786,422.143,440.5,,
3174.55,2895.71,2804,2776.93,2961.43,2975,2516.43,2710.57,2608.79,2652.29,3004.29,2845.36,2963.79,2399,2375.36,2460.64,3022.36,3203.86,3278.93,386.071,370.643,381.429,564.786,549.429,546.286,394.714,415.286,441.143,,
3175.82,2891.43,2831.64,2794.07,2990.57,2992.86,2555.64,2702.79,2624.07,2653.64,3015.36,2871,2972.36,2431,2369.5,2467.93,3042.5,3199.79,3295.21,383.786,374.357,384.286,563.214,558,551.571,398.143,412.214,441.143,,
3177.08,2902.5,2820.86,2805.43,3007.57,2990.93,2556.43,2729.43,2630,2651.07,3027.64,2897.86,2986.14,2447.57,2402.5,2462.57,3064,3219.57,3307.29,387.929,379.786,380.857,570.786,554.643,555,398.143,418.571,439.429,,
3178.35,2904.14,2853.43,2814.43,3004.64,2992.29,2560.86,2731.29,2635.21,2655.14,3032.14,2905.79,2989.64,2441.93,2386.43,2477.14,3086.29,3225.43,3321.79,388.214,383.929,384.286,579.5,564.714,552.143,387.857,419.071,445.5,,
3179.61,2922.21,2822.14,2803.79,3014.5,2983.29,2543.79,2711.14,2637.79,2665.86,3064.64,2912.86,2989.71,2457.57,2404.79,2497.5,3091.5,3276.43,3366,384.786,385.071,387.5,577.643,558.643,562.643,398.5,416.786,445.857,,
3180.88,2925.79,2841.71,2820.43,3006.29,3010,2555.64,2727.79,2638.43,2664.07,3062.07,2926.29,3010.64,2473.57,2438.79,2527.43,3101.79,3255.64,3356.5,386.143,375.5,383.714,575.071,557.714,560.214,395.429,421.929,450.643,,
3182.14,2933.71,2858.71,2837.43,3028,2996.5,2563.14,2739.21,2643.79,2690.71,3073.07,2925.93,3025.43,2478.86,2442.29,2532.71,3113.64,3275.36,3378,387.357,387.714,390.071,594.357,561.929,557.786,395.786,421.857,450.929,,
3183.41,2950.93,2868.43,2811.14,3039.57,3024.43,2569.86,2739.64,2652.43,2679.93,3094.57,2960.86,2999.14,2480.21,2448.86,2539.43,3150,3309.57,3399.57,388.786,384.286,392.5,586.857,567.286,556.929,405.857,427.214,447.857,,
3184.67,2932,2868.43,2829.21,3034.71,3015.07,2577.07,2746.5,2644.21,2683.57,3110.43,2944,3020,2498.5,2443.07,2550.86,3138,3315.93,3421.29,388.143,384.5,393.857,587.786,563.357,555.929,408.357,426.143,455.714,,
3185.93,2931.43,2881.07,2837.07,3040.57,3031.43,2577.07,2733.14,2675.86,2700,3117.64,2961.21,3023.43,2500.86,2458.36,2561.5,3150.07,3311.57,3415,395.643,384,385.643,582.357,568,565.143,403.357,430.714,451.714,,
3187.2,2959.07,2868.14,2841.57,3049.21,3024.71,2601.71,2741,2660.57,2708.71,3128.29,2997.07,3035.86,2529.93,2488.57,2571.14,3157.93,3341.43,3451,393.214,388.143,391.429,588.714,576.429,564.857,412.143,431.071,449.786,,
3188.46,2942.07,2883.64,2851.79,3078.36,3048,2594.43,2751.29,2651.21,2682.79,3135.79,3013.71,3025.86,2534.64,2499.93,2586.71,3188.29,3360.57,3447.14,391.357,387.857,396,588.214,570.429,569.643,416.429,435.5,455.643,,
3189.72,2958.71,2889.36,2845.93,3066.93,3047.71,2604.86,2752.36,2675.64,2703.64,3164.36,3010.79,3037.07,2525.93,2499.14,2591.29,3179.29,3359.07,3469.71,384.143,394.786,394.857,597.857,574.429,563.929,407.429,433.643,462.071,,
3190.99,2966.36,2887.93,2848,3069.57,3038.71,2623,2761.57,2697.79,2706.5,3186.57,3024.29,3050.29,2547.5,2503.71,2616.36,3209.21,3379.29,3476.07,395.857,388.286,387.929,592.714,575.214,561.286,410.429,437.643,457.071,,
3192.25,2981.36,2899.86,2849.14,3059.57,3053,2625.43,2760.29,2680.43,2727.14,3201.71,3031.14,3049.14,2567.5,2515.29,2620.64,3212.57,3407.36,3488.21,401.429,392.571,392.286,599.5,579.571,568.714,411.429,434.286,462.5,,
3193.51,2983.71,2895.21,2873.57,3080.57,3079.43,2628.21,2762.07,2686.79,2720,3204.29,3052,3081.5,2570.79,2527.64,2617,3195.79,3388.93,3507.21,397.286,393.714,394.143,598.5,574.214,570,408.357,431.571,467,,
3194.78,2988.71,2912.43,2884.36,3087.36,3071.57,2638.86,2785.5,2698.36,2724.5,3230.64,3066.43,3052.5,2591.36,2534.43,2646.57,3240.64,3405.07,3517.5,399.143,387.643,394.071,601.929,579.214,577.071,409.286,436.143,465.143,,
3196.04,3004.79,2919.79,2872.93,3096.07,3081.5,2637.64,2789.93,2698.29,2710.57,3241.43,3062.57,3074.21,2593.57,2562.86,2659.5,3243.57,3431.57,3539.93,395.929,396.214,400.429,591.786,572.429,583.786,420.857,436.357,465,,
3197.3,2994.5,2920.64,2865.71,3079.79,3073.64,2644.71,2795.86,2706.93,2724.79,3232.29,3096.29,3083,2609.93,2571.5,2642.64,3260.64,3435.43,3539.43,399.286,388.5,403.5,603.857,590.429,581.714,413.357,437.071,467.214,,
3198.56,3006.57,2908.93,2878.71,3095.5,3097,2645.14,2801.79,2707,2717.14,3254.5,3101.71,3065.93,2606,2563.36,2666.5,3268.86,3441.93,3561.57,401.643,400.643,399.714,604.929,589.786,581.643,419,440.786,464.5,,
3199.82,2989.64,2925.36,2896.71,3104,3082.14,2647.14,2802.5,2706.5,2736.86,3263.07,3099.5,3089.07,2613.14,2562.79,2682.43,3271.57,3464.5,3545.64,405,399,404.357,604.714,583.5,582.143,406.286,446.429,466.071,,
3201.08,3017.14,2925.29,2896.5,3118.43,3108.29,2670.86,2807.14,2702.71,2733.93,3268,3123.14,3077.64,2615.64,2581.43,2693,3298.57,3470.71,3584.14,402.857,395.929,402.857,609.714,589.072,579,421.714,444.286,468.214,,
3202.35,3004.57,2926.07,2887.07,3102.14,3092.71,2663.5,2797.57,2723.71,2724.29,3283.57,3108.43,3088.57,2632.5,2590.5,2674.29,3283.86,3492.29,3592.57,402.286,396.571,408.857,600.643,592.357,592.429,415.5,444.643,472.714,,
3203.61,3007.93,2931.29,2891.71,3115.43,3095.79,2664.86,2790.43,2711.86,2751.43,3296.14,3134.43,3108.79,2650.64,2594.57,2691.29,3319,3501.43,3581.14,402.357,406.071,410.857,610.357,588.286,589.929,422.643,441.929,475.214,,
3204.87,3006.5,2949.07,2904.29,3114.07,3104,2665.43,2810.21,2711,2733.21,3290.86,3128.43,3114.14,2661.5,2608.36,2728.64,3325.79,3503.43,3635.64,403.786,407,403.143,613.571,593.786,577.5,421.214,442.357,476.571,,
3206.13,3010.29,2954.29,2907.93,3127.21,3121.43,2675.14,2792.14,2725.36,2755.21,3301.79,3163.64,3098.64,2657.29,2611.36,2708.86,3341.5,3512,3620.29,405,405.214,413.429,609.357,598.214,584.143,430.429,454.143,471.286,,
3207.39,3015.21,2946.57,2903.86,3130.43,3104.57,2660.07,2820.07,2732.29,2743.36,3300.64,3172.64,3094.5,2655.93,2630.86,2720.36,3343.43,3525.43,3613.43,404.714,402.857,410.214,611.929,591.286,576.143,421.357,446.929,470.786,,
3208.65,3020,2936,2903.86,3121.86,3125.21,2680.07,2805.21,2747.14,2757.79,3334.5,3172.43,3104.93,2662.71,2653.71,2735.14,3350.57,3523.5,3620.57,407.929,401.357,409.071,607.214,587.929,588.143,427.5,453.357,476,,
3209.91,3055.36,2948.07,2917.36,3141,3129.79,2679.43,2818.21,2738.21,2748.5,3348.07,3181.14,3109.57,2693.64,2640.57,2749.14,3345.43,3516.07,3642.07,410.714,402.357,409.929,609.929,595.357,588.286,418.071,449.357,482.357,,
3211.17,3037.79,2956.21,2921.86,3154.93,3126,2700.5,2801.71,2733.64,2745.07,3342.07,3185.29,3111.43,2683.36,2650.57,2740,3347.29,3583.79,3655.43,409.143,403.786,404.286,610.5,599.143,591,419.5,444.571,476.714,,
3212.43,3046.64,2949,2915.5,3139.5,3135.29,2690.71,2820.93,2751.5,2765.93,3354.29,3186.64,3131.79,2684.5,2670.86,2759.5,3368.64,3556.5,3646.64,403.429,407.071,408.857,614.714,595.286,590,429.071,454.929,474.857,,
3213.69,3039.29,2952.93,2931.5,3144.5,3136.71,2691.64,2837.79,2737,2758.07,3371.29,3212.07,3137.64,2696.93,2683.29,2770,3367.36,3552,3671.93,408.857,399.571,399.714,619.214,591.357,593.857,424,454.071,475.286,,
3214.95,3053.14,2967.43,2927.21,3165,3141.29,2704.86,2837.36,2773.71,2766.07,3361.5,3209.14,3122.07,2693.64,2660.36,2764.07,3384.36,3570.79,3675.07,411.643,404.5,404.786,617.357,600.929,591.928,428,453.786,478.786,,
3216.21,3041.07,2955.07,2932.93,3151.07,3147.5,2701.57,2815.86,2747.21,2770.29,3389,3207.64,3147.93,2706.14,2664.5,2777.5,3393.07,3569.71,3694.14,409.714,410.286,415.857,623.643,593.143,596.286,424.357,447.857,476.643,,
3217.46,3053.57,2967.29,2927.57,3153.21,3152.29,2702.14,2835.29,2760.07,2773.29,3399.57,3232.14,3133.5,2727.14,2695.36,2788.21,3398.21,3591,3691.64,410.714,409,412.429,619.357,602.929,602.214,430.857,453.714,474.643,,
3218.72,3061.79,2986.64,2953.57,3140.5,3145.57,2712.93,2853.14,2765.5,2781.14,3359,3238.14,3144.07,2723.07,2684,2792.5,3422.64,3587.07,3698.64,411.357,408.857,409.214,618.929,603,596.714,430.5,461.286,479.571,,
3219.98,3066.29,2970.86,2958.79,3165.71,3145.29,2711.57,2818,2757.29,2797.43,3412.79,3218.43,3112,2743.86,2689.07,2792.43,3415.5,3610.5,3718.36,413.429,402.286,414.929,629.429,610.857,603.786,430,457.857,483.643,,
3221.24,3062,2971.71,2948.43,3176.14,3145.07,2716.29,2846,2777.43,2771.93,3426.14,3238.64,3139,2753.5,2706,2790.14,3423.14,3618,3737.93,411.357,408.786,419.5,632.286,601.786,588.286,433.429,459.5,484.5,,
3222.5,3074.29,2973.71,2941.57,3150.29,3150.86,2711.43,2844.57,2742.93,2767.64,3411.93,3256.86,3133.36,2743.36,2689,2804.86,3446.79,3628.21,3724.79,416.214,404.5,418.714,617,605.786,603.214,432.643,450.143,491.643,,
3223.75,3059.21,2975.93,2946.71,3181,3147,2721.21,2835.86,2738.43,2783,3387.43,3244.29,3144.79,2738.64,2698.93,2808.93,3437.86,3614.14,3709.86,416.5,416.286,417.857,622.071,603.214,603.214,429.714,459.857,485.5,,
3225.01,3061,2983.57,2939.5,3188.21,3135.79,2718.93,2844.57,2764.36,2772.21,3434.14,3259.36,3157.14,2749.07,2709.71,2812.71,3442.07,3635.86,3729.57,415.714,414.929,412.571,625.286,600.929,595.857,435.214,462.714,487.929,,
3226.27,3063.21,2968.43,2945.57,3182.14,3153.14,2731.43,2842.57,2762.29,2786.79,3414.86,3280.29,3152.93,2749.21,2733.5,2822.93,3446.14,3634,3729.93,410.5,411.929,419.214,621.214,615.857,598.643,433.429,459.643,487,,
3227.53,3084.14,2989.86,2941.64,3182.29,3179.43,2733.29,2848.93,2773.07,2765.21,3454.14,3266.93,3149.36,2756.93,2704.79,2846,3474.71,3642.71,3753.5,421.786,404.571,421.357,623,612.643,603.429,435.071,461.286,492.857,,
3228.78,3086,2965.29,2938.07,3179.79,3143.29,2734,2866.21,2750.43,2798.71,3444.21,3291.86,3171.71,2742.21,2724.36,2852,3450.79,3637.93,3733.5,414.071,413.929,418.571,634.429,612.286,604.929,444.571,455.714,484.929,,
3230.04,3073.29,2996.86,2953.57,3195.93,3148.36,2729.36,2851.86,2761,2778.43,3448.64,3290.86,3182.86,2763.36,2741.36,2841.64,3435.64,3629.57,3747.14,415.429,418,425.357,632.571,618.643,606.429,439.857,463.357,489.786,,
3231.3,3068.43,2994,2958.36,3204.07,3160,2728.93,2857.93,2778.93,2798.79,3453.43,3312.64,3182.86,2773.36,2733.71,2836.71,3460.43,3663.29,3759.14,417.5,408.929,418.143,631.714,608.286,603.857,434.357,457.5,488.5,,
3232.55,3081.5,2998.36,2962.64,3211,3182.43,2762.5,2865.79,2782.21,2802.5,3480.5,3302.79,3169.5,2792.5,2736.86,2844.21,3449.36,3668.93,3753.57,415.929,409.857,412.857,622.429,613.357,606.571,434.929,463.786,486.071,,
3233.81,3087.57,2995.43,2981.71,3198.93,3178,2750.57,2864.57,2797.21,2796.57,3452.79,3301.5,3179.5,2760,2736.29,2873.86,3474.93,3648,3771.21,415.357,404.143,417.071,632,620.143,613.429,444.214,464.786,485.929,,
3235.06,3082.5,3004.71,2964.64,3202.57,3161.07,2758.21,2855.29,2806.43,2796,3475.07,3312.21,3172.93,2789.36,2753.14,2872.43,3464.14,3678.14,3774.29,418.643,410.857,414.786,628.429,615.714,611.286,434,455.857,483.357,,
3236.32,3083.79,3004.21,2960.79,3198.36,3183.64,2772.71,2867.93,2776.29,2801.64,3470.5,3299.43,3160.07,2798.64,2760.64,2855.64,3472.21,3685.5,3771.36,416.786,407.357,421,638.714,613.286,606.286,434.214,460.571,496.071,,
3237.57,3093.86,3003.93,2966.71,3209.57,3179.21,2748.86,2870,2809.86,2795.79,3479.21,3319.79,3199,2779.79,2746.93,2879.86,3484.29,3670.36,3764.29,420.643,413.286,419,628.571,613.786,620,439.571,456,483.571,,
3238.83,3107.43,2998.79,2966.43,3210.43,3191.21,2755.71,2858.14,2790.86,2810.14,3503.86,3324.71,3187.57,2783,2771.57,2893.43,3482.5,3705.57,3790.86,414.286,417.643,421.143,635.214,614.143,599.786,440.214,464.429,490.571,,
3240.08,3100.57,3012.86,2977.64,3195.36,3189.5,2757.71,2874.43,2786.29,2816.57,3496.21,3323.79,3194.43,2813.29,2749.21,2886.21,3499.21,3678.36,3806.21,413.357,416.714,422.286,641.857,614.643,614.286,442.357,462.071,492.429,,
3241.34,3101.5,3012.21,2952.36,3206.36,3200.86,2751.21,2872.14,2801.71,2807.14,3480.86,3297.64,3192.36,2797.29,2759.36,2872.43,3498.07,3704.43,3811.86,417.286,418,424,635.286,620.071,614.429,432.643,462.857,490.714,,
3242.59,3102.5,3010.79,2961.64,3197.07,3191,2740.93,2869.36,2794.93,2803.86,3487.64,3325.36,3190.36,2792.93,2775.29,2873.21,3510.57,3701.14,3810.14,425.071,415.214,420.714,634.643,622.786,606.286,442.929,465.571,497.429,,
3243.85,3102.29,3002.71,2965.36,3187.57,3188.57,2756.57,2867.07,2774.21,2803.79,3476,3323.21,3171.93,2792,2774.5,2907,3509.14,3703.57,3802.07,421.929,411.286,420.571,630.214,609.143,614.143,436.357,470.571,499.357,,
3245.1,3102.43,3018.36,2982.64,3202.86,3189.93,2753.21,2884.07,2783.36,2826.29,3495.36,3332.64,3183.43,2806.36,2786,2900,3493.93,3708.36,3813,421.643,418,418.357,632.929,616.214,616.714,439.786,463.357,496.714,,
3246.35,3100,3017.71,2991.29,3215.07,3198.14,2773.43,2862,2796.71,2831.71,3513,3322.93,3204.93,2816.21,2782,2880.79,3516.57,3707.86,3823.79,417.786,414.214,421.429,639.071,613.286,613.5,441.857,466.643,496.643,,
3247.61,3098.71,3020.36,2992,3218.07,3182.21,2764.21,2880.79,2787.36,2809.93,3500.71,3356.43,3215.64,2826.07,2805.14,2911.43,3499.57,3710,3808,414.357,418.214,416.643,636.071,613.571,613.143,440.643,465.929,495.214,,
3248.86,3102.07,3012.21,2981.57,3214.57,3186.93,2761.43,2875.14,2792.5,2804.29,3519.71,3336.79,3220,2815.21,2781.5,2902.86,3490.86,3723.29,3806,423.714,419.286,423.857,641.143,620.143,616.071,443.857,463.357,492.429,,
3250.11,3096.79,3036.57,2990.57,3225.93,3181,2781.71,2890.79,2811.5,2829.14,3529.93,3334.21,3207.5,2841.14,2804.14,2909.07,3531.29,3708.64,3836.21,423.286,416.286,423.357,630.071,614.786,606.643,434.929,462.571,486.786,,
3251.37,3125.86,3026.57,2996.86,3236.86,3212.43,2772.36,2876.43,2810.29,2808.43,3520.5,3352.29,3218.93,2812.21,2805.36,2886.14,3504.07,3702.86,3838.21,418.643,417.643,421.071,629.357,621.714,611,443.5,464.071,496.429,,
3252.62,3116.57,3025.79,2958.5,3219.64,3199.21,2770.36,2897.21,2779.07,2823.5,3511.71,3353.21,3192.14,2841.79,2781.64,2914.79,3533.14,3708.43,3821.29,423.5,416.714,426.571,640.214,623.286,618,443.714,462.714,493.5,,
3253.87,3099.5,3031.57,2989.07,3217.14,3203.71,2787.43,2891.57,2811.86,2821.71,3540.43,3361.43,3206,2818.21,2805.07,2917.36,3538.93,3719.36,3836.29,421.571,414.857,416.786,642.571,620.643,613.786,445.143,463.929,494.857,,
3255.12,3116.07,3039.57,2992,3227.36,3203.86,2797.79,2892.57,2800.43,2826.07,3551.36,3364.07,3206.5,2818.29,2800.86,2912.36,3543.21,3746,3853.86,426.214,417.714,420.286,643,625.286,620.643,441.214,468.286,490.786,,
3256.38,3121.79,3019.21,2980,3220.64,3198.07,2785,2898.5,2800.93,2820.5,3526.29,3354.57,3204.64,2842.43,2802,2930,3530.14,3729.07,3863.14,424,422.143,425.286,638,626.571,622.857,444.143,474.571,498.5,,
3257.63,3113.43,3036.36,2997.71,3221.29,3226.71,2791.5,2903.43,2814.57,2811.79,3522.71,3362.36,3213.57,2840.79,2807,2935.29,3558.36,3745.21,3850.86,423.214,421.214,424.571,645.571,620.643,611.357,443,478.857,493.071,,
3258.88,3122.14,3024.93,2989.14,3248.5,3205.64,2788.79,2887.86,2816.5,2836.57,3548.07,3350.93,3200.86,2853.14,2813.29,2927.93,3546.93,3755,3876.57,421.143,425.357,432.5,645.143,621.571,616.643,440.429,465.5,497.143,,
3260.13,3111.79,3035.79,2972.79,3234.71,3203.93,2775.36,2902,2815.29,2820.14,3553.64,3348.5,3233.29,2850.86,2815,2912.57,3563.93,3757.64,3875.5,424.929,419.286,432.857,637.357,624.143,615.143,444.071,467.929,505.143,,
3261.38,3141.93,3038.79,2994.57,3222.21,3223.36,2784.86,2901.5,2823.86,2819.86,3545,3381.86,3224,2843.07,2810.57,2956.29,3539.14,3753.93,3882.79,428.571,430,430.357,645.5,632.071,616.714,447.714,471,499.143,,
3262.63,3098.07,3029.07,2989.14,3237.29,3215.07,2776,2893.07,2810.36,2837.71,3542,3362.14,3215.21,2840.21,2810.36,2924.5,3563.5,3737.21,3868.43,424.286,425.786,421.571,646.571,630.857,623.5,448.143,464.357,500.929,,
3263.88,3122.43,3042.57,3011,3237.43,3196.29,2776.43,2915.14,2822.07,2835.36,3535.07,3373.21,3216.93,2853,2798.14,2923.86,3554.36,3752.36,3870.29,429.714,418.857,432.643,638.5,618.286,615,453.357,481.143,504.714,,
3265.13,3120.86,3038.21,3016.36,3237.36,3185.79,2796.71,2911.86,2822.86,2835.71,3564.93,3382.14,3238.57,2868.07,2812.79,2926.14,3552.57,3748.5,3865.93,430,430.286,426.286,646.929,624.786,620.143,449.214,476.214,502.357,,
3266.38,3128.43,3027.79,2997.86,3225.93,3223.43,2789.36,2896.43,2825.36,2827.93,3570.07,3378,3227.64,2863.29,2825.86,2934.43,3562.79,3746.5,3848.29,425.429,423.214,430.571,646.857,622.5,618.286,446.143,472.143,496.929,,
3267.63,3114.29,3042,3000.71,3238.57,3210.71,2793.93,2897.14,2829.14,2829.14,3562.36,3383.14,3235.29,2862.07,2821.36,2957.93,3543.14,3760,3883.5,425.286,422.786,424.929,640.5,617.714,625.143,445.143,472.5,500.143,,
3268.88,3138.93,3030.43,3006.14,3248.71,3231.93,2800.86,2905.43,2809.07,2841.93,3561.64,3404.14,3243.79,2866.07,2846.43,2924.29,3571.36,3764.64,3870.14,428.5,419.143,425.5,643.143,631.714,616.714,452.143,480.714,506,,
3270.13,3151.64,3061.64,2999.29,3248.71,3248.21,2795.07,2908.29,2828.86,2840.07,3590.36,3409.79,3226.86,2870.29,2824.07,2951.64,3552.64,3767.86,3869,430.786,426.5,428.714,645.214,621.071,626.071,446.286,465.571,501.571,,
3271.38,3139.79,3053.14,3009,3258.07,3219.14,2800.86,2921.64,2834.79,2857.14,3565.57,3394.86,3231.71,2864.57,2839.21,2949.93,3581.21,3762.29,3880.86,424.929,425.643,432.071,653.5,624.714,618.643,438.357,472.714,500.143,,
3272.63,3151.07,3052.64,3010.43,3266.43,3248.86,2807.5,2902.57,2826.36,2848.36,3613,3398.43,3235.07,2884.21,2853.71,2946.71,3564.64,3777.21,3885.57,421.071,423.357,434.143,660.857,619.429,628.929,442.429,478.643,502.143,,
3273.88,3161.64,3033.79,3015,3251.86,3238.29,2811.21,2902.36,2833,2843.64,3599.79,3387.79,3222.5,2872.5,2833.14,2943.21,3576.14,3771.93,3902,441.357,419.214,426.357,648.286,621.857,618.571,445.857,470.643,506.929,,
3275.13,3158.57,3052.79,3015.07,3263.79,3229.43,2806.21,2909.14,2822,2850.86,3583.79,3405.57,3235.79,2893.07,2845.71,2967.36,3618.21,3767.43,3875.79,427.929,422,430.357,648.643,634.429,621.643,452.643,481.643,500.357,,
3276.38,3138.5,3064.5,3034.14,3269,3248.57,2802.5,2921.86,2845.64,2840.64,3587.57,3414.5,3210.14,2872.79,2853.29,2953.86,3571.64,3792.07,3884.07,434.214,423.357,429.857,645.786,629.786,623.429,449.643,472.143,501.643,,
3277.62,3145.07,3056.79,3021.64,3271.29,3244.71,2817.79,2914.57,2831.57,2846,3583.29,3423,3251.5,2880.43,2835.93,2970.43,3584.21,3775.07,3900.93,422.571,417.786,437.571,655.571,634.286,627.214,450.857,480.357,501.071,,
3278.87,3160.43,3055.14,3023.5,3251.93,3235.71,2810.71,2913.86,2851.29,2842.5,3573.93,3418.5,3223.71,2891.79,2842.93,2953,3593.79,3768.79,3924,426.286,420.857,424.429,649.143,638.429,626,451.857,472.429,509.5,,
3280.12,3145.36,3048.71,3008.79,3262.57,3229.14,2814.29,2916.43,2831.14,2842.93,3580.07,3426.79,3241.93,2883.5,2860.5,2971.07,3582.86,3800.5,3910.29,427.429,425.714,431.071,649.286,632.714,627.571,446.286,477.929,507.714,,
3281.37,3166.14,3055.14,2997.07,3263.43,3218.29,2817.5,2928.29,2827.64,2862.64,3596.71,3426.14,3234,2862.14,2860.93,2966.07,3582.93,3798.43,3904.21,425.643,427.714,428,653.857,627.5,620,451.357,468.5,507.286,,
3282.62,3147.43,3058.93,3016.21,3265.86,3238.29,2810.29,2911.29,2837.36,2848.21,3591,3411.21,3221.93,2886.14,2864.71,2981.07,3592.43,3802,3909.36,430,427.357,435.857,655.643,624.357,622.786,448.429,481.143,507.571,,
3283.86,3153.5,3053.36,3010.14,3284.5,3234.43,2822.21,2924.57,2838.71,2845.14,3600.5,3429.64,3232.71,2866.21,2865.36,2949.57,3600.86,3785.64,3915.5,430.714,423.357,433.429,646.643,624,628,450.929,480,505.571,,
3285.11,3139.43,3059.07,3037.14,3260,3249.43,2805.93,2932.29,2848.14,2850,3608.57,3432.36,3265.36,2906.71,2864.64,2994.5,3589.36,3811.29,3909.64,421.071,428.857,431.929,652.357,630.786,620.786,454.714,479.571,507.786,,
3286.36,3145.57,3053.29,3022.79,3273.21,3258.64,2815.14,2916,2833.71,2850.21,3612.64,3421.5,3269.5,2891.5,2856.21,2983.36,3616.07,3788,3900.5,426.357,425.429,434.214,651,629.643,628.143,443.357,479.929,494.357,,
3287.6,3166.71,3060.57,3016.64,3274.71,3250.79,2819.93,2917.43,2849,2862.5,3603.5,3424.21,3256.79,2901.71,2868.36,2994.43,3594.71,3812.71,3902.07,427.714,425.571,427.357,650.5,634.071,625.786,448.571,483.5,507.286,,
3288.85,3174.71,3075.86,3034.36,3284.64,3249.79,2819.79,2929.36,2839.14,2862.14,3625.64,3439.79,3253.43,2912.79,2869.64,2995.14,3588.64,3819.93,3914.07,433.143,430.143,427.857,650.143,630.714,630.286,453.643,482.071,514.571,,
3290.1,3157.57,3072.5,3034.79,3287.21,3258.43,2833.07,2921.07,2846.21,2870.07,3613.07,3426,3259.93,2913.93,2877.21,2972.64,3599.29,3801.29,3922.07,420.571,429.929,431.5,651.929,629.714,632.286,449.143,477.571,503.5,,
3291.34,3177.21,3077.29,3037.07,3276.57,3261.29,2823.64,2941.64,2860.07,2834.86,3631.71,3427,3251.86,2907.14,2882.29,2995.43,3608.57,3815.86,3912.21,428.929,432.143,431.071,656.857,631.5,627.643,457.357,481.071,505,,
3292.59,3147.57,3088.79,3038.07,3285.57,3269.14,2838.86,2953.36,2854.5,2844.93,3630.93,3452.57,3261.86,2900.07,2875.93,2983.36,3609.86,3806.64,3915.79,424.714,426.786,436.357,655.571,634.071,632.929,452.429,478.643,509.929,,
3293.83,3163.14,3063.64,3041.07,3283.43,3273.86,2847.57,2957.43,2863.5,2861.79,3618.36,3446.5,3283.43,2920.21,2871.43,3008.36,3610.79,3818.64,3941.5,430.214,429,430.857,653.357,641.357,630.5,457.429,476.786,512.929,,
3295.08,3166.64,3059.21,3041.57,3272.07,3252.14,2818,2953.86,2842.57,2866.21,3632.5,3451.57,3278.71,2913.29,2880.86,3004.43,3607.79,3825.14,3934.5,429.286,430.786,433.929,651.429,641.357,627.143,458.929,482,502.5,,
3296.32,3193.93,3066.29,3048.57,3289.21,3249,2832.93,2936.5,2855,2869.43,3627.64,3452.57,3242.29,2919.71,2892.64,2990.21,3601.29,3828.86,3922,431.643,424.214,431.571,670.286,638,628.214,455.786,482.929,512.5,,
3297.57,3168.57,3069.93,3042.86,3284.71,3245.5,2831.21,2930.93,2860.29,2856.86,3623.14,3444.14,3256.93,2923.79,2868.57,3008.64,3636.07,3820,3947.5,435.786,428.5,432.929,657.643,633.857,630.857,452.786,481.5,509.071,,
3298.81,3184.79,3066.71,3037.14,3281.5,3265.93,2810.36,2931.71,2850.14,2856.86,3621.93,3442.29,3246.71,2920.07,2911.07,3028.57,3627.86,3829.5,3971.43,435.5,430.571,435,659.714,636.357,627.714,449.857,476.929,505.5,,
3300.06,3182.79,3089.57,3039.93,3283.21,3259.79,2823.36,2923.64,2876.29,2875.5,3642.5,3453.64,3272,2913.36,2908.14,3024.29,3636,3799.64,3943.43,437.071,421.857,434.643,653.786,642.571,627.5,455.286,482.571,512,,
3301.3,3165.79,3067.79,3036.43,3286.21,3255.79,2827.29,2919.29,2855.5,2853.36,3618.64,3467.29,3251.5,2913.86,2891,3010.64,3644,3824.21,3932,435.571,428.143,439,655.5,637.286,636.571,455.929,483.357,510.214,,
3302.55,3186.64,3080.21,3004.93,3289.36,3254.5,2848.43,2940.14,2840.57,2866.64,3664.21,3468,3270.43,2935.71,2890.86,3013.93,3651.36,3861.14,3952.71,429.429,429.357,438.143,648.714,637.143,627.929,454.143,483.286,513.286,,
3303.79,3163.86,3074.86,3028.64,3272.5,3266.43,2843.93,2934.14,2855.14,2879.43,3652.64,3480.07,3266.29,2944.29,2892.07,3006.5,3633.29,3836.79,3914.79,436.786,429.714,437.214,653.714,635.143,632.071,462.071,484.143,514.429,,
3305.03,3175.93,3084.21,3026.43,3298.5,3271.5,2846.57,2933.29,2860.43,2875.79,3642.07,3479.5,3279,2935.29,2924.29,3035.21,3645.21,3852.79,3959.43,427.571,427.571,438.071,660.071,635.571,627.143,453.429,487.786,514.214,,
3306.28,3191.5,3094.71,3050.36,3305.64,3271,2857.79,2928.93,2876.36,2879.21,3660.29,3485.21,3277.64,2938.5,2902.79,3012,3629,3842.57,3957.71,434.5,428.143,433.357,661.143,637.643,638.786,454.143,480.5,523.786,,
3307.52,3182.64,3077.71,3047.14,3309.93,3283.29,2842.14,2955.5,2873.29,2876.86,3672.71,3492.21,3261.07,2929.5,2906.93,3030.79,3634.57,3825.43,3949.79,434.857,430.286,435,656,633.214,628.929,463.071,484.429,516.786,,
3308.76,3179.79,3091.07,3046.07,3294.29,3277.79,2861.86,2956.5,2858.64,2877.64,3684.57,3493.43,3286.79,2935.64,2933,3052.43,3631.21,3859.93,3965.07,430.714,433.857,437.071,658.429,635.214,637.357,455.5,491.643,513,,
3310.01,3186.79,3078.43,3067.93,3300.57,3278.79,2849.71,2970.79,2853.5,2889.07,3666.36,3497.29,3278.93,2968.5,2908.43,3030.64,3652.64,3841.64,3956.79,432,433.071,435.643,659.714,643.071,633.786,458.857,483.571,508.286,,
3311.25,3214.57,3090.43,3075,3307.21,3299.21,2864.93,2947.57,2873.93,2885.43,3681.07,3489.43,3316.36,2960.71,2912.71,3043.07,3642.29,3884.36,3995.36,434.143,433.357,442.786,658.357,638.429,642.357,458.357,479.143,514.357,,
3312.49,3196.79,3104.93,3042.79,3313,3282.21,2856.71,2973.93,2876.5,2904.36,3662.5,3471.43,3296.79,2939.21,2907.21,3036.21,3675,3846.5,3982.64,435.071,430.929,439.286,664.429,640.286,645.5,465.571,490.5,509.929,,
3313.73,3187.86,3111.29,3060.36,3314.43,3282.43,2865.86,2952.71,2892.71,2896.14,3685.93,3500.43,3293.14,2940.86,2925.71,3040.29,3653.43,3868.21,3985.29,441.286,433.286,441.714,673.786,642.714,638.786,460.071,487.929,514,,
3314.98,3180.14,3080,3034.57,3305.07,3276.43,2855.21,2963.43,2877.21,2875.57,3685.07,3495.5,3287.93,2940.29,2933,3060,3681.21,3857.21,4007.79,436,434.714,435.286,664.857,645.714,640.071,460.357,486.643,519.429,,
3316.22,3214.43,3091.57,3049.93,3307.43,3288.43,2853.5,2958.71,2889.71,2888.71,3677.07,3474.57,3292.14,2969.36,2936.93,3056.36,3681.71,3870.29,3989.64,441.786,432.071,441.857,667.429,641.429,635.643,469.214,492.643,515,,
3317.46,3199.36,3101.71,3049.36,3301.64,3284.21,2861.57,2952.79,2862,2878.07,3685.36,3489.57,3292.57,2937.64,2904.71,3065.43,3679.36,3875.93,3994.14,437.714,437.214,444.286,659.286,643.214,635.929,459.786,484.5,523.286,,
3318.7,3191.93,3098.57,3049.86,3317.21,3304.86,2842.14,2964.36,2888.43,2890.93,3686.07,3499.71,3297.07,2955.29,2924.21,3067.5,3680.93,3889.64,4008.21,444.214,441.143,439.071,668.071,645.786,638.714,460.571,497.429,523.286,,
3319.94,3176.5,3089.86,3056.93,3314.36,3271.86,2862.21,2965.36,2872.71,2890.79,3671.43,3493,3286.29,2951,2924.14,3047.43,3684.93,3894.14,4000.79,439.143,430.071,438.571,661.286,643.071,642.286,457.786,490.5,515.214,,
3321.18,3181,3088,3047.79,3289.21,3261.21,2848.14,2947.36,2863,2885.14,3691.14,3511.43,3288.86,2949.86,2962.71,3049.14,3682.71,3862.79,3993.21,438.286,434.357,445.429,657,647.286,646.071,468.643,480.143,516.929,,
3322.42,3184.71,3082.07,3054.86,3315,3297.29,2852.93,2955.79,2861.43,2895.57,3690.36,3519.36,3317.86,2967.71,2924.57,3059,3667.57,3896,3992.93,435.857,431.857,439.071,667.786,648.286,630.643,466.5,493.357,518.643,,
3323.66,3200.86,3101.43,3066,3308.71,3275.5,2869.86,2951.86,2863.93,2901.43,3696.86,3535.79,3301.64,2977.57,2938.93,3070.07,3691.5,3878.79,3986.93,444.071,438.429,443.429,668.857,653.857,637.214,462.357,493.286,524.214,,
3324.9,3195.79,3093,3055.93,3323.64,3268.29,2860.43,2957.79,2878.57,2880.14,3700.5,3517.93,3314.71,2970.36,2929.29,3042.43,3675.71,3896.86,4001.21,429.143,432.786,433.143,656.357,647.143,639.786,457.286,490.857,524.643,,
3326.14,3200,3096.14,3057.64,3319.21,3308.14,2859.14,2950.5,2879,2893.93,3702.07,3529.36,3297.36,2977.21,2950.93,3062.21,3675.93,3898.14,3997.93,434.286,439.071,437.643,660.429,647.857,639.357,463.5,496,521.357,,
3327.38,3195.57,3097.86,3067.64,3308.36,3293.07,2873,2965.79,2867.71,2894.14,3733.07,3534.14,3322.64,2996.43,2936.86,3078.64,3708.14,3886.21,4008.64,432.5,430.929,437.429,665,645.5,643.5,468.643,486.714,521.786,,
3328.62,3200.79,3099.29,3062.14,3303.57,3300.21,2862.79,2966.43,2893.29,2901.5,3712.64,3557.79,3311.43,2985.93,2945.36,3079.36,3672.5,3901.93,4002.93,436.571,432.929,439.071,666.071,657.786,642.643,466.286,487.429,517.429,,
3329.86,3206.86,3117.86,3060.07,3332,3307.5,2885.5,2958.07,2894.29,2896.93,3710.36,3553.93,3291.14,2988.14,2962.64,3093.79,3694.86,3901.79,4026.86,441.286,434.929,441.214,667.857,645.071,643.786,461.714,488.857,520.714,,
3331.1,3202.5,3113.21,3076.93,3315.71,3311.43,2879.86,2985.93,2908.21,2906.29,3724.29,3548.57,3321.79,2989.07,2965.71,3084.36,3724.14,3918.93,4048.43,436.357,434.929,438.571,668.071,656,643.071,467,493.929,516.571,,
3332.34,3211.86,3118.43,3072.14,3325.64,3300.93,2872.79,2977.43,2894.43,2901.07,3717.43,3526,3320.93,2973.14,2961.14,3081.93,3713.57,3906,4043.93,436.357,442.429,443.929,673.714,661.571,645.786,470.071,495.429,521.643,,
3333.58,3224.57,3113.21,3091.86,3317,3296.36,2879.43,2972.79,2896.14,2899.86,3716.5,3527.14,3318.5,3005.36,2962.36,3100.57,3694.64,3911.57,4030.36,442.429,443.571,446.214,674.714,655.857,649.857,476.5,483.786,528.429,,
3334.82,3207.64,3101.79,3057.71,3329.71,3291,2888.86,2965.71,2884.14,2892.93,3735.5,3516.71,3301.5,2999.71,2964,3106.71,3727.57,3910.71,4047.07,437.786,439.786,451,673.857,662.929,643.286,465.143,487.429,526.643,,
3336.06,3195.14,3112.57,3067.64,3334.57,3300.29,2861.79,2962.57,2889.5,2895.86,3716.57,3554.71,3298,2995.21,2974.86,3088,3712.93,3921.64,4043.29,443.5,440.214,446.643,672.571,653.429,648.786,465.929,487.929,522.286,,
3337.29,3201.57,3119.79,3055.79,3320.64,3312.43,2865.57,2991.5,2892.93,2909.86,3716.14,3553.86,3320.29,2992.57,2976.71,3102.14,3738.86,3921.36,4069.21,442.929,437.571,442.357,664.071,655.714,651.571,468.5,503.286,524.643,,
3338.53,3211.93,3097,3065.79,3316.79,3303.36,2865.71,2966,2900.93,2893.14,3737.14,3535.07,3303.29,3004.43,2978.57,3086.71,3737.57,3925.57,4032.71,445.929,444.857,456.857,668.643,657.857,643.929,470.857,497.643,529.857,,
3339.77,3205.36,3111.64,3068.79,3318.21,3284.29,2880.5,2963.79,2892.21,2890.57,3735.07,3562.93,3304.43,2997.21,2976.43,3092.29,3737.29,3941.57,4047.5,446.286,440.929,446,673.286,642.071,647.786,468.071,496.071,525.857,,
3341.01,3227.36,3086.5,3056,3324.86,3302.86,2892.64,2961.29,2892.71,2886.64,3757,3569.86,3323.93,3002.29,2974.71,3111.79,3732.07,3948.07,4045.86,438.643,439.143,450.786,670.071,652.786,642.357,471.786,496.786,529.286,,
3342.24,3208.07,3085.07,3072.07,3330.86,3295.21,2870.36,2967.86,2898.14,2895.07,3752.86,3560,3312.64,3025.21,2985,3116,3724.71,3941.86,4060.29,446.286,440,446.714,673.071,658.857,650,464.857,497.143,530.143,,
3343.48,3207.79,3128.71,3060.71,3349.79,3308,2901.64,2987.71,2903.29,2886.64,3762.5,3585.79,3306.79,3034.07,2980.79,3106,3757.71,3932.93,4062.64,443,441.786,447.571,662.357,662.786,647.714,465.929,496.643,529.214,,
3344.72,3215.21,3126.93,3078.07,3340.14,3314.36,2900.93,2971.86,2893.71,2913,3769.43,3574,3346.5,3028.14,2985.5,3111.64,3737.79,3947.14,4070.5,445.143,440.643,442.143,668.143,652.643,656.857,464.643,495.429,525,,
3345.95,3221.21,3115.14,3065.21,3334.5,3327.14,2899.93,2992.29,2896.43,2913.43,3777.07,3570.79,3342.57,3043.43,3005.36,3130.21,3734.93,3945.21,4086,439.071,443.214,446.429,671.071,653.928,658.643,469.786,499.714,528.714,,
3347.19,3220.07,3133.43,3066.64,3344.79,3312.43,2888.5,2971.93,2906.71,2908.64,3754.71,3583.64,3335.5,3033.36,3004,3141.36,3723.86,3957.86,4059.64,445.071,437.714,442.571,677.429,657.357,657.143,466.786,496.357,525,,
3348.43,3212.14,3139.64,3081.43,3354.36,3320.57,2920,2999.57,2908.79,2912.64,3776.36,3597.5,3334.43,3013.5,3005.5,3141.36,3750.5,3950.57,4092.71,438.286,439.143,442.857,675.286,656.714,647.643,463.643,500.214,524.714,,
3349.66,3221.29,3110.57,3077.93,3351.5,3311.14,2896.43,2972.79,2910.57,2907.36,3793.07,3588.14,3319.93,3044.36,3005.43,3139.07,3738.5,3966.71,4087.64,448.5,442.357,444.786,674.214,655.929,645.143,473.214,503.286,524.571,,
3350.9,3231.29,3137.93,3100.07,3347.71,3329.29,2898.07,2994.93,2917,2922.43,3804.07,3595.07,3356.07,3046.07,3011.07,3155.21,3768.07,3975.64,4080.36,439.571,442.071,443.071,690.214,657.286,655.643,466.786,506.571,527.571,,
3352.13,3240.57,3128.86,3087.5,3348.36,3330.43,2915.43,2975,2924.07,2919.29,3781.79,3616,3327.5,3045.71,3014.36,3152.64,3763,3986.86,4112.43,445.857,437.786,447.929,688.071,653.429,654.214,470.643,495,533.429,,
3353.37,3242.29,3115.79,3095.14,3332.21,3334.29,2916.64,2991.71,2913.21,2906.14,3797.86,3617.93,3341.21,3037.57,3035.36,3148.36,3767.79,3995.86,4102.21,448.786,446.571,455.714,680.357,660.214,652.286,470,502.357,540.714,,
3354.61,3253.29,3144.93,3100.43,3353,3317.21,2903.86,3017.14,2910.57,2915.36,3797.93,3615.79,3331.29,3042,3025.57,3162.07,3801.5,4007.86,4091.71,447.857,441.929,457.786,673.857,664.143,658.929,474.786,507.857,528.786,,
3355.84,3223.79,3147.57,3093.21,3363.64,3341.14,2907.57,2995.79,2917.64,2925.21,3801.21,3614.71,3327.14,3054.43,3045.71,3162.43,3790.36,3992.5,4146.64,447.929,445.357,445.214,683.643,663.5,659.143,476.643,506.286,531.643,,
3357.07,3218.79,3120.43,3084.64,3357.71,3316.64,2894.86,3003.36,2905.36,2917.07,3803.43,3636.43,3356.64,3074.93,3020.86,3175.21,3773,4007.29,4111.64,445.357,448.143,447,687.714,663.714,653,478.357,509.857,533,,
3358.31,3239.29,3124.36,3069.71,3355.5,3308.86,2915,2987.64,2910.79,2926.43,3808.29,3619.64,3362.64,3047.93,3047.07,3164.29,3784.5,4009.21,4132.71,450.643,443.357,450.143,675.857,663,656.786,476.857,498.214,535.214,,
3359.54,3223.64,3127.93,3077.86,3346.71,3322.93,2912.07,2977.21,2906.57,2920.21,3813.79,3626.71,3347.5,3071.71,3037.29,3169.5,3777.64,4005,4124.36,451.286,444.143,451,681.929,672.714,662.857,478.714,500.786,533.5,,
3360.78,3251.57,3137.29,3103.36,3354.5,3313,2909.57,2995.5,2908.71,2916,3836.64,3627.71,3356.07,3086.93,3054.93,3189.93,3804.07,4013.14,4137,454.786,440.643,456.857,673.286,660.5,656.143,473.143,513.357,535.357,,
3362.01,3249.64,3144.5,3093.79,3354.79,3321.5,2919.79,2983.5,2924.14,2931.86,3827.36,3644.86,3354.21,3061.64,3046.36,3184.07,3790.71,4002.57,4140.29,445.5,440.571,454.214,687.5,654.5,660.5,474.5,504.571,538,,
3363.25,3223.36,3143,3099.64,3371.86,3335.64,2918.07,3006.93,2927.29,2925.86,3827.71,3643.79,3363.43,3062.79,3051.43,3165.64,3793.93,3989.79,4113.5,445.5,447.714,452.857,681.5,653,658.143,469.429,500.214,534.929,,
3364.48,3232.71,3139.43,3098.14,3388.43,3358.43,2917.21,3007.43,2924.29,2926.36,3857.29,3661,3372.86,3081.07,3057.5,3184.07,3816.64,4032.07,4148.14,448.286,449.571,456.214,686.643,665,653,479.857,512.714,542.429,,
3365.71,3258.43,3131.29,3096.29,3384.21,3341.21,2939.43,3007.29,2929.79,2926.57,3849.64,3664.64,3370.36,3095.79,3058.57,3173.21,3816.93,4014.93,4178.64,456.929,447.571,443.786,684.643,664.286,657.571,474.5,500.214,536.714,,
3366.95,3253,3154.14,3116.29,3386.29,3349.29,2935.57,3012.71,2936.43,2945.79,3846.86,3640.21,3354,3112.79,3059.21,3211.14,3820.14,4033.14,4138.57,444.571,453.714,446.714,684.214,674.429,666.286,475.357,505.929,536.214,,
3368.18,3270.29,3155,3114.71,3390,3362.36,2950,3014.5,2933.36,2943.07,3865.64,3676.07,3369.5,3101.29,3072.36,3199.36,3831.14,4042.21,4158.86,449.071,437.286,455.643,692.643,663,659.286,475.929,512.5,529.071,,
3369.41,3266,3164.93,3125.43,3395.36,3356.86,2937.5,3025.5,2946.36,2944,3861.93,3694.21,3346.5,3102.64,3083.86,3234.21,3836.86,4085.43,4179.29,457.071,448.786,457.143,687.571,663.929,667.571,478.929,515.429,540.071,,
3370.64,3264.93,3143.36,3126.71,3394.21,3340.5,2957.07,3025.29,2928.36,2945.71,3855.5,3690.43,3360.64,3102.93,3086.36,3211.21,3843.07,4052.07,4162.64,448.786,450.714,456.714,693.643,670.571,669.786,481.214,514.786,537,,
3371.88,3257.64,3156.79,3120.79,3385.71,3347.86,2948.79,3015.93,2938.29,2947.14,3846.93,3675.21,3375.79,3114.86,3080.57,3218.93,3857.21,4059.64,4199.14,450.143,447.286,453.571,691.429,670.857,660.643,482.357,505.429,537.571,,
3373.11,3262.14,3166.71,3121.86,3387.07,3361.5,2935,3023.64,2953.43,2943.71,3849.21,3671.29,3383.43,3110.5,3090.29,3222.79,3828.79,4080.14,4176.93,446.786,459.714,457.643,698.857,675.357,669.071,479.857,514.5,542.357,,
3374.34,3288.43,3149,3127.5,3386.71,3358.07,2953.64,3032.71,2952.57,2937.86,3881.29,3687.21,3377.36,3118.71,3104.5,3226.86,3864.14,4090.79,4203.36,454.929,447.143,452.5,696.929,674.857,668.571,482.071,515.286,545.857,,
3375.57,3263.43,3167.71,3117.86,3377,3354.86,2941.07,3022.93,2936.14,2950.93,3879.79,3678.29,3376.36,3103.5,3096.07,3242.93,3866.57,4092.93,4208,454.214,455.214,452.571,695.714,683.929,662.286,478.929,510.071,549.143,,
3376.8,3275.86,3150.43,3124.36,3382.5,3366.86,2944.5,3029.21,2932.21,2948.14,3877.79,3700.29,3389.57,3129,3104.07,3241.07,3859.86,4096.36,4208,452.929,448.214,450.5,696.214,678.357,666.429,481.929,516.143,545.357,,
3378.03,3278.79,3170.79,3122.86,3407.43,3365,2944.64,3022.64,2951.5,2946.93,3907.71,3712.14,3387.07,3139.5,3103.93,3234.57,3873.64,4083.86,4200.36,454.714,452.143,465.071,696,678.214,676.643,489.643,511.214,532.571,,
3379.26,3266.43,3163.36,3121.43,3402.86,3371.43,2935.64,3013.5,2932.14,2943.93,3905.71,3709.93,3407.5,3143.14,3109.79,3267.14,3875.71,4077.21,4228.86,456,448.357,459.286,699.786,675.286,668.714,483.714,519.143,538.286,,
3380.5,3276.36,3165,3111,3401.93,3367.64,2965.21,3026.93,2939.5,2952.57,3902.64,3715.43,3396.21,3140.21,3108.79,3250.86,3861.86,4091.07,4215.29,466.357,451.286,452.929,696.5,671.429,673.857,484.643,512,543.143,,
3381.73,3272.79,3171.71,3118.86,3406.36,3361.57,2958,3034.36,2969.86,2955.36,3896.71,3729.79,3393.14,3132.71,3125.57,3250.86,3877.86,4114.79,4195.5,448.714,450.857,460.929,692.857,671.071,667.357,480.643,509.929,539.429,,
3382.96,3283.36,3159.64,3109.29,3405.5,3361,2967.64,3031,2956,2965.64,3924.86,3717.86,3410.21,3135.93,3123.07,3267.79,3857.5,4099.57,4246,451.643,449.071,460.071,695.786,679.357,666.214,482.571,516.071,549.214,,
3384.19,3285.64,3157.64,3133,3415.29,3394.36,2962.5,3051.36,2965.07,2949.14,3935.79,3728.79,3406.79,3151.21,3136.21,3262.5,3893,4098.5,4245.71,454.286,452.5,456.286,699.214,678.5,671.714,484.143,516,543.714,,
3385.42,3294.5,3193.14,3145.86,3437.29,3382.79,2960,3041.64,2978.79,2963.36,3927.43,3749.57,3423.71,3145.57,3144.79,3264.21,3891.21,4120.93,4233.21,457.214,456,459.929,701.071,672.429,671.5,481,518.929,539.714,,
3386.65,3295.36,3203.21,3144.5,3427,3381.07,2983.21,3049.79,2976.71,2969.5,3933.93,3743.79,3409.5,3146.21,3141.64,3276.21,3909.07,4122.29,4245,462.357,457.857,457.286,705.071,674.643,677.286,480.429,507,547.786,,
3387.87,3291,3174.57,3151.14,3406.93,3408.71,2982.21,3042.93,2981.43,2964.14,3944.79,3764.79,3407.07,3159.5,3144.43,3285.14,3910.93,4127.64,4271.21,458.286,457.857,450.857,703.143,677.143,673.714,489,514.429,544.429,,
3389.1,3296.36,3185.93,3170.93,3409.36,3397.64,2979.86,3054.14,2959.93,2987.07,3952.21,3788.57,3407.93,3152.07,3161.64,3296.07,3919.5,4130.57,4249.71,461.929,460.143,458.5,701.071,678.786,675.429,490.643,514.714,542.643,,
3390.33,3296.57,3183,3149.36,3435.43,3370.21,2966.36,3054.29,2974.07,2983.29,3953.29,3766.93,3421.21,3173.14,3157.64,3297.36,3929.07,4152.07,4279.21,455.429,456.857,460.714,705,687.286,668,485.786,522.714,547.143,,
3391.56,3293.43,3180.5,3161.71,3434.36,3390.71,2989,3053,2977.43,2975.57,3940.57,3780.71,3405.14,3175.43,3143.43,3315.43,3908.71,4151.93,4280.57,468,463.5,465.857,699.357,684.5,679.5,490.357,524.571,546.429,,
3392.79,3287.5,3195.43,3151.29,3429.79,3402.36,3006.43,3048.36,2968.43,2966.43,3940.5,3743.93,3423.5,3183.86,3153.93,3318.07,3919.86,4146.79,4276.14,460.786,452.786,459.286,704.286,684.214,683.714,489.857,519.929,547.357,,
3394.02,3296.14,3174.07,3164.21,3408.71,3402.36,2973.64,3063.86,2980,2983.36,3925.57,3749.71,3422.43,3188.36,3162,3297.71,3929.86,4144.43,4277.43,456.786,461.571,465.714,697.286,685.143,687.786,487.571,520.5,544.214,,
3395.25,3302.79,3178.07,3158.86,3430.86,3386.64,2963.86,3058.14,2974.93,2981.64,3950.86,3765.64,3411.43,3188.64,3171.29,3291,3934,4156.29,4275.64,462.429,460.571,456,700,686.714,673.429,495.643,523.857,548,,
3396.48,3298.14,3195.93,3143.36,3415.79,3388.57,2993.43,3055.79,2976.21,2985.57,3968.14,3775.71,3444.57,3175.43,3176.14,3304.21,3925.79,4167.64,4301.79,464,460.571,462.286,705.643,690.357,679.786,496.286,518.5,553.5,,
3397.7,3296.43,3187.64,3171.71,3431,3401.43,2987.71,3051.5,2980.5,2971.57,3981.5,3778.21,3407.57,3186.64,3175.93,3297.36,3926.79,4146.21,4301.86,459.786,455.929,471,699.286,685.857,677.143,486.214,522.643,553.857,,
3398.93,3321.43,3201.64,3163.21,3434.71,3399.36,2997,3050.79,2986.5,2982.29,3981.71,3767.14,3440.79,3202.14,3144.07,3303.5,3947.29,4163.57,4290.43,466.214,453.286,458.643,707.214,687.786,682.714,491,524.714,558.714,,